source_loc,source_complexity,source_out_degree,source_pagerank,source_betweenness,source_is_entry,target_loc,target_complexity,target_in_degree,target_out_degree,target_pagerank,target_betweenness,target_is_test,dependency_distance,direct_dependency,shared_dependencies_count,shared_dependents_count,same_module,affected
47.54144719814873,7.8873793222045805,3,0.0012083407573518687,0.00022947641447923592,0.0,46.50356531676157,9.61372233179981,4,4,0.004981236252676886,0.001727110392362713,0.0,3.0,0.0,0.0,0.0,0.0,1
250.8097144734017,6.193710923761968,1,0.0017823002574985415,0.0012888280354783994,0.0,16.877450072923736,1.9352213122891944,3,2,0.011513307421668471,0.0013448582775967537,1.0,4.0,0.0,0.0,0.0,0.0,1
115.33965548363595,8.543903236151614,3,0.00398055080987285,0.0009437137055954223,0.0,71.8926983376602,3.3492964028440833,4,4,0.006066753515905408,4.090250718789693e-05,0.0,1.0,1.0,5.0,2.0,0.0,1
83.03540430207626,5.054403620123017,3,0.005653127283431098,0.0004211583251604332,0.0,357.98376737449075,2.9219197581744143,0,1,0.0038372627285317576,0.0019792852164076174,0.0,1.0,1.0,3.0,1.0,0.0,1
23.569989636987703,3.467884920263619,1,0.002821136178487901,0.0014204280067617193,0.0,36.913868663499,9.379050468375175,1,3,0.007769061405542415,0.0008509776571679807,0.0,2.0,0.0,5.0,3.0,0.0,1
23.567703353168415,4.71743675395839,5,0.006569746868574844,0.0004840651159760392,0.0,11.342337638250518,4.134984971398677,2,1,0.007241795343352527,0.00035643425624854754,0.0,99.0,0.0,0.0,0.0,0.0,0
14.787101488694454,2.319328054003855,6,0.0016444676088287176,0.0010042066630637837,0.0,27.934786340250234,9.603991796893606,3,2,0.005065229913923666,0.0015772461545705203,0.0,3.0,0.0,0.0,0.0,0.0,1
170.89846915839516,1.918555340677739,0,0.011099564332093588,0.0002137697042118959,0.0,138.26390069729422,5.425582519820228,2,6,0.0069450016030178216,0.0008546594592039485,0.0,1.0,1.0,1.0,3.0,0.0,1
83.52657229018116,2.9582670358563425,2,0.009734942312686384,0.00020318555305350578,0.0,92.08480521482599,5.799816567731289,9,2,0.03142295701727654,0.0004480570218598251,0.0,2.0,0.0,4.0,2.0,1.0,1
108.50000493636722,10.06862281512198,5,0.013101477900638318,0.0006371933277674356,1.0,20.85447111450358,3.591803901048415,2,6,0.00020535522330896816,0.0008786333030497118,1.0,4.0,0.0,0.0,0.0,0.0,0
11.66394463993109,3.1324629206549224,3,0.004674974826687901,0.0013811404583904344,0.0,189.22569321473424,4.771763100104215,3,7,0.006611960930366455,0.0018543031817364057,1.0,99.0,0.0,0.0,0.0,0.0,0
290.28459801266496,1.5827628511006577,5,0.0030419708049604093,0.0007060752771777779,0.0,63.401503323569415,4.546181783111789,6,4,0.002129086685091364,0.0008781234492848702,0.0,4.0,0.0,0.0,0.0,0.0,1
152.914363468374,3.946791393966711,2,0.011347638589711979,0.0039041895361447056,1.0,16.038932918321315,4.837419310049903,7,4,0.001884955071967634,0.0005199261969151926,0.0,1.0,1.0,0.0,2.0,1.0,1
29.095010019915758,3.108616977340875,6,0.008157052286609274,0.00017543345385365454,0.0,55.96310216389875,1.4225306014977162,3,1,0.010054408166353756,0.0007749975880405617,1.0,99.0,0.0,0.0,0.0,0.0,0
26.054319099973068,8.130882360140575,4,0.007772076804046381,0.001586269552565649,1.0,41.00967664195336,8.380149814592812,4,3,0.0035311997402372713,0.00013510623380766622,0.0,1.0,1.0,5.0,2.0,1.0,1
26.208913826580563,9.64648893795019,2,0.0025727024820508503,0.001378905794200795,0.0,107.78721514552579,4.925079690113664,5,3,8.13621416445376e-05,0.0001494282263557017,0.0,2.0,0.0,2.0,2.0,0.0,1
39.02029835683817,3.3756842047166122,4,0.00045179246997369626,0.0015839471876420914,0.0,30.310308042633967,3.345479265594518,1,4,0.001636991980969773,0.00029734261616410967,0.0,2.0,0.0,0.0,0.0,0.0,1
69.51422646886836,5.051550407992279,6,0.0053385948163144695,0.0004006247662224113,0.0,129.75608692487668,5.91017483876152,1,5,0.0038918880844645756,0.003551677704721345,1.0,99.0,0.0,0.0,0.0,0.0,0
55.242965342426935,5.302114614166582,5,0.0006811615958179978,0.0016980238531103921,1.0,105.26934857671047,3.434166711005269,3,3,7.132629032533528e-05,0.000773311750129967,0.0,1.0,1.0,2.0,3.0,0.0,1
37.53783940431532,4.209284928205047,5,0.009743673757259591,0.0006677423674336623,0.0,72.36264140923234,6.591463838068667,1,4,0.0014447101698316308,0.0005976498209427955,0.0,2.0,0.0,2.0,1.0,1.0,1
85.7096699119839,3.773129139078611,6,0.0037482658624785367,0.0013592282624212276,0.0,22.953483788621316,2.705490232143971,3,10,0.006464788316382084,0.0018144761237053903,0.0,2.0,0.0,1.0,2.0,1.0,1
22.01876229818709,2.4711461095080134,4,0.0009938314224668902,0.0005172140910745946,0.0,216.0562738209132,8.570091399614181,3,4,0.0025201132606160613,3.451683846457369e-05,0.0,2.0,0.0,1.0,0.0,0.0,1
37.64124096019218,1.4777180385964779,8,0.009123255227841553,0.0009857873901467915,1.0,52.73296195732134,4.12142904706112,3,2,0.0011955348107519819,0.00012209476979026262,0.0,99.0,0.0,0.0,0.0,0.0,0
46.50217745766776,2.463261003241633,0,0.008429525097290818,0.0014123152499648818,0.0,147.84186579927808,8.516670968046162,1,2,0.0006487579623866729,3.125611974856917e-05,0.0,3.0,0.0,0.0,0.0,0.0,1
58.714775028782,4.122505355083241,2,0.014435107271001647,0.000704115006837597,0.0,19.5801081020795,10.486244952206915,4,1,0.006539018452978124,0.002156155420605411,0.0,1.0,1.0,2.0,1.0,1.0,1
133.03488088247295,1.8165521038748205,1,0.004393417010809075,0.0016255246433547585,0.0,250.82278003135144,2.9181717695841627,3,0,0.002794594011575957,0.0004926169470527009,1.0,99.0,0.0,0.0,0.0,0.0,0
27.818868970295224,4.897646005453357,1,0.006712526538359954,0.000605832553416829,0.0,106.5884881779123,1.1558844033950137,2,3,0.009765091728181175,0.0020160521191716694,0.0,3.0,0.0,0.0,0.0,0.0,1
67.76233240265022,4.515604532354284,6,0.008529147515314328,0.002871915538808481,0.0,183.8232959477178,1.1034125351917883,0,2,0.006029437165255072,0.00019582549245703357,0.0,1.0,1.0,2.0,2.0,0.0,1
81.80037770478084,3.1116764746424956,8,0.0017271318149575127,0.001246784043545615,0.0,19.32328544703028,1.9533072503743,2,4,0.009612041553783892,0.002209515067947754,0.0,99.0,0.0,0.0,0.0,0.0,0
13.805107980512684,3.679970261892569,3,0.003116112088312327,0.0005557446112963968,0.0,38.79644653751708,1.8153743454681577,2,3,0.0032688587340498985,0.0016376202973292322,0.0,1.0,1.0,2.0,2.0,1.0,1
84.82664165196881,1.977833280729296,3,0.006971166670330125,0.0005235372150291561,0.0,11.164099377757744,2.8932428494847726,3,5,0.0008186002255998019,0.0012049163438871847,0.0,3.0,0.0,0.0,0.0,0.0,1
24.956900158193314,6.967439820472345,8,0.0032578979163941004,0.0005520048738338737,0.0,13.838322209795917,6.480318369732268,1,2,0.002693652738385207,7.268679650202815e-05,1.0,3.0,0.0,0.0,0.0,0.0,0
15.38111447034434,6.897910573692637,4,0.0028876219294044904,0.004197649641321443,0.0,25.04104287605327,3.155001567585672,2,9,0.0003013179953152136,0.0015585381421272084,0.0,3.0,0.0,0.0,0.0,0.0,1
247.89502348055447,2.160666695545185,3,0.01058000858748549,0.00021975923034951123,0.0,186.72714685515976,4.530601095003522,4,6,0.00860522883445703,0.0002795113857313332,0.0,99.0,0.0,0.0,0.0,0.0,0
279.6504273968938,2.1938443027955343,9,0.00478080463125903,0.0003320294320913082,0.0,71.01131442276863,5.558432406339395,2,4,0.0004589925055292088,0.000841220259117407,0.0,1.0,1.0,2.0,2.0,0.0,1
142.18652582503015,2.481242493814838,2,0.003025091758599757,0.0007336876213943792,0.0,27.667988403748954,5.246789230381368,2,3,0.010925159912154548,0.001382211109520675,0.0,3.0,0.0,0.0,0.0,0.0,1
39.063028797500664,5.969612937711723,5,0.00188117840839368,0.0016680952020342536,0.0,190.49933934583615,1.903538140210101,5,2,0.0008009279470565784,0.0003295059195040724,0.0,3.0,0.0,0.0,0.0,0.0,1
18.2221852002005,5.292331829579904,5,0.002788731722106088,0.0006839992540686176,0.0,85.76246778346271,2.170986659760623,3,3,0.0007142860878650618,0.0003494496114777708,0.0,2.0,0.0,1.0,2.0,1.0,1
102.22006104789294,7.834659537933149,4,0.0013273169611306328,0.0007971621510980113,0.0,147.4958088348511,2.3915275083856686,4,2,0.005387674136070473,0.0017344047653684806,0.0,3.0,0.0,0.0,0.0,0.0,1
56.40726740683186,8.356962231101129,3,0.0020330576430884865,9.298354406481193e-05,0.0,162.21949965424162,2.296240404316726,1,2,0.013223893636245078,0.001364541101758705,1.0,3.0,0.0,0.0,0.0,0.0,1
20.41217871635589,1.7369422523438827,6,0.004229573664493034,0.0005791431682911399,0.0,88.36268663840254,3.9489284299371024,7,3,0.0007413529184489952,0.00012635475835578793,0.0,4.0,0.0,0.0,0.0,0.0,1
64.68377825073202,5.845241979680965,3,0.0007890967425065493,0.0003128563687270975,1.0,21.714098141840175,2.3817860210009982,4,4,0.0027797044014343675,0.0009451751915672774,0.0,1.0,1.0,2.0,1.0,1.0,1
12.799497715478328,8.160736493350658,2,0.0068558089406449176,0.0005267842912639258,0.0,345.84419707397456,3.175185314584803,1,3,0.005545170166416265,0.0002062612783991251,0.0,1.0,1.0,2.0,1.0,1.0,1
202.0338309914419,3.543015343029592,1,0.019540264445696315,0.0001703668340026668,0.0,28.590630502106734,4.21013773298781,6,3,0.0022886668144951384,0.0007363805483476595,1.0,99.0,0.0,0.0,0.0,0.0,0
33.95662214725489,4.2728909941981,2,0.007250945706331408,0.0008518567760547368,0.0,71.83069806678165,1.2244955533082216,4,0,0.002148347173644112,0.000844368118324396,0.0,2.0,0.0,2.0,0.0,0.0,1
96.90046388519843,3.9031147305182743,1,0.006944183468058387,0.0005721772369966193,0.0,116.78696169090946,2.582419111469761,3,4,0.004198592413152034,9.676352047479215e-05,0.0,4.0,0.0,0.0,0.0,0.0,1
39.88372653260989,4.0052655222766385,3,0.003914197491997033,0.003444139793452387,0.0,16.553295976600815,2.3487111399127176,4,4,8.005693965799145e-05,0.0012677554502978474,0.0,2.0,0.0,1.0,0.0,0.0,1
68.7288716727383,6.95342179866024,8,0.002301475850730894,0.003922794053855098,0.0,61.349259380185714,3.5889681137699334,4,2,0.0011825366992619475,0.001244181280684763,0.0,1.0,1.0,1.0,1.0,0.0,1
73.2979038385438,11.198723851314876,1,0.0025730957155485675,0.00010786256104097765,0.0,33.21680663290288,3.9765970668044126,5,4,0.0008909476880218166,0.000883513910750876,0.0,1.0,1.0,5.0,3.0,0.0,1
26.35108796063246,9.323778786984345,4,0.0018022927360224561,4.7841550993421656e-05,0.0,21.80578059027026,6.733405461777849,3,4,0.0006592013557902398,0.0012887033535384047,0.0,1.0,1.0,1.0,1.0,0.0,1
289.4245706188981,3.196012838344628,8,0.016353519814011567,0.0006241847741405532,0.0,5.7104989491477856,6.023425428598676,2,2,0.0026328219121589808,0.0006387128002940793,0.0,99.0,0.0,0.0,0.0,0.0,0
129.37963017105125,5.060987665009615,3,0.0018314050410100258,0.0013517553334387407,0.0,128.33134454060985,2.693411318207059,3,2,0.0056434419836766635,1.3115683191865474e-05,0.0,1.0,1.0,1.0,3.0,1.0,1
234.40755354332657,2.6915599421057843,3,0.004479256030443489,0.002153686308271782,0.0,13.762725287486235,3.0275308989806073,4,2,0.006949939889643111,0.00013258928987915566,0.0,99.0,0.0,0.0,0.0,0.0,0
190.17215980273573,2.8493685556697868,7,0.0165113944177468,6.963646146035067e-05,0.0,131.28170174881544,3.165314679287545,2,4,0.01794778033197676,0.0006588188371324182,0.0,3.0,0.0,0.0,0.0,0.0,1
82.884352990662,4.1628709542068165,4,0.005329635325769058,0.0005953990399558328,0.0,60.08112326053547,5.490826089445727,7,3,0.0017703963314489952,0.0019032452166001903,0.0,2.0,0.0,2.0,1.0,1.0,1
213.9548303415524,2.805750641623855,2,0.007830011805614134,0.00048005527611567406,0.0,63.221939988665575,7.1817653089189255,2,4,0.010443514045606832,0.0008381771561876659,0.0,3.0,0.0,0.0,0.0,0.0,1
17.41243671624925,3.0487520179707985,1,0.006782195550381655,7.75624242345947e-05,0.0,110.8434501210822,4.791286928810663,4,3,0.0006175070707976687,0.00040900370096651103,0.0,99.0,0.0,0.0,0.0,0.0,0
27.450775570501396,4.990470069651634,7,0.00400711933938703,0.001165693990478027,0.0,47.73260124695756,4.029135137738468,3,5,0.003549110167072825,0.0006120923722186071,0.0,3.0,0.0,0.0,0.0,0.0,1
13.702557254946557,5.797130195892016,5,0.00022916585934176353,0.000794089971260332,0.0,31.52319295396671,1.6492904725577708,0,3,0.003920716282485351,0.002042247691779008,0.0,4.0,0.0,0.0,0.0,0.0,0
41.48256694424695,5.706595619004772,2,0.0044797928020505065,0.00046436214342578824,0.0,13.96617648660296,3.4401090859497807,4,4,0.0033457211839084872,0.001043419560046245,1.0,2.0,0.0,4.0,4.0,1.0,1
49.37042334353749,5.739972583006761,6,0.0021525104854780977,0.0005055976460259639,0.0,55.69619239913016,5.873085152291963,2,1,0.00404280455034416,0.00018234510087216144,0.0,3.0,0.0,0.0,0.0,0.0,1
35.324835456706055,2.0501283603349716,3,0.018637400745898605,8.502438049297014e-05,0.0,53.33422864263484,3.4970902439277887,2,2,0.0016086238334222878,0.0031778069294988542,0.0,99.0,0.0,0.0,0.0,0.0,0
151.16462921927473,2.725425380612644,3,0.006333076226756925,0.00046365907872017567,0.0,25.879605882129,3.4337492153390787,1,1,0.005530170759211616,0.0002630055331206962,0.0,3.0,0.0,0.0,0.0,0.0,1
45.29815996238961,4.432251055819005,1,0.0029666766907941455,0.00023416472507161638,0.0,59.98598336812852,1.685683867677346,2,6,0.0004785620713513416,0.0001900507618755159,0.0,3.0,0.0,0.0,0.0,0.0,1
36.38422721073994,7.942150475902288,5,0.0013190585536894484,0.0013837742846202566,0.0,39.721314385082955,7.455734727318923,3,4,0.0039086860270936405,0.00117132272917705,0.0,99.0,0.0,0.0,0.0,0.0,0
72.59256665661968,14.91999163359917,3,0.0022131064680903233,0.00024282116629359662,0.0,103.24868965499802,1.7585464508320612,1,1,0.0012174812632259318,0.00040012318510800114,1.0,2.0,0.0,1.0,0.0,0.0,1
22.151851825650308,5.180935840343829,4,0.001214214402760896,0.0009999159120882065,0.0,54.18881821261326,7.607175989908081,1,0,0.0155252415188924,6.376202596349591e-05,0.0,2.0,0.0,4.0,1.0,0.0,1
139.6386876619785,6.565057122303549,4,0.0011216326989763514,0.0006358520595251662,0.0,167.7945471646029,4.018663525724762,4,5,0.00029892420552174513,0.00318422656056456,0.0,4.0,0.0,0.0,0.0,0.0,1
16.198069504904723,1.9340191777603857,7,0.0009067746854335289,0.0020612353469399484,0.0,48.786549815296326,8.86963257750389,3,2,0.003166771061737942,0.0007138884125249748,0.0,1.0,1.0,2.0,1.0,1.0,1
356.7317071669856,6.461621573413316,4,0.00404226952930004,0.00017128810129279527,0.0,136.0856185097421,5.54652031738777,4,2,0.0003945202375366955,6.947087668639955e-05,0.0,1.0,1.0,2.0,4.0,1.0,1
128.3587020993209,12.578616911752613,3,0.0014590911273531138,0.00016665466022186995,0.0,49.103828690329244,5.952284811484888,2,4,0.02052767405406299,3.7738921200525e-05,0.0,3.0,0.0,0.0,0.0,0.0,1
27.723155240470877,2.719821088720788,2,0.008533206277801436,0.0007545698266172543,0.0,53.991448476345035,3.2559305901706392,2,4,0.005295550552198973,0.0008105571883486776,0.0,1.0,1.0,1.0,1.0,0.0,1
10.442993630074838,3.1062017949991323,2,0.006503186567877909,0.001422407400543443,0.0,32.41889468701333,3.5575825768334095,4,2,0.0027723568428176804,0.00146055094673691,0.0,2.0,0.0,1.0,1.0,0.0,1
145.19174219889007,7.0818168197687905,2,0.010862012663860523,0.001315052660356251,0.0,35.66645215602574,3.2707850654352733,1,3,0.0062734545257957935,0.0019157364294960751,1.0,99.0,0.0,0.0,0.0,0.0,0
108.16767259096358,4.399316606860527,4,0.0011278797547302642,0.00017042391637879758,0.0,167.27471261952738,2.339168970949408,4,5,0.005001331669996992,0.0002811347980878904,0.0,2.0,0.0,5.0,2.0,0.0,1
114.45303270303992,1.4276175331148784,4,0.004019226449541767,4.871118169455809e-05,0.0,20.160706783488486,4.037821245753151,3,1,0.004773224747386223,0.0002310146393594509,0.0,4.0,0.0,0.0,0.0,0.0,1
128.01716208348108,3.215328796117812,4,0.0016523218766397525,0.0009339447993109324,0.0,12.769474815627646,2.1125109023829944,3,3,0.004100231247309439,0.002277062772111008,0.0,2.0,0.0,1.0,3.0,0.0,1
16.154341241103708,9.622785427552934,4,0.010706722458955552,0.0014022361569760852,0.0,111.39189619129935,2.636432716665883,1,7,0.001954420445606747,6.746779397707295e-05,0.0,1.0,1.0,4.0,0.0,0.0,1
45.5114137932986,3.6636887475333335,5,0.000436943723719679,0.0009560519335262239,0.0,56.610334811559106,2.598548771865466,3,1,0.00015244522698669248,0.0011487531754777514,0.0,1.0,1.0,5.0,1.0,1.0,1
19.852008368355975,3.6619165344799858,3,0.007521468584937994,0.0013898503320687952,0.0,25.098775484996086,2.719117274287127,2,5,0.001830047555194966,0.00017526995618119515,0.0,2.0,0.0,2.0,1.0,0.0,1
169.08236573265782,6.81885261456666,3,0.022820729341266235,0.002244301046287729,0.0,38.98032330821637,2.40314587848965,2,2,0.0019532565987307473,3.32046508040166e-05,0.0,2.0,0.0,0.0,1.0,0.0,1
88.10409533698993,5.29068810976069,1,0.006992861901682299,0.00042276262205496085,0.0,49.65445833651814,1.5950848538019655,4,0,0.015319374923899037,4.536002554122552e-05,0.0,2.0,0.0,1.0,2.0,1.0,1
42.14550410010408,3.5489889965012797,6,0.009508674810888343,0.001272575911114838,0.0,58.80991582611674,2.0742884774186376,4,1,0.003167763845087405,0.0018559910919965913,0.0,3.0,0.0,0.0,0.0,0.0,1
15.25344526438263,2.98926669554623,6,0.009080747368812944,0.0002438511468339529,0.0,108.23927348739551,4.5787345040091365,4,3,0.0032514764504618164,0.003147464157191756,0.0,99.0,0.0,0.0,0.0,0.0,0
39.7990680328283,19.217629057228912,5,0.0021811421596667204,0.0016086963347757375,1.0,35.08741162596225,2.9483482086693336,3,2,0.0009059806942189581,0.003539102754340459,0.0,2.0,0.0,1.0,1.0,0.0,1
41.465137054730505,8.690540971596647,4,0.0015766570121209748,0.002005572749951372,0.0,72.71394731973432,3.1372645719623,4,3,0.0011092605926483075,0.0012643106681279905,0.0,99.0,0.0,0.0,0.0,0.0,0
114.63006271661926,5.738722546508249,3,0.00832300335646921,0.0009359572054502858,0.0,113.0239112716387,7.21707270099224,6,4,0.007131547414397002,0.0013715215885563095,0.0,99.0,0.0,0.0,0.0,0.0,0
91.19114871408159,5.955435274641418,2,0.00032313784850562116,0.000766177060088228,0.0,116.38688718595202,9.448310196306183,2,2,0.003218573045142963,0.00037048396811293006,0.0,99.0,0.0,0.0,0.0,0.0,0
184.58015299212119,4.019791049399988,3,0.005060903530169908,0.0007742346849802293,0.0,22.601505553286174,7.993658676862265,2,2,0.005006746471742832,0.0012132808855408427,0.0,3.0,0.0,0.0,0.0,0.0,1
61.12529067010478,5.253607095035651,4,0.006135408590867452,0.0006357688537606623,1.0,30.862950407544044,7.611430444322123,4,2,0.0027807169819646523,0.0005396874120687849,0.0,2.0,0.0,3.0,3.0,1.0,1
20.18979148924015,3.774502195870826,4,0.006361726211579939,0.0019520024023763757,0.0,59.218173477161024,5.380783058332112,4,0,0.008028530444488575,0.0005920219268960721,0.0,4.0,0.0,0.0,0.0,0.0,1
109.93010754532796,2.582861138883663,4,0.001440059572791379,0.0029249418931348646,0.0,135.17373518427854,6.499475403267253,1,3,0.012066385497302448,0.0008308413260208798,0.0,2.0,0.0,3.0,1.0,0.0,1
124.43142024614913,5.375042832567354,8,0.006819791001286351,0.0002662155321979597,0.0,98.76645379804788,6.785883082156322,1,4,0.005227514478799586,0.000633010858544988,0.0,99.0,0.0,0.0,0.0,0.0,0
75.91099959086631,3.5875686847913544,3,0.004006175638333209,0.0010368094520246116,0.0,57.618850604550865,6.969100314025346,3,6,0.0010384883710769963,0.00026044311812946933,0.0,1.0,1.0,0.0,0.0,0.0,1
127.91119733770915,5.539919420466623,4,0.016672659244267016,0.0009269552860746366,0.0,252.1193318608479,2.0408070421369464,2,6,0.0008980187663316411,0.001661500477906262,0.0,3.0,0.0,0.0,0.0,0.0,1
64.46517852082223,6.158549516961956,3,0.000973043452678006,0.0002617329015231607,0.0,39.68069658604706,3.2897569495612835,8,5,0.001440649341829086,0.0005146720710095305,0.0,2.0,0.0,2.0,0.0,0.0,1
69.17430710218136,5.7118939437695495,5,0.012681120899533715,0.0014215675075229886,0.0,115.88096217283045,3.94329287820973,3,4,0.000305788506180732,0.00017161967364190937,0.0,3.0,0.0,0.0,0.0,0.0,1
54.62513551267419,2.4679335286188273,6,0.003130146583976823,0.0012845216175210146,0.0,107.36366261799296,1.7655763887122708,3,3,0.0030733308099991953,0.00042287499945672816,1.0,1.0,1.0,3.0,5.0,0.0,1
12.0598219192091,3.3676553603206085,7,0.00274285677993954,0.0017354102916772704,0.0,148.18299319180187,1.560318328550105,3,4,0.003589908103159378,0.00019418993361189859,1.0,99.0,0.0,0.0,0.0,0.0,0
19.133394815349266,3.6279921245333133,7,0.0018065569748882558,0.00012582696025857548,0.0,268.7838685465421,4.227170749683918,2,3,0.006251252332670757,0.004061753109066717,0.0,4.0,0.0,0.0,0.0,0.0,1
12.554694503444306,7.54100810571754,3,0.018613664659473405,0.0001422027527376222,1.0,46.0746440838713,2.225345303804178,5,4,0.02022642835951983,0.0003539764892477571,0.0,2.0,0.0,2.0,1.0,0.0,1
90.93836407420396,7.311599283727383,3,0.00382074867515979,0.0008104393684746852,0.0,18.061728795336986,4.603022307025345,2,2,0.0003457488118844619,0.00037506213210547327,0.0,99.0,0.0,0.0,0.0,0.0,0
40.19173670360799,2.816375459119324,3,0.006721895698251306,0.002206641048332166,0.0,42.07073502443094,4.739976473966412,3,2,0.0038638149046816388,9.19392680161182e-05,0.0,2.0,0.0,1.0,2.0,0.0,1
66.83497417073521,2.025408820588965,3,0.005463087285248082,0.00015853136237199673,0.0,120.40162725134425,3.32343439423604,7,0,0.00428293506575459,0.00022858561735278495,0.0,1.0,1.0,2.0,1.0,0.0,1
200.50124238767805,15.34502887862184,7,0.0015011951992290233,0.0007043278428830385,0.0,113.51235629059912,3.365615843874724,4,1,0.0001724096113978998,9.929099875076318e-05,0.0,2.0,0.0,0.0,1.0,0.0,1
32.93910583866386,5.580857037628936,4,0.0032398408137326593,0.0016273109000064599,0.0,29.565668637994147,2.653156800226091,2,2,0.004210759407477538,0.001029065606202955,1.0,2.0,0.0,4.0,1.0,0.0,1
52.26255799061381,1.891547602063251,5,0.003292197123666821,0.00020833949806729247,0.0,7.907741912479395,1.8624996718371178,1,3,0.0053888523890322036,0.0009676467434174833,0.0,4.0,0.0,0.0,0.0,0.0,0
122.69993180308667,3.077403255364287,2,0.010747265557478137,0.0014837485220191933,0.0,47.78166142726596,4.329367042439177,1,1,0.0166335491665735,0.0014466727811818859,0.0,1.0,1.0,2.0,1.0,0.0,1
30.784412553391522,7.7271537806243975,5,0.008324319868849362,0.0008438995133738851,0.0,43.558757902027516,3.3300514991234844,4,2,0.0007687260395911429,0.0008420915397880655,0.0,99.0,0.0,0.0,0.0,0.0,0
16.40834228401411,13.15604655943013,6,0.0001891604685567793,0.0013835111875151358,1.0,10.379990651628638,2.0484966734811145,1,2,0.0006960072044982307,0.002562883299754117,0.0,2.0,0.0,4.0,0.0,0.0,1
37.371224310964564,11.873603026913269,10,0.0034619638227787533,0.0016436720709525007,0.0,100.05251855130287,3.1104091153179496,1,1,0.0017796834652013963,0.000987759679437141,0.0,1.0,1.0,3.0,0.0,0.0,1
24.064668680005028,5.443905771465318,2,0.0012079371772205575,0.0007849297855023476,0.0,25.010181955253447,6.082314923148587,5,4,0.008116232885857935,8.771368811480222e-05,0.0,4.0,0.0,0.0,0.0,0.0,1
222.39600687044998,4.342056452127182,6,0.007169500124314489,0.0006282589893537372,0.0,67.26549838125817,1.55111421149048,5,5,0.001633066894839874,0.0029341750897728964,0.0,99.0,0.0,0.0,0.0,0.0,0
142.07096643876557,2.34098570635054,7,0.002496002458422455,0.0016415055494059861,0.0,11.420903863807045,3.638401139463552,3,2,0.0004623043735902188,0.0035056668645445013,1.0,99.0,0.0,0.0,0.0,0.0,0
90.27953524164248,4.559507590982971,3,0.0011744578260262449,0.00018019892891681292,0.0,123.26889055900685,1.9753460241774263,3,4,0.00461893433102799,0.0001282549768277196,1.0,1.0,1.0,2.0,2.0,0.0,1
174.12157844166504,2.5148063750211955,5,0.01731710377966773,0.0004056063712016912,0.0,85.65722968092598,3.108356743555161,2,5,0.0027096944310663435,0.0007593317309925971,0.0,1.0,1.0,3.0,3.0,0.0,1
140.2375152592445,3.3867525430291425,2,0.004272753057329276,0.0012044350418087485,0.0,34.50283616354812,1.3302488297849706,6,3,0.00020162862612215036,0.0005638426967119549,0.0,99.0,0.0,0.0,0.0,0.0,0
26.519638108691126,7.077435289306556,4,0.00030897684885333835,1.505843517627631e-05,1.0,64.57232049816577,1.6203373171736424,5,1,0.005447241565141278,0.0005330526985824015,0.0,1.0,1.0,3.0,1.0,1.0,1
188.4650724188449,3.763502463773753,3,0.009449930644442021,0.00017534441879184313,1.0,17.454957135464777,1.5594470327271248,1,0,0.0007198931704720899,0.0007656839601487158,0.0,2.0,0.0,2.0,0.0,0.0,1
72.00799215729376,3.617898094867077,3,0.0011158867422835696,0.000243080687691695,1.0,258.69652487972127,8.801370282937075,3,4,7.961444325464568e-05,0.0006769552203860552,1.0,3.0,0.0,0.0,0.0,0.0,1
141.78786330428528,4.205378644639234,1,0.0023724128460426044,0.00015591857753260524,0.0,100.40990261249553,4.192939638586443,4,6,0.009493643451597873,6.654867794954195e-05,1.0,2.0,0.0,4.0,3.0,0.0,1
191.1394119428985,16.712086293330124,6,0.003640406815826456,0.00037702516685060155,0.0,98.33677041681258,2.2197282145597677,3,1,0.010600713958259973,0.0022002934746007167,0.0,2.0,0.0,3.0,1.0,1.0,1
40.61845731346548,2.2076713903381484,3,0.0071452773509074145,7.885656730800764e-05,1.0,14.990215055774069,2.271171233679842,3,4,0.003717146464052952,0.0010972825331942346,0.0,4.0,0.0,0.0,0.0,0.0,1
19.327372809908066,5.111706101136396,7,0.002510142090421096,0.000234026387382738,0.0,6.073558871628234,5.230875583791396,3,4,0.00719938599707954,1.6624547551337108e-05,0.0,3.0,0.0,0.0,0.0,0.0,1
30.69493969115051,11.247977038186683,6,0.008071972098503575,0.0007077568321479616,0.0,57.82232128850288,4.679074838150826,0,5,0.00218863621812871,0.0006291600643267911,0.0,99.0,0.0,0.0,0.0,0.0,0
54.56461541988915,4.198048998867797,3,0.005861223108591747,1.0779253792286736e-05,0.0,14.337548866999498,3.4336084363995636,3,3,0.0014436165212148298,0.0026719664027633192,0.0,4.0,0.0,0.0,0.0,0.0,1
146.3063781311156,8.595761050795355,3,0.02246274420442939,0.0008174916966261428,0.0,95.9659959743807,7.547894336310323,1,2,0.006377046659204669,6.75372785029546e-05,1.0,4.0,0.0,0.0,0.0,0.0,0
167.70759775038667,1.9555863343554187,2,0.004430421221187073,6.745204922947616e-05,0.0,37.279080900276625,2.2771094636778706,0,0,0.00894964930905441,0.0006717769736060849,0.0,1.0,1.0,3.0,2.0,0.0,1
10.558112734532052,3.836227157067418,4,0.0007250908147945017,0.0009946224185823339,0.0,29.8032669956737,1.5823043050760484,4,6,0.0025337286575816916,8.557805218726002e-05,0.0,2.0,0.0,2.0,0.0,0.0,1
67.19009274708446,2.664968900978739,5,0.002993888061229696,0.0007099652043634469,0.0,9.590140988583718,7.2690200353272445,4,2,0.0077637849174262315,0.00030209273777931047,0.0,1.0,1.0,3.0,2.0,0.0,1
53.2218656734937,4.17198912622163,6,0.0014158849727862102,0.0023818311800992715,0.0,337.2718828168603,2.6739434932109836,3,4,0.0018906746230190775,0.0016161780694707141,0.0,1.0,1.0,4.0,0.0,1.0,1
30.093387062065958,4.223981893626346,5,0.00215861357326333,0.0017320707802780937,0.0,192.42864103256926,1.606053935326847,2,1,0.008715363751585622,0.0022577704003542225,1.0,99.0,0.0,0.0,0.0,0.0,0
20.214431323651745,4.485403023793996,1,0.0024234456119656936,0.0023150971642974146,0.0,13.465956811445313,3.525334619720163,3,3,0.0014165700701882465,0.00029399698511141034,0.0,1.0,1.0,3.0,2.0,1.0,1
42.95268638899459,7.0389046177367005,8,0.00021261021425799233,0.0012454495549002258,0.0,29.280969226831992,3.911338566442124,1,0,0.0022794236016072627,0.0028970344315466835,0.0,3.0,0.0,0.0,0.0,0.0,1
239.04968981529197,1.2467054868584144,8,0.01187712831955966,0.001045883682649632,0.0,34.735292112474234,3.4479962327008566,1,3,0.0036967995674811963,0.001126726613052137,0.0,99.0,0.0,0.0,0.0,0.0,0
41.23070423051795,2.9994166705937393,3,0.006886159549200958,0.0005279816400642106,0.0,26.12692794612598,7.004197960015244,3,3,0.01385229905766054,0.0002942550567159733,0.0,1.0,1.0,2.0,1.0,1.0,1
68.51622446081215,4.909167191003397,6,0.0010092644829702313,1.788655050649697e-05,0.0,168.51351477422367,9.167755883648535,3,3,0.009664120072201158,2.2615158188517216e-05,0.0,99.0,0.0,0.0,0.0,0.0,0
107.1269581504684,1.4565670192251448,4,0.00683505721236634,0.004684525366086486,0.0,81.66616651709826,2.694786528255331,3,3,0.0015122217977499228,0.0022985447822194793,1.0,99.0,0.0,0.0,0.0,0.0,0
46.15795991735699,6.203105178757602,3,0.0015382131539652289,5.029989058310947e-05,0.0,192.30005448065245,5.6292615197323315,0,4,0.0019416182715594529,0.0001437675676562869,0.0,3.0,0.0,0.0,0.0,0.0,1
295.423851063336,2.967187695833192,7,0.0004371273299644499,0.00013257522067723312,0.0,129.52955416026023,2.88948810480994,3,2,0.0015931786380469018,0.00032190362529171143,0.0,3.0,0.0,0.0,0.0,0.0,1
272.5607891633118,3.8792301430289426,3,0.009600581457690837,0.001742409381393802,0.0,89.2776480874602,7.2153113259986785,3,2,0.007042697793783592,0.0026580785612967017,0.0,1.0,1.0,2.0,0.0,1.0,1
33.20490359937642,7.2274539679618055,4,0.005511933201095808,0.0009233417434783118,0.0,76.63483531235332,1.755737736412388,1,5,0.0007019205905362505,0.0006280594698718447,0.0,99.0,0.0,0.0,0.0,0.0,0
65.01274227710778,8.827473948133473,7,0.0003755208544460568,0.0008745790784708349,1.0,125.66773004592278,3.7840496562527934,2,1,0.0010829365809680881,0.00154464491426538,0.0,4.0,0.0,0.0,0.0,0.0,1
38.63443680632374,6.314411403784583,4,0.004158595158126262,0.0006813728977438165,0.0,74.14925209238314,4.9174383765998515,3,4,0.006953071295360414,0.0025728788803364468,0.0,3.0,0.0,0.0,0.0,0.0,1
36.81997411048654,2.174236689749291,6,0.0026751949663049008,9.898531565654303e-05,0.0,17.5485070339137,4.988418012917597,0,3,0.001160708040240087,0.0008595919242843823,0.0,3.0,0.0,0.0,0.0,0.0,1
13.006758221241803,6.130769267475105,5,0.0034820945563117604,0.0014154855113719632,1.0,67.6690153797334,2.798110594037241,2,2,0.01959257021571313,0.0013995272143536995,0.0,3.0,0.0,0.0,0.0,0.0,1
85.23936567860746,6.373896185594697,11,0.0011074525357374092,0.00013168302072043915,0.0,48.4165861632581,3.283149581210595,5,2,0.00042007588959554567,0.0005731998010591067,0.0,1.0,1.0,4.0,0.0,0.0,1
65.88157062637109,5.65891626737076,3,0.004091508723765222,0.0001260592539340889,0.0,245.69295804879198,4.70117749354066,2,2,0.008901893642745589,0.0009460608966866844,1.0,3.0,0.0,0.0,0.0,0.0,1
14.228086990431398,9.682234359043443,4,0.0005714677779023422,0.002086501600870964,0.0,47.79677469432651,3.8408833596820635,5,3,0.0039582402886529705,0.00030642148061099986,0.0,1.0,1.0,3.0,1.0,0.0,1
36.13007368082955,4.554491156080481,2,0.0020537938050612763,0.00011698371280038809,0.0,7.352833739216356,3.7165631490267383,1,2,0.007033359907405826,0.0005114082272994744,0.0,3.0,0.0,0.0,0.0,0.0,1
201.10887608714722,9.462385598470686,3,0.005980780032607092,4.73597006244435e-05,0.0,23.406960851729995,2.747873801684279,5,3,0.004504423698547454,0.001196637321468351,0.0,3.0,0.0,0.0,0.0,0.0,1
31.908844171366162,9.428367508278141,0,0.004458356196969995,0.0013311461049983193,0.0,154.61148830557627,2.1187844829914195,2,1,0.003862476665729777,0.001236317274952276,0.0,2.0,0.0,3.0,1.0,0.0,1
22.52246887883758,6.479528660343923,5,0.002178846255405167,0.00036515106070309026,0.0,201.77542869356776,6.3293806588216475,2,3,0.0011186170789716265,0.00016841437333513953,1.0,1.0,1.0,1.0,1.0,0.0,1
63.7817687578909,5.15922287931386,5,0.00605555987347655,0.001966997303883549,0.0,83.22727382278768,2.0341527109534088,4,4,0.014713581271940805,0.0009985901348618994,0.0,3.0,0.0,0.0,0.0,0.0,1
349.5229586092208,5.677999806861676,2,0.0020494188439293477,0.0032497827421222856,0.0,8.512680731565112,7.034286947040458,1,4,0.005013020874622919,0.0005504324757789724,0.0,2.0,0.0,1.0,2.0,0.0,1
32.171585084778094,10.931049056940743,3,0.02464631223996536,1.6219256427527683e-06,0.0,6.429374799701461,7.843247108572788,2,7,0.002449718211664672,0.0003246327381409155,0.0,2.0,0.0,4.0,0.0,0.0,1
99.21240082378347,7.936110171334477,6,0.007497304936417511,0.0027329666286071857,0.0,44.188875786487294,5.490053234754477,3,2,0.0025893674521121077,0.0006393021190626858,0.0,2.0,0.0,2.0,0.0,1.0,1
124.71101009915702,2.31494514076977,3,0.01242726432663044,0.002928945011396656,0.0,486.4059214082028,2.852510187289079,6,1,0.002054565925167548,0.00045110559753602043,0.0,1.0,1.0,4.0,4.0,1.0,1
31.706653786864464,5.469955882135942,4,0.0019700779331119087,0.0005827105161775532,0.0,127.08954181486976,1.5253046503557601,4,6,0.006840157666329715,0.002124659869973641,0.0,1.0,1.0,0.0,2.0,0.0,1
114.21991427938529,2.588797255572249,5,0.008553578728973162,4.595870517148462e-05,0.0,167.28021397194948,4.948887423534778,2,3,0.0034836754920213628,0.0025405099583375693,0.0,1.0,1.0,1.0,0.0,1.0,1
46.68182394114432,2.9172172988182554,2,0.0038368483820700595,0.0006180301911029976,0.0,63.61684861063852,1.798082311294664,1,1,0.0020430274487992168,8.6278453194083e-05,0.0,3.0,0.0,0.0,0.0,0.0,1
90.04029981854171,3.4652847032485874,4,0.006915176689101573,0.0006455105083529465,0.0,122.5928226571778,2.4415770087400133,3,2,0.006277319932389275,6.211589458789914e-05,0.0,2.0,0.0,0.0,0.0,0.0,1
90.30702617101106,1.8619243681509166,4,0.0002626425918569991,0.00017779609710370578,1.0,28.113140725749258,2.7132372922575625,2,2,0.00041022025241121106,0.00030402142658618025,0.0,1.0,1.0,4.0,1.0,1.0,1
71.3908199961879,2.4959454856774737,6,0.001881913191984037,0.000743760999660712,0.0,6.6647222634085805,2.133468351677368,4,4,0.010024166421358732,2.1685783350341624e-05,0.0,3.0,0.0,0.0,0.0,0.0,1
17.570332704929676,9.996137543336426,3,0.006799969246207906,9.507804544342437e-05,0.0,155.24582923488518,2.3313464093965366,3,0,0.001206116520388109,0.001532214959548171,0.0,3.0,0.0,0.0,0.0,0.0,1
154.29158353970377,2.906975376825237,3,0.005670421811786831,0.0008955991802227195,0.0,19.787081661097847,3.810747910989232,4,4,0.017163698358058272,0.001112555502212904,0.0,2.0,0.0,4.0,1.0,0.0,1
40.94482349339173,7.062319652556185,5,0.002022309570572956,0.0010953800644903325,0.0,83.22457296966125,11.164551921580712,6,3,0.002473128627478739,0.0003901774311228091,0.0,99.0,0.0,0.0,0.0,0.0,0
26.514568528604524,4.796997585168655,4,0.003174349664116101,0.002621831926031546,1.0,69.54661732951274,4.692597346359093,0,1,0.0004493180783147012,0.0005088768648890024,1.0,2.0,0.0,2.0,0.0,0.0,1
13.330380783547616,5.975596263271648,5,0.00047419094138063364,6.0203922082756415e-05,0.0,15.330171298073338,6.367315509843603,4,3,0.0022663499479246346,0.000538133103219874,1.0,1.0,1.0,2.0,1.0,0.0,1
81.50227236756668,6.125380236499199,6,0.0041021832021394845,0.004032416730618843,1.0,18.072870058361218,2.607353768611591,4,6,0.001641568013613073,0.001126482568270707,0.0,99.0,0.0,0.0,0.0,0.0,0
100.5481387413879,2.4353474038487235,5,0.002623646469086979,0.0005676386742997176,0.0,28.945650071578164,9.717897183695063,6,4,0.0021226652386460176,0.0004681332228318887,0.0,4.0,0.0,0.0,0.0,0.0,1
11.33815580467765,7.0379197950590315,1,0.0033204011315987555,8.637280185683646e-05,0.0,89.86450985251803,9.092995751909541,3,2,0.0006081115770176122,0.0001649300508734215,0.0,4.0,0.0,0.0,0.0,0.0,1
67.41044676395907,2.056283876503711,5,0.005772606289282866,0.001773362233693229,1.0,7.4021035476442965,2.8641945127112556,5,2,0.0015253293021908936,3.399536583207041e-05,0.0,99.0,0.0,0.0,0.0,0.0,0
30.545931764396613,2.8385274126992823,4,0.0037660341556138145,0.0009431574325292545,0.0,36.360608374752424,9.4748176611944,4,1,0.0006205742153816566,0.0009234429737066964,1.0,4.0,0.0,0.0,0.0,0.0,0
92.88994732381536,6.0732688886386965,0,0.017662383826439226,0.0008386912717851027,0.0,70.63776400925701,2.2991130981912744,2,4,0.00040064407274029054,0.0024777970986678078,1.0,99.0,0.0,0.0,0.0,0.0,0
25.3283378031307,2.348515333026077,5,0.005377675511336496,0.000973560025673525,0.0,16.28620246764757,3.1839530659411084,5,3,0.0037979286555865225,0.005169781957944013,1.0,1.0,1.0,0.0,1.0,0.0,1
103.93700220541753,1.4000238683851074,3,0.010743963448544867,0.0008000667591482431,0.0,12.630284024505537,3.3534957990372125,3,4,9.926828790880483e-05,0.001560254762545103,0.0,3.0,0.0,0.0,0.0,0.0,1
49.11669607848814,5.320082000344836,4,0.005713854188577357,0.00034634434064459364,0.0,34.67865911157051,2.777015777908847,2,5,0.001036400540360781,0.0006373028037158046,0.0,3.0,0.0,0.0,0.0,0.0,1
230.82750542434457,1.7055880258732934,4,0.008374323597175262,0.0004792707805548034,1.0,25.2593505087167,1.418390350283654,2,5,0.001528956877533428,0.00011309931153501494,0.0,2.0,0.0,2.0,3.0,0.0,1
21.835553075142315,6.4123355667267,6,0.003309125486267427,0.0003997043350066017,0.0,67.83449842054904,1.4684307564271388,4,2,0.012346821228170829,0.0008969020405136894,0.0,99.0,0.0,0.0,0.0,0.0,0
43.37059471961374,3.6126950976582224,5,0.001074457425816584,0.00185292466243848,0.0,214.5366933765683,3.029406051964258,2,2,0.0004964358919119857,0.0030887739773023397,0.0,99.0,0.0,0.0,0.0,0.0,0
19.635542802959712,5.275450283978665,2,0.0018842432658522869,0.00067635524463279,0.0,5.268737088420584,6.6566582872200595,4,4,0.005278260825285579,3.9119077326264474e-05,0.0,99.0,0.0,0.0,0.0,0.0,0
216.89523177205788,5.218094098553303,2,0.0059268825411779155,0.0015052024676909925,1.0,144.60031950720762,3.4083664124961004,4,6,0.0021481584525651493,0.0003307892371343611,1.0,1.0,1.0,2.0,0.0,0.0,1
177.8666965728795,6.6940421315744265,4,0.0044821167300091655,0.00010847314554283128,0.0,39.06736489294001,2.409446117917704,0,6,0.002246279430535122,0.0007632469035796731,0.0,1.0,1.0,0.0,4.0,0.0,1
33.866189604919114,6.177982019750073,6,0.00016580118852640863,0.0003280720251135695,0.0,70.44002738337834,5.624282481325913,3,0,0.003133436382331178,0.0033431973183563526,0.0,1.0,1.0,0.0,1.0,0.0,1
96.30101912351316,2.337067755616431,5,0.005361259064833347,0.0009673216764159208,0.0,119.23942507912736,4.894123615357399,7,2,0.0013118069530893756,0.0007345951772603142,1.0,99.0,0.0,0.0,0.0,0.0,0
145.9587258111377,3.7420027759963634,5,0.0003734191997027639,0.0004030140733137594,0.0,56.1227594534436,4.1900797747914895,2,5,0.014496347248092727,0.0010080409693541054,0.0,3.0,0.0,0.0,0.0,0.0,1
74.81058885492064,5.271799560477618,6,0.0018386049603093795,0.00012338053677808785,0.0,11.142686526890948,2.356883232748345,5,0,0.0009564296724526378,0.0003867528616734568,1.0,2.0,0.0,1.0,0.0,1.0,1
70.34235281551568,9.563245718502797,4,0.0036554113319846415,0.0007058639515845872,0.0,14.090911645936112,3.6411095071419304,5,5,0.011071835811343973,0.0017174605044566018,0.0,99.0,0.0,0.0,0.0,0.0,0
32.15016363503225,6.2113039536399635,3,0.0019251874890777254,0.0006267177938281312,0.0,98.43351450920875,1.1130438449124125,2,3,0.006374355360715464,0.00042322773479514983,0.0,3.0,0.0,0.0,0.0,0.0,1
17.818091237995258,9.076664229410794,3,0.0033857611382828653,0.0002418942256810803,0.0,20.61165928252087,6.827192544773401,4,2,0.0009406687938069112,0.0020359466493758225,0.0,3.0,0.0,0.0,0.0,0.0,1
192.00985801556183,5.43513656269856,5,0.0009600266429437248,0.005683803002410481,0.0,55.50406814579336,4.9681979362384325,5,4,0.0007495264484547104,0.0016465692338130068,0.0,4.0,0.0,0.0,0.0,0.0,1
194.54195421187416,8.018231125158938,4,0.0027970949076920487,0.001780562992603223,0.0,38.5254232154713,2.6281593360900923,4,4,0.007359392489794361,0.001334387206624927,0.0,2.0,0.0,4.0,0.0,1.0,1
90.21359355863078,5.019370982713849,4,0.00019781563825293382,9.77651000122216e-05,0.0,26.713223016025804,3.8014656213906437,5,3,0.004125872369870139,2.9186034989136644e-05,0.0,1.0,1.0,2.0,3.0,1.0,1
43.12372078490591,7.825374043003873,3,0.003148145131442985,0.0005520199037562765,0.0,97.77865062504513,3.0452121824900455,4,3,0.005158918881155229,0.0019058404050937422,0.0,99.0,0.0,0.0,0.0,0.0,0
44.365409264931515,3.5058236517948744,3,0.0014318495868548028,0.0007871153089077576,0.0,83.8309773495968,3.748357919968313,1,1,0.0026400443624881864,0.0009842800555810085,0.0,99.0,0.0,0.0,0.0,0.0,0
113.55723437816945,10.218818791971149,1,0.0023864115507042467,0.00046420800211183433,0.0,67.32595978490416,11.24535558548147,1,5,0.016532171658545727,0.0007662640644598302,1.0,1.0,1.0,2.0,1.0,0.0,1
191.9277879285802,5.797719391664645,2,0.0009425895921479025,0.0017947191907092324,0.0,32.977084541768235,6.941498743851216,4,1,0.0009554856262524175,0.00040681279513607097,0.0,2.0,0.0,2.0,3.0,0.0,1
184.49060555172906,1.868502194516571,7,0.011101201698572342,0.0015527822235758537,0.0,20.407474631783536,5.859172067794043,6,2,0.011511560025420725,0.0010657774554670078,0.0,99.0,0.0,0.0,0.0,0.0,0
131.08497535447225,5.375561695397079,2,0.009787998684733991,0.0005594606778811293,1.0,48.52720114542449,5.879774612143141,4,0,0.013391634343918078,0.0003717179979503261,1.0,99.0,0.0,0.0,0.0,0.0,0
92.18485548541639,6.223270646908981,4,0.0014165738903253629,0.0016156567171683308,0.0,106.93028853531554,7.2865982041695965,1,0,0.024228938628007055,0.001978106968617469,0.0,4.0,0.0,0.0,0.0,0.0,0
17.031338095686724,7.181217068450802,3,0.0008827671533742884,0.0002211769548450884,0.0,56.43391829463971,7.414020354629132,1,5,0.0011525346056922524,0.0023008133876294195,0.0,1.0,1.0,3.0,1.0,0.0,1
24.10353717467292,12.352941190601554,3,0.00477710400675168,5.0443853280064666e-05,0.0,215.67341226074603,5.3069747852353135,2,2,0.00336319873560675,0.0008604349532711789,0.0,2.0,0.0,3.0,0.0,0.0,1
193.05844001420044,3.1905984338903446,7,0.004005040436262938,0.0003217680525995112,0.0,5.933473207470225,3.5577896234446973,2,2,0.0033963324369086483,0.0001656399424386402,0.0,4.0,0.0,0.0,0.0,0.0,1
84.59951575724716,12.402283252261377,3,0.0022872559258081044,0.0005705708912417258,1.0,389.30187305605114,1.9859370800569995,0,6,0.010565486051025922,3.9581698256259785e-05,0.0,2.0,0.0,3.0,2.0,1.0,1
10.739168448879553,4.342884625236268,2,0.008143746223937733,0.0028977943659909797,0.0,75.5443192202977,4.470314019484368,3,3,0.001926505124169746,1.1204191481277431e-05,0.0,3.0,0.0,0.0,0.0,0.0,1
18.55975211487595,2.7602834758414687,1,0.010868026220307952,0.000516939488611554,0.0,112.26868258157607,3.278981875183513,3,1,0.006406884948674374,0.0018022347127149719,0.0,1.0,1.0,3.0,2.0,1.0,1
97.13299098321927,3.230735300621118,4,0.004599815961354251,0.0009735363616109732,0.0,29.473796808442607,2.0868943305505,2,3,0.005410914405473315,0.0009764299014035886,1.0,1.0,1.0,0.0,0.0,0.0,1
10.40595496414376,6.008141431695071,2,0.007332414887923861,0.0006354547625723776,0.0,47.5982335714135,3.8340126654613713,3,3,0.0019669209211863737,0.00038238061076352426,0.0,4.0,0.0,0.0,0.0,0.0,0
24.025265288335923,2.538634865692077,4,0.0007961826191190789,0.0009693425985047234,0.0,100.66978011535798,1.6823924618846116,2,2,0.007632785733794752,0.0008467680753910991,0.0,1.0,1.0,3.0,0.0,1.0,1
73.65582769111454,3.5407297323141362,7,0.000289530507599138,0.0014455032141258337,1.0,90.78956952228785,2.891745847076603,4,1,0.0010559663776179196,0.0001230488169467445,0.0,99.0,0.0,0.0,0.0,0.0,0
104.18522293238502,5.297677956330684,4,0.0009021221316421713,8.209454670788391e-05,0.0,29.39103828751454,5.987368590548822,1,2,0.0011907593616543185,0.0009137092307043937,0.0,2.0,0.0,3.0,2.0,1.0,1
94.4353185708199,10.171826605114001,5,0.005380379932397577,0.0009568511016471191,0.0,28.5301546217134,3.5615926809064304,4,4,0.0031579969284709734,0.0019813643126868922,0.0,1.0,1.0,2.0,1.0,1.0,1
30.31598938464196,7.06020690418357,8,0.003345560608085082,0.0017541510316451262,0.0,70.22673660511573,5.011900945254668,1,3,0.00016309107057182077,0.0014586502209598608,0.0,1.0,1.0,1.0,0.0,1.0,1
109.6333831118831,4.446954803261679,4,0.015265377690564703,0.002901704548604015,1.0,167.7769944296728,4.879789777196422,0,5,0.000606549664815212,0.00016959643475211866,1.0,1.0,1.0,2.0,1.0,0.0,1
31.665900724224475,5.992099490162448,3,0.013260292787844928,0.0005417148974744765,1.0,39.65917807427324,3.4022507164784543,2,5,0.0021790942559836305,0.0008956913916520293,0.0,2.0,0.0,3.0,0.0,0.0,1
41.49079271344675,4.99605444027061,7,0.005253253723105551,0.00036764512996998816,1.0,31.119142029625827,5.431439098536792,1,2,0.005801109200226014,0.000766643198628077,0.0,3.0,0.0,0.0,0.0,0.0,1
119.78860413326325,2.1571549214590777,4,0.0017970726984520612,0.001485713177843384,0.0,140.04912528518662,3.6489147064326364,3,4,0.0077728473949787436,0.00015172909678810953,1.0,99.0,0.0,0.0,0.0,0.0,0
93.90190514422144,11.230818675508198,5,0.0015988671975011436,0.001163332858199966,0.0,73.94182224592548,1.8696767701017794,2,2,0.0009991873068844214,0.0015412475891215729,0.0,99.0,0.0,0.0,0.0,0.0,0
161.3564861970721,10.267775446398982,8,0.0015126051784797694,0.00012522381728589642,0.0,34.48844272455514,3.3228138347155967,3,4,0.003160847303914854,0.0005811912994315308,0.0,3.0,0.0,0.0,0.0,0.0,1
95.74506305358099,4.146023833547249,4,0.0025102731458357007,0.00037059900032258977,0.0,8.538918019321693,9.617972386147777,2,2,0.0026801349880269955,0.0012549637425303666,0.0,3.0,0.0,0.0,0.0,0.0,1
77.20354444698059,3.297864516850008,3,0.0027884416357467096,0.0004407423039536383,0.0,81.69792199291717,2.2597670758903137,0,3,0.002877274847010651,0.0024289893945988583,0.0,3.0,0.0,0.0,0.0,0.0,1
17.868564915872838,2.1833659256310134,1,0.0016387201567652947,7.429750939782633e-05,0.0,31.11401362648344,9.249405235776905,1,2,0.0012782645922029363,0.000817502202143257,0.0,2.0,0.0,2.0,3.0,0.0,1
46.673304576561605,6.213534498843368,1,0.0038165036415357574,0.001120328008135436,0.0,9.390781582808884,1.15998924123266,4,4,0.006637430212502845,0.000880395580692387,1.0,3.0,0.0,0.0,0.0,0.0,1
34.65281182870649,6.237291693660868,8,0.0053633942203127226,0.00017720296832167664,0.0,61.84971723705498,1.6571323050655429,1,1,0.010808717917380153,0.0006907365909987218,0.0,1.0,1.0,3.0,4.0,0.0,1
32.3760162929937,2.6580262222019946,5,0.004060770689226888,0.0007433360207999258,0.0,28.40564927367826,2.1497213007134404,0,0,0.00088931915088715,0.001100216986451602,0.0,2.0,0.0,3.0,2.0,0.0,1
298.9847524930341,5.030662601759686,3,0.0017542283362529856,0.0002846929155440818,0.0,29.790773030860475,1.7545097454181622,0,1,0.0028871858360586256,0.0007089178079936222,0.0,1.0,1.0,0.0,2.0,0.0,1
49.9509997632019,6.9317712999671715,5,0.006506671782223201,0.0026331779847912854,0.0,44.13991022586575,6.104319770356954,2,2,0.007748714285747799,0.0001455618598731922,0.0,99.0,0.0,0.0,0.0,0.0,0
188.08441689988183,3.169814747249309,4,0.00791990173401284,0.0020510214916205135,0.0,80.83924479158317,1.5532821248299915,2,2,0.006418734600235414,0.000739300970990845,0.0,1.0,1.0,1.0,3.0,1.0,1
89.78675085891865,3.8513564229132533,3,0.0010484254059788618,0.0009049085109210466,0.0,24.40522709779917,2.270583174300555,5,6,0.006504373632582664,0.0014280180365967444,0.0,4.0,0.0,0.0,0.0,0.0,1
136.706020215072,3.8295580808330243,1,0.004963141533644307,0.00021975806025629027,0.0,10.064618431556418,5.396434557493481,1,6,0.006185787064561862,0.00019422141721350564,0.0,1.0,1.0,2.0,1.0,0.0,1
65.87482595110163,2.7533861282527763,5,0.0015077119152071365,1.4432775751244436e-05,0.0,38.143219476588,4.167704054263081,3,5,0.0015271392730532177,4.457090526698129e-05,0.0,3.0,0.0,0.0,0.0,0.0,1
78.8124722113268,3.8974201878535446,3,0.0025128311993419883,0.0006901287908705001,0.0,8.389486235903282,3.4363730286019423,2,7,0.006581469888936518,1.4321642785769538e-05,1.0,4.0,0.0,0.0,0.0,0.0,1
64.26347466733547,1.7205346408076116,4,0.012579616282109938,0.001027561423355209,0.0,76.6945422569651,3.1822263227803296,4,2,0.0019633882927835586,0.0006786341534734183,0.0,1.0,1.0,1.0,0.0,1.0,1
27.37719162601908,3.7146674359361422,9,0.008443167009637962,0.00019038516664834977,0.0,197.00834934576858,5.255743095969641,5,6,0.009805392968348335,0.00033950331830495185,0.0,4.0,0.0,0.0,0.0,0.0,1
112.5409442452643,3.7478621601524096,7,0.004880729003818333,0.0003179162773606825,1.0,69.50994456643672,1.8380135203930543,5,1,0.0028944940454382947,0.0007062567175111726,1.0,3.0,0.0,0.0,0.0,0.0,1
36.366189469301034,4.176388546715,5,0.013986641200019924,0.001085449349316819,0.0,24.327339234729948,2.1818003412697378,0,4,0.006174123458923569,8.87440405072003e-05,0.0,3.0,0.0,0.0,0.0,0.0,0
11.969318486455089,5.730812162173785,4,0.003163686050661116,0.0011994399957010792,0.0,17.031750747987807,4.624046153496835,1,6,0.003150517303164634,0.000583341972228095,0.0,4.0,0.0,0.0,0.0,0.0,1
92.95750290362191,2.0918663913734266,1,0.011892864362594598,8.436016881756938e-05,1.0,20.899180507985267,2.2643921156008817,2,7,0.001086494507508096,0.00034772573205574324,0.0,1.0,1.0,1.0,4.0,1.0,1
25.594685617985817,2.301767307995462,7,0.0007939040405345234,0.0006193679067754434,0.0,20.031655947699416,3.717241245677476,5,2,0.00110608640256572,7.556416293909285e-07,0.0,4.0,0.0,0.0,0.0,0.0,1
235.68665178186424,2.7142803323742903,2,0.0031131504256238,0.0004295651450882628,0.0,27.59783636225464,2.9383798371927634,3,3,0.01440026552264477,0.001182377469889959,0.0,4.0,0.0,0.0,0.0,0.0,1
256.2049930230419,1.981787972611655,7,0.0031867090522975914,0.0004868954922459131,1.0,11.145003048407617,2.4494870470229744,1,3,0.00951502371807854,0.0006126801570507318,0.0,3.0,0.0,0.0,0.0,0.0,1
207.08079077070732,6.117820929835725,4,0.0031250108349423784,0.0019467488037402604,0.0,140.63999919172656,3.364596934874543,4,3,0.005810916117445943,0.000316743112994346,0.0,3.0,0.0,0.0,0.0,0.0,1
46.98299171978934,3.0912822264108257,6,0.011291892346780298,0.00032830111949973804,0.0,134.83228912422842,1.243593853209199,3,3,0.006722396207357106,0.0008936023779408449,0.0,99.0,0.0,0.0,0.0,0.0,0
11.24618522975555,4.252814909087135,5,0.0011211383274773682,0.00035748331876095537,1.0,62.307546721014155,4.5370681837658,4,0,7.90966440262096e-05,0.0032286990575059755,0.0,99.0,0.0,0.0,0.0,0.0,0
220.84187658655117,2.587545537952179,6,0.0038518885178294017,0.001675696578814191,0.0,8.835226211334891,4.4439366872277635,2,5,0.0013705804534542504,0.00024192340250467389,1.0,2.0,0.0,5.0,4.0,0.0,1
54.715062164244905,3.488327092890003,6,0.0062361388714164715,0.0010978320542602263,0.0,102.7786639370867,7.466588372483344,1,4,0.0007191556871991213,0.0008406113698485114,0.0,3.0,0.0,0.0,0.0,0.0,1
282.0673612897645,5.172799304779135,2,0.006357250196363135,0.00023778698670404792,0.0,8.826797894094486,2.1032648166005234,3,3,5.889017402367884e-05,0.001851463564611202,1.0,2.0,0.0,0.0,1.0,0.0,1
275.09883809041645,5.320542331883738,5,0.0074453618818605925,1.4948700006230855e-05,0.0,11.751246941791951,6.706102776443886,6,3,0.001470561211040228,0.0004479516009732832,0.0,2.0,0.0,2.0,1.0,0.0,1
163.3909613743535,2.3548809744923878,5,0.005306787217035587,0.002151536184612516,0.0,28.608907085364184,2.1518313621112646,2,1,0.0006486127865394636,0.000472076100368403,0.0,99.0,0.0,0.0,0.0,0.0,0
37.90208545377283,4.129526512260043,7,0.0020799699194280845,0.001218182712245135,1.0,38.88210532906696,5.52699887016237,5,8,0.004743322960212301,0.0011590206163721694,0.0,3.0,0.0,0.0,0.0,0.0,1
48.90335456789549,2.6118753164804707,3,0.0006392786352176955,0.0006112080507023179,0.0,31.207033780520927,1.743165822066029,1,3,0.013533885061465113,0.0002337085653529059,0.0,2.0,0.0,1.0,1.0,0.0,1
162.37813219824636,4.040843208416785,2,0.0037419546558161067,0.0006211433661758217,0.0,15.83592672815317,2.26366293375815,4,3,0.006089845357481521,0.0029125365500406123,1.0,4.0,0.0,0.0,0.0,0.0,1
40.49169851445737,2.946889075301682,5,7.281416638807928e-05,0.0012862188594018286,0.0,12.135777507855938,2.3612955120018206,3,0,0.0139285848236018,0.002648454191899279,0.0,99.0,0.0,0.0,0.0,0.0,0
24.857489303660383,11.656932352500336,7,0.0001683863843860483,0.0007631226472306239,0.0,122.71667621061052,3.7561712890330354,2,4,0.0012097991174639636,0.0004578315911410929,1.0,2.0,0.0,1.0,2.0,1.0,1
75.09895936481823,6.908323602615683,4,0.0015827901211927283,0.001393792590427721,0.0,32.07620978162815,4.282845317930018,5,3,0.005411904804683007,0.0009672312986225821,0.0,1.0,1.0,1.0,3.0,1.0,1
230.10347766456334,5.457001760607068,5,0.0054307385694101875,4.414757936575179e-05,0.0,19.800038029821224,1.5225683340715719,2,6,0.0012735493199321373,0.0017478003196126825,0.0,99.0,0.0,0.0,0.0,0.0,0
105.26604782063498,3.6638655948751624,4,0.008098231654558115,0.0003647319998872632,0.0,45.04775511595567,4.003300981988794,2,3,0.0030839097997903357,0.00023512012554096292,0.0,99.0,0.0,0.0,0.0,0.0,0
77.52898691485244,7.026354713013869,6,0.0035606918787727047,0.0016814564709158543,0.0,7.2511099580682075,3.7308965777106016,4,3,0.00751546378594337,0.0001415386606697713,0.0,2.0,0.0,2.0,5.0,1.0,1
18.17825578794583,4.199848183933101,2,0.001010664743453392,0.00012604734832827533,0.0,60.019636093644785,4.244789727756222,5,1,0.0013141538513061284,0.0016676798550113907,0.0,3.0,0.0,0.0,0.0,0.0,1
86.36245724141742,10.953241686332328,5,0.02114116792287822,0.004143559377220477,0.0,22.14021280385284,4.292721275995082,1,6,0.00801224832671568,0.0006694592416806362,0.0,1.0,1.0,3.0,1.0,0.0,1
378.84557982770536,7.442888170120351,3,0.002797873936738512,0.00022693767010198234,0.0,59.70751412778431,7.829447304120147,0,1,0.005247644682862698,0.00033199495911618904,0.0,1.0,1.0,4.0,5.0,1.0,1
22.073646931381134,3.473743066414869,6,0.004603022005245333,0.00035295771294100364,0.0,62.134533339408684,2.4759867410351375,3,2,0.012862223258612788,0.0007383246997007759,0.0,1.0,1.0,1.0,3.0,0.0,1
68.4396259985203,10.216150313151934,4,0.0017344009847205973,0.00020055768891008314,0.0,104.39937902586823,6.855509545569972,6,4,0.0008057901984573723,0.00013939761775984746,0.0,4.0,0.0,0.0,0.0,0.0,1
177.88869103206355,3.6747541636348138,4,0.002150745071364421,0.0004211407810108488,0.0,20.674464666212657,4.59787448900176,0,6,0.0011163612468495924,1.4912947360366771e-06,0.0,2.0,0.0,4.0,3.0,0.0,1
118.0027398682936,12.063078858478573,7,0.0005209923993340411,0.000758619729977154,0.0,42.35736847055464,2.9208451099698447,7,4,0.0024511472273075867,0.0012946920471539685,0.0,3.0,0.0,0.0,0.0,0.0,1
105.52595402413385,10.540680132823123,1,0.0012130984145728152,0.0015039413224049252,0.0,201.03252326809775,2.6157834480537163,2,5,0.005465129230142852,0.0025855954767432547,0.0,3.0,0.0,0.0,0.0,0.0,1
106.9830044979592,5.156377432048826,2,0.004083204175415733,0.00010468085344190147,1.0,82.92445356391781,5.179361670963932,3,2,0.0018582884021029194,0.0007629534943146702,0.0,1.0,1.0,2.0,3.0,0.0,1
45.63938738519593,1.7506822798056327,5,0.021418011002700854,0.002262487859731636,0.0,227.1636328397375,2.1595823725218732,3,4,0.002129633676785838,0.0015467837752984046,1.0,99.0,0.0,0.0,0.0,0.0,0
37.804966741367615,4.924957679847499,2,0.005906096301280509,5.963570951330483e-06,0.0,162.3390918182789,4.735003728706037,5,1,0.003127300454893081,0.0019956394186790363,0.0,1.0,1.0,1.0,1.0,1.0,1
142.589960580777,2.227016574853511,5,0.0002531548163548436,0.00020905105524666765,0.0,61.61179180459215,2.6405989007708177,2,2,0.004743456938676931,0.0002852759706909781,0.0,1.0,1.0,2.0,2.0,0.0,1
142.9062559269623,2.9972597220908623,4,0.008536565143794245,0.0008813673102711922,0.0,23.38583237418846,5.2939777953075895,4,2,0.00202636009976782,0.0005625618139385192,0.0,3.0,0.0,0.0,0.0,0.0,1
171.4360037894332,3.1261024266624013,0,0.0017806866863319148,0.0004860584687077869,0.0,89.86290631029318,2.414205273892146,1,3,0.004453979798078226,0.0023714920463527344,1.0,99.0,0.0,0.0,0.0,0.0,0
205.5692769469309,2.2170175935642433,3,0.0016329259378267053,0.0014038242656252665,0.0,76.8633915959359,3.184475929841802,4,2,0.011666148695045325,0.00010939077563774345,0.0,99.0,0.0,0.0,0.0,0.0,0
67.2874589546323,4.93581000780898,3,0.008314964896702004,0.00040964488841113483,0.0,58.33368518926805,2.7192634894082817,1,2,0.0030635818169810966,0.0005510704268887869,0.0,2.0,0.0,0.0,2.0,0.0,1
65.69475020409594,2.8020488703769306,1,0.0029662073515366177,0.0004743773352253576,0.0,76.80577717115148,7.511393422302991,3,3,0.0012365814720659571,0.00015091256130134263,0.0,3.0,0.0,0.0,0.0,0.0,1
138.075994584679,3.7728461452691953,3,0.0003583791789397643,0.0014001260724327595,0.0,62.05082109304744,9.133676500625679,4,2,0.0006796641617681686,0.0002067749841121791,0.0,99.0,0.0,0.0,0.0,0.0,0
93.97752599102402,3.141268630733569,5,0.0024147467237224988,3.80354991893655e-05,0.0,48.96057855559597,2.7564518984333697,4,2,0.013282014179768856,0.0006505933174171857,1.0,1.0,1.0,3.0,2.0,1.0,1
106.84405188092136,5.745289036581225,6,0.0014588045233098243,0.0002583206325897297,0.0,37.266684143899575,4.207505497643607,5,4,0.00032489311246192284,0.00044497757904606505,1.0,2.0,0.0,0.0,0.0,1.0,1
137.0895579963364,5.503573841832339,2,0.004396048394951161,0.002104969300826327,0.0,7.74431709090694,3.5815685839596703,3,6,0.0022153292389017563,0.0013521518950965717,1.0,3.0,0.0,0.0,0.0,0.0,1
186.58587810774137,3.6000659773456443,3,0.007099689733940942,0.0016010000732006294,0.0,125.45535349658,2.6118716085399494,2,4,0.018280852740082773,0.0038116277284219596,0.0,99.0,0.0,0.0,0.0,0.0,0
42.99859257101234,5.913689393118699,4,0.0037377965411898627,0.001077085653304563,0.0,125.3895712901508,2.1118138483862765,5,1,0.0015131085721782813,9.416257974439101e-05,0.0,2.0,0.0,3.0,2.0,1.0,1
47.67494309820451,8.619982740118221,4,0.015293674472969216,0.00034322898808356966,0.0,59.09112066924002,1.9615715628166948,3,3,0.006826412686291783,0.0001378806062533808,1.0,3.0,0.0,0.0,0.0,0.0,1
17.895683134988843,1.3268544190994895,4,0.0022236444432107783,0.0018132674342462745,0.0,23.70900346683583,2.31962527608077,1,3,0.0038539435624023685,0.0008957294114323067,0.0,1.0,1.0,1.0,2.0,1.0,1
79.07312212875478,3.040244199928276,5,0.0007476631748288788,0.0004862935891398771,0.0,6.712058154838771,2.822379734178936,3,2,0.00926149464877367,1.1912338928369976e-06,0.0,99.0,0.0,0.0,0.0,0.0,0
12.92832833686856,2.4528529338714042,0,0.010969043485712858,0.00032737908441626763,0.0,5.085789552859008,3.039985253053486,2,7,4.9719871115916695e-05,0.0009109137100984446,0.0,99.0,0.0,0.0,0.0,0.0,0
60.128555854568766,2.88933425795694,3,0.0002652478751473471,0.0012562722038973757,0.0,9.542108911660595,1.3641756543218293,0,0,0.0021765295328116776,0.0008082609795435814,0.0,99.0,0.0,0.0,0.0,0.0,0
72.58356685497007,1.250667239738866,5,0.00436202371552349,0.0007928576839113612,0.0,31.7665701994283,5.943577924493521,2,2,0.001835451629778492,0.0017915956755935577,0.0,99.0,0.0,0.0,0.0,0.0,0
37.0104528251618,1.308712875837667,6,0.0001153569991822517,0.00010656796340408394,1.0,17.524560558073304,7.0565711953296715,5,5,0.0023889375758292322,0.00014552442614891115,0.0,99.0,0.0,0.0,0.0,0.0,0
81.49060241169403,3.2023618131388756,8,5.783736119875398e-07,0.00029811563795361816,0.0,23.477828658226805,7.815043526736233,7,2,0.0021843052884771472,0.0020951896565877077,0.0,1.0,1.0,1.0,2.0,1.0,1
12.478004968117963,3.150829695905979,3,0.0009190633908053689,0.0007284326326410189,0.0,77.17048213940825,1.66400482300455,0,2,0.0002034199438733428,0.0001850281475275586,0.0,3.0,0.0,0.0,0.0,0.0,0
13.04507994262315,9.356535951228114,4,0.005373110240830238,0.001232235210461711,0.0,196.87057604286485,3.168894772507004,4,0,0.00020685353811632971,0.001229799996808657,1.0,1.0,1.0,0.0,2.0,1.0,1
148.34810956305088,4.711521810627243,3,0.00504526425563618,0.0004236274035044972,0.0,18.898965662419464,6.231423373389989,5,0,0.0006389004030333504,0.002235688740566813,0.0,1.0,1.0,2.0,2.0,0.0,1
45.72680193661958,5.825435925094262,4,0.005193058008497587,0.0007216897974073449,0.0,42.601572333263235,1.2660348369176577,4,7,0.003270776318054277,0.0005804369473123975,0.0,1.0,1.0,5.0,2.0,0.0,1
20.87112330379424,28.220465369030773,4,0.0008456941332405897,9.401786421355902e-05,0.0,290.91612164359975,1.8727905975075114,3,2,0.0019754122952169756,0.0017321856331101928,0.0,99.0,0.0,0.0,0.0,0.0,0
69.09228706232125,11.063894118362995,5,0.0025244475055583556,0.00037505611141678186,0.0,166.00824438821752,5.393520533285032,5,3,0.0005728687895614644,0.0001474533527005626,0.0,4.0,0.0,0.0,0.0,0.0,1
127.57183523565882,4.21719672179445,3,0.005442727627442915,0.0012831396546560722,0.0,31.06116942553143,2.9254496343694107,3,3,0.0008886308336224322,0.001118068594013346,0.0,4.0,0.0,0.0,0.0,0.0,1
29.44944027439227,3.3535632204765835,2,0.0037308379983482308,0.0014850743501725013,0.0,28.112318072842342,3.2037324196998327,4,8,0.0010646847315245692,0.0005347300607455042,0.0,2.0,0.0,2.0,0.0,1.0,1
88.01756949251943,3.0678875070653326,5,0.0013287251121286826,0.0013829749456377904,0.0,21.63782227167912,2.365719505661775,5,1,0.0003639586100055901,0.0017362400779575603,0.0,1.0,1.0,2.0,3.0,0.0,1
17.136882319191784,5.258558015915188,6,0.002867608442692054,0.0004313430584302734,0.0,15.133730639841977,4.131480666096176,4,1,0.023076540606962702,0.0005659359822371722,1.0,2.0,0.0,1.0,1.0,0.0,1
14.245207672824751,3.370066045927954,1,0.0017767583276682168,0.0007665445132366046,0.0,41.97695521434781,3.8436570324054853,6,0,0.010488525357946196,9.5675345051307e-05,0.0,2.0,0.0,4.0,0.0,0.0,1
70.63271525004168,2.184072878437809,6,0.0021258398723389958,0.00152181785080076,0.0,30.032878061259527,1.985650376459009,4,2,0.010621948408375305,0.0006071593483083721,0.0,2.0,0.0,3.0,2.0,0.0,1
72.23283541557937,3.1333570900160255,6,0.0009110850545060141,0.00306254848518343,0.0,86.9513029860357,6.636468825379029,2,3,0.0021113733529781785,0.0005099099117995193,0.0,3.0,0.0,0.0,0.0,0.0,1
91.16299585636926,5.3471585835285325,5,8.207331047499402e-05,0.0025880285330635274,1.0,21.21933804725072,1.1665040565525413,1,1,0.0023980703467249734,0.004051716863919479,0.0,3.0,0.0,0.0,0.0,0.0,1
113.59684503333474,6.435070553057493,3,0.0022436307170694073,0.00018882670889886884,0.0,84.98392697148603,4.418340166142132,5,4,0.00012416347922214065,0.0027543162608658664,0.0,1.0,1.0,1.0,0.0,1.0,1
307.8845606959994,11.747131285831234,3,0.00042249785087090474,0.00022265067263045276,0.0,25.392996077261415,3.8439584428761346,3,0,0.004261050894092771,0.002620317437006967,0.0,99.0,0.0,0.0,0.0,0.0,0
68.1032895384285,4.59300824150333,4,0.008194904524769812,0.001120883727533392,0.0,58.896556320958524,7.932413682519772,1,4,0.0022186022944694953,0.0010919167314342871,0.0,3.0,0.0,0.0,0.0,0.0,1
41.201577128478306,8.9236436664214,3,0.008016546048216644,0.0019156884057408416,0.0,66.03799310648851,2.7427289733510145,5,5,0.0011698585062707722,0.0008810559306319549,0.0,99.0,0.0,0.0,0.0,0.0,0
136.8523183786149,3.855474965474864,3,0.006401105173396176,0.0012613434703469483,1.0,71.84453041187692,2.498007495475,3,4,0.00011337738673680078,0.0004514496697182198,0.0,2.0,0.0,1.0,0.0,0.0,1
35.26811723489098,4.170331746502711,1,0.0004908321622849296,0.0009217396247091132,1.0,16.566972155189074,6.188672767853911,8,6,0.0016253872853184048,0.0002846306013525426,0.0,4.0,0.0,0.0,0.0,0.0,1
56.238674501864104,4.0421472694850955,6,0.006470002516429211,0.0006760363924222199,0.0,24.936618001742275,2.338059386259374,2,2,0.0032538613604426616,0.000207834902270618,0.0,99.0,0.0,0.0,0.0,0.0,0
16.53641348669359,4.919022849416041,5,0.005900820239999988,0.003602632725476165,1.0,21.95098109990055,1.8521529129146224,3,2,0.0019455497016731401,0.0025480147789246183,0.0,3.0,0.0,0.0,0.0,0.0,1
12.05420876331795,7.118773882706475,6,0.00012524065627680646,0.0004933653322550319,0.0,56.504013392055256,5.705788321463041,4,4,0.0023973614607734227,0.0007831820111264811,0.0,2.0,0.0,4.0,1.0,1.0,1
272.99039386148814,3.290055503306726,4,0.005476050158621457,0.0007610456850679067,0.0,9.726127314827337,5.537688470507641,0,3,0.002126069990308491,0.0008655494579219883,0.0,3.0,0.0,0.0,0.0,0.0,0
154.62141136920502,2.524143595975319,6,0.0015987096655007173,0.0007084352920270773,0.0,48.8206016229861,4.851490889389689,6,5,0.016078604805721937,0.000326660878347322,1.0,1.0,1.0,1.0,3.0,0.0,1
105.25141862394733,7.458330309757966,5,0.003671120612091952,0.00019760772384268504,0.0,10.491865446339022,2.2058092369464215,6,4,0.00854100953333637,0.001539264246748646,1.0,4.0,0.0,0.0,0.0,0.0,1
52.06877155721135,7.145491664497711,3,0.0030782801413102657,0.0006629534016177642,0.0,29.663884504012152,6.520183428652488,2,6,0.0003708176216993466,0.00015366250517975485,1.0,1.0,1.0,3.0,1.0,1.0,1
25.2245228913687,9.764848188257359,4,0.0029644592565720752,0.000646485297002679,0.0,74.6368117322399,3.757217833939052,2,2,0.0033466786208252715,0.0006776221293335852,1.0,2.0,0.0,5.0,0.0,1.0,1
23.609659325828332,3.004415269956514,2,0.004362738032858276,0.00028753661952557913,0.0,36.91928412291623,3.7424995243052352,3,6,0.006954693565381845,0.0005389678585096279,0.0,3.0,0.0,0.0,0.0,0.0,1
33.040479130126684,3.775075633262167,1,0.0032900913576079044,0.0010371993079512142,1.0,24.738737398042698,9.349072961284172,1,3,0.00471331358881459,0.0007850198816936098,0.0,2.0,0.0,0.0,0.0,1.0,1
73.74325186506516,7.6253584085880615,5,0.011393221320719769,0.00010596115038589998,0.0,62.40445146699095,1.7826380600126273,1,4,0.0030466982878584376,0.0006470430816870091,0.0,2.0,0.0,3.0,2.0,0.0,1
110.30794302214206,3.268101230744691,3,0.0027886069483906667,0.0008432394168126221,0.0,85.8865539204099,5.358480498722246,2,2,0.019337823330317288,0.0006855915132361143,0.0,1.0,1.0,3.0,1.0,0.0,1
96.35122797574388,6.2755963280433456,7,0.0006512054135889025,0.0005947700006289154,0.0,22.628844872658398,8.331985314821956,2,3,0.000105452748503585,1.4725740694497977e-05,0.0,1.0,1.0,1.0,2.0,1.0,1
36.272980911119674,3.865254030578059,8,0.0009770462295473987,0.0005945282289418585,0.0,26.349081622889596,1.8723901181689002,4,4,0.0013012977913178425,0.00014573767750367323,0.0,2.0,0.0,3.0,0.0,1.0,1
257.8482798845045,5.242006188817154,7,0.005379932665595458,0.00013354371488806166,0.0,66.34808101835515,4.253988644695311,4,3,0.002303807709805135,3.340959573409158e-05,0.0,99.0,0.0,0.0,0.0,0.0,0
117.12139239001812,2.161397695466497,6,0.0009010793543028846,0.0012663723444946327,0.0,206.52839070030353,2.335820540266247,3,2,0.0026748580973788494,4.7551462815968546e-05,0.0,1.0,1.0,2.0,1.0,1.0,1
74.6584385545065,4.55821911788803,0,0.0023520051055358013,0.0012526346195785745,0.0,19.43810363337534,4.727977241306828,1,4,0.003615022189886751,0.001604344112146295,0.0,2.0,0.0,0.0,1.0,0.0,1
85.68243776299481,8.517454643077318,3,0.00861400141603595,0.0012321460606260284,0.0,68.72194821891179,4.447653108742014,4,1,0.002513604142756773,0.0008339579784676365,1.0,99.0,0.0,0.0,0.0,0.0,0
53.52302924256411,6.770456622484618,2,0.0053391548208980115,0.0013631333282037614,0.0,147.24531029946445,5.252740548445646,4,4,0.0014253224713624522,0.0009280941451399242,0.0,2.0,0.0,4.0,2.0,1.0,1
32.772903381925076,2.434510519810212,6,0.00611694984090472,0.0007804232587241396,1.0,42.19009674307215,2.3283831284357395,1,1,0.0001389357470116314,0.0012435245524973603,0.0,2.0,0.0,2.0,2.0,1.0,1
45.201130345848995,11.186644266435614,6,0.0077544998997968895,0.00020314051532738082,0.0,27.861942376081902,4.184457244829664,4,5,0.0020344070566973983,0.0013120549264348145,1.0,1.0,1.0,4.0,0.0,1.0,1
123.45454782053706,8.209278665451894,7,0.0017433958301282613,3.969029408834405e-05,0.0,70.95354034214353,5.414564051367549,5,3,0.0017324520588733188,0.0034393099449089013,1.0,1.0,1.0,2.0,2.0,1.0,1
11.159846377664342,2.215131500687104,2,0.002120469870109193,0.00011952205644471103,0.0,6.916183227979855,2.5765918282583464,1,3,0.008357763015957032,0.00013806354678743196,0.0,3.0,0.0,0.0,0.0,0.0,1
19.870431379198084,3.145570847788056,7,0.020341322458130577,0.0041695476937934906,0.0,31.79227965845011,4.414533697873371,3,0,0.009823032728735512,0.00026933941795307184,1.0,1.0,1.0,1.0,3.0,1.0,1
13.767550156201642,2.28184866124707,1,0.0010690219323952726,0.00013574365328664176,0.0,22.902261928267286,2.9530360690699813,3,1,0.010986838914203132,0.00025928865119917324,0.0,3.0,0.0,0.0,0.0,0.0,1
13.326516153383395,5.328850344033227,3,0.004024531971291138,0.001236658784547199,0.0,20.264254596564356,6.3524644296024615,4,2,0.007808281249927964,0.0001620718807228273,0.0,2.0,0.0,1.0,3.0,1.0,1
164.7362426892527,3.0669139786753656,3,0.004239436611678894,0.0002024190506796894,0.0,16.88944404473884,1.6910515141444,3,0,0.0008436422210798795,0.0022226398092910714,0.0,1.0,1.0,1.0,2.0,0.0,1
107.29924893605506,1.4325080104750896,2,0.0018651638004990947,4.459609946142466e-05,1.0,85.15051797295128,4.157382542533981,1,3,0.005590191332826719,0.0006631158196516112,0.0,2.0,0.0,4.0,3.0,1.0,1
61.42276755303139,4.159242859158073,2,0.002935908336423161,0.0011263559806520896,0.0,191.19877554815264,7.569103384182503,3,1,0.0022125667114937363,0.0007075331907401314,0.0,1.0,1.0,1.0,0.0,1.0,1
18.236553475825062,7.283615685461943,1,0.00051086457188958,0.0010440888486316676,0.0,34.14560877575097,3.0177866071864754,3,1,0.004777694640663892,0.0011709139269866949,0.0,99.0,0.0,0.0,0.0,0.0,0
64.12143726377866,4.613912220315587,3,0.002891344196047648,0.0006557336044115533,0.0,8.020991126239508,1.5633719772394907,2,2,0.00034804427677026165,0.0006917676320255785,0.0,2.0,0.0,1.0,2.0,1.0,1
61.3160265675497,5.942714945130388,7,0.005575928498848191,0.0030142257749634234,0.0,81.14520971216815,4.074932886999703,3,2,0.0014758385175008782,0.0007820582856392906,0.0,3.0,0.0,0.0,0.0,0.0,1
25.215577024018,4.8763155106730345,7,0.006542652664447514,3.184525654258855e-05,0.0,51.35796608748945,7.427820563587982,2,1,0.0008414010211611491,0.0002764974103918907,0.0,3.0,0.0,0.0,0.0,0.0,1
55.511930504185905,6.604866479479988,2,0.006402446491211829,0.00023986278159828352,0.0,82.16405663344304,3.4358566081260533,5,2,0.002306728375238323,7.712749659496863e-05,0.0,1.0,1.0,1.0,4.0,1.0,1
50.66692916665655,5.1357698459344805,0,0.004136878470745292,4.32976902225792e-06,0.0,67.63111277850344,3.5740302700174222,1,4,0.017456554087273323,0.0014420522054039173,0.0,3.0,0.0,0.0,0.0,0.0,1
86.53779463305077,4.026432535005066,3,0.00552969791807554,0.0014691582522844374,0.0,146.508693423575,1.59091364510326,2,6,0.002250328364164762,0.00043461217322563725,0.0,99.0,0.0,0.0,0.0,0.0,0
90.64916288327296,4.5802787425211555,6,0.010944339623756119,0.0005685063599794588,1.0,14.08009236701503,6.207288286903836,4,6,0.010393206947865712,0.0001140305472683341,0.0,1.0,1.0,1.0,1.0,0.0,1
13.708985921642778,9.981681440654217,9,0.0007532271607467668,0.0007236974455086637,0.0,16.119215764009297,3.138550397619313,3,0,0.00439389587560153,0.0007579737687655816,1.0,3.0,0.0,0.0,0.0,0.0,1
47.550720372404925,6.14221907759714,2,0.009381425751917557,0.0018649478632613795,1.0,30.073753227557994,6.184412394125177,2,5,0.004703859137029129,0.0007344190309423659,0.0,1.0,1.0,4.0,2.0,1.0,1
88.64999958261828,2.430096912873807,2,0.0009698071106984526,0.002806633674286862,0.0,45.564286187301555,5.508188445797432,4,2,0.001190388340400036,1.7824947012180335e-06,0.0,1.0,1.0,4.0,2.0,1.0,1
65.95515620862318,4.537416013960581,4,0.004771136918384797,0.0002781746086163625,0.0,160.98978934149335,2.273753680517274,3,4,0.013168584768074025,0.0008206301583815532,0.0,3.0,0.0,0.0,0.0,0.0,1
165.3079562540351,5.272763643603256,4,0.005032977792814208,0.0003517874236183059,0.0,147.48627374808203,4.448194271967986,2,3,0.005257462272023977,0.00024606979859083026,0.0,3.0,0.0,0.0,0.0,0.0,1
95.99798112439983,3.9483117013595805,2,0.006662410699094837,0.0031809014047278882,0.0,128.28358673546103,5.561186528541603,4,2,0.002179176495769487,0.0009675045312863033,0.0,3.0,0.0,0.0,0.0,0.0,1
24.228229501384586,1.4354577970657858,6,0.002534943589817854,0.00014565108503841498,0.0,20.102376635412732,6.971919713902871,5,3,0.005630743926128262,0.000340183231596727,0.0,3.0,0.0,0.0,0.0,0.0,1
15.854594900499267,2.568792672186474,4,0.004652088643811927,1.878974986284039e-06,0.0,83.48812608934894,2.8691692156108726,2,2,0.0077778678601196985,0.0022511812030480455,0.0,4.0,0.0,0.0,0.0,0.0,0
92.27153176871128,3.3753950314533117,2,0.005054807609643271,0.0002622305921366793,0.0,34.021013893198464,3.6365834556248933,1,7,0.0001727016192326595,0.0047962521645715465,0.0,3.0,0.0,0.0,0.0,0.0,1
12.149525813391554,11.968849451800127,6,0.002249875344021761,0.00025481546475388905,0.0,165.5782051172473,1.3095548026646493,5,5,0.0007845236172539662,0.000882069365334931,0.0,1.0,1.0,0.0,1.0,0.0,1
80.50779022458326,5.7523490671846345,3,0.008227538489295713,0.0029598759785370425,0.0,19.488826682360354,7.952940984436722,4,5,0.0006460923621817227,0.00018609070379619727,1.0,1.0,1.0,1.0,0.0,1.0,1
235.38043643097214,1.7217576088807895,3,0.006087238429378449,0.00016862620610206885,0.0,14.137201811680594,5.057072599274101,1,0,0.007863104056253576,0.0010481981681041276,0.0,1.0,1.0,2.0,0.0,1.0,1
78.54259564620355,4.097363785180538,3,0.00961790098512067,0.00037059414021421656,0.0,115.85606218389887,4.5650179407595175,2,5,0.011039591682159506,0.0010423179011012325,0.0,1.0,1.0,2.0,1.0,1.0,1
49.30405537791258,9.06206274194987,5,0.0001676651289349277,0.002317643348554857,0.0,80.71891493723159,1.2879047941077812,5,7,0.00812312287900481,0.0009499492016136202,0.0,1.0,1.0,1.0,0.0,0.0,1
92.46617262759855,3.042140373246185,2,0.0004586996627546423,0.0012718745598524095,1.0,108.36367979237524,4.773454373358692,3,3,0.0021124749663100416,0.0008428072002858805,0.0,2.0,0.0,1.0,7.0,0.0,1
59.0364779240873,7.797476989591697,6,3.336951206104766e-05,0.001778739820987424,0.0,15.314481887801133,4.059897228792885,4,1,0.008641046273749786,0.0007834672329326021,0.0,1.0,1.0,1.0,0.0,1.0,1
73.1051488461056,1.748101377907894,3,0.00028687082366284664,0.0007556582476308457,0.0,134.66132350026427,3.3992050848093176,2,4,0.005080609006134924,0.0004752479953296786,0.0,2.0,0.0,2.0,2.0,1.0,1
237.05017169863993,1.0646961507746395,3,0.014168156508753822,0.0013711170447692682,1.0,72.92152467849212,4.302885795355211,2,4,0.008024909196663819,0.00013039204344592368,0.0,4.0,0.0,0.0,0.0,0.0,1
49.03420218801497,8.492027958444439,1,0.00301123646486132,0.0007461728281387615,0.0,68.2574920580287,3.7284955285338155,3,2,0.01900014219780027,8.207566659179803e-05,1.0,1.0,1.0,0.0,0.0,0.0,1
269.92734892054034,3.274767297280292,4,0.002332603007427543,0.0008611544881973508,1.0,57.420297473851164,4.8849280739186405,2,1,0.008558071436717113,0.0005205270501671741,0.0,4.0,0.0,0.0,0.0,0.0,1
198.60609470159352,3.4274442708644712,7,0.004830783960766698,0.0007749815227220244,0.0,91.85865858108102,4.1985606230237575,3,3,0.00157414295732656,0.00016639590829802767,0.0,1.0,1.0,1.0,5.0,1.0,1
27.431700875236,4.849576067248735,4,0.0010477418926472914,0.0006368168315927475,0.0,37.23102953358014,3.2584090647244532,4,5,0.010561446064120513,0.00041338985270064236,0.0,1.0,1.0,2.0,1.0,0.0,1
15.750732424252561,5.632944065785717,1,0.000385192371590548,0.00028274808636347755,0.0,13.550608883513005,4.724675898568492,3,2,0.0005817214200607041,0.0007202750763907281,0.0,1.0,1.0,2.0,2.0,1.0,1
18.498026838530418,1.152323715893755,1,0.003713590758810354,0.0020137802306809806,0.0,51.495916928661536,2.4967324631761496,1,2,0.003582139622561239,0.0007151821132544305,0.0,2.0,0.0,3.0,2.0,0.0,1
11.471191027778696,2.906239065941799,2,0.006908316424825771,0.0003812559824846288,0.0,87.72385206083719,4.212407088018743,4,3,0.0038047837680789233,0.0006790721408696943,0.0,3.0,0.0,0.0,0.0,0.0,1
17.93640093246033,4.487961138889523,4,0.002940844825253179,0.0004170539904333008,0.0,15.009157029532874,4.441317236623112,10,1,0.00922328122882481,0.0008352765762993733,0.0,3.0,0.0,0.0,0.0,0.0,1
101.90998980617337,5.6254034589509,8,0.002852758341176758,0.0011607536122150578,0.0,20.217763560391226,4.477005222060317,1,4,0.0028333254078867407,0.000592447193498064,0.0,4.0,0.0,0.0,0.0,0.0,1
15.907970155714162,2.414272510620922,3,0.006406232106425278,0.0004911284323965858,0.0,76.55143997626433,4.41152484900764,0,3,0.009680900958483583,0.0008797899788024013,1.0,1.0,1.0,3.0,5.0,0.0,1
40.73257506358948,3.8278180547504337,4,0.004909033309666748,0.00036257232400394284,0.0,23.85396119949485,5.793491847269887,5,2,0.00010191373896585902,0.0005857702196495218,0.0,1.0,1.0,2.0,1.0,1.0,1
159.08208320778218,3.036684545329272,3,0.002902753579816087,0.0007926496197593858,0.0,16.1754997054711,4.782003728623499,2,3,0.0028291814678047273,0.000844724022881029,0.0,4.0,0.0,0.0,0.0,0.0,1
11.88376025445692,4.946419691752059,4,0.009602848381532116,0.001760798105634155,0.0,137.10581352151002,5.579321627592908,3,3,0.0015737735916120613,0.0025106237488141145,0.0,4.0,0.0,0.0,0.0,0.0,1
144.76244049487667,8.311030889052624,2,0.0001601110465693366,0.0005772261328335835,0.0,15.525191341083023,2.7567744241288485,3,2,0.00687969027541934,0.0004148733765498622,0.0,99.0,0.0,0.0,0.0,0.0,0
36.48667734717036,3.5383240383167074,4,0.0007849108101049158,0.0011317072852827334,0.0,30.309260488493244,3.1147611412748706,5,6,0.004699142638348108,0.0006963202501557748,0.0,2.0,0.0,4.0,3.0,0.0,1
20.06000958632861,1.8979336189240916,3,0.016415309456805287,0.0011222910605833741,0.0,38.56212980776788,7.219678883084941,3,3,0.0019714177670426473,0.0007110372100480595,0.0,1.0,1.0,1.0,1.0,0.0,1
105.45243267519308,2.816614649934407,7,0.0070252559246732245,0.0003184908566161111,0.0,43.79184670548641,2.007170728299036,3,6,0.005765192282633278,0.0007544209380114162,1.0,3.0,0.0,0.0,0.0,0.0,1
89.31193411465762,11.119225343611564,3,0.001254335106614518,0.003847133324365093,0.0,31.90015755180975,5.397159332442611,4,4,0.018022156695878734,0.0018074288312387285,0.0,1.0,1.0,2.0,2.0,1.0,1
177.95326512695573,2.5744436588958055,5,0.0016444755168458615,0.0005145913686433712,0.0,151.19339453461228,6.70204691823077,4,2,2.0596943524309414e-05,0.000577864421872929,0.0,4.0,0.0,0.0,0.0,0.0,1
116.26348630115203,2.0931567922662424,3,0.002269647709763031,0.002587498209664421,0.0,69.48646082520183,3.451319964940861,5,1,0.004645763157381404,0.0009743018248784068,0.0,2.0,0.0,3.0,0.0,1.0,1
140.15966447951826,3.412511128947912,0,0.0012118660173680437,0.0003307951892316107,0.0,31.72986821703965,2.1481294890567852,7,5,0.0023628400587659294,0.00023571987321597274,0.0,4.0,0.0,0.0,0.0,0.0,1
36.50670898453909,4.097976840397065,6,0.0025196075576127005,0.000434291664445997,0.0,31.563829798034313,3.682503110333745,1,4,0.005974997749186538,0.0004859757029202683,1.0,1.0,1.0,3.0,1.0,0.0,1
25.62666368323576,3.1448887444558435,7,0.0033440706373213456,0.00016906181981546137,0.0,46.94418094229148,1.537950039093241,3,8,0.0022826691731730763,1.567055860074013e-05,0.0,2.0,0.0,0.0,0.0,0.0,1
121.10051168043398,1.7527602890375968,5,0.004158049110388513,0.0005042494464144754,0.0,7.054571336357967,2.9214251884883264,3,4,0.010416515531276208,0.00037525638509054146,1.0,2.0,0.0,3.0,1.0,0.0,1
141.53673465947355,5.234539933097656,4,0.0030268371917047164,0.0005215925664189597,1.0,161.7449089441692,3.2247424969664005,5,2,0.001237487604736567,0.0033366369951741744,0.0,2.0,0.0,6.0,2.0,0.0,1
382.5603912112184,4.949447934961063,1,0.0013231166663196267,0.0006008981229546121,0.0,20.162790645269684,4.593254001992753,3,2,0.00038522857512486835,0.00013488253929956506,0.0,3.0,0.0,0.0,0.0,0.0,1
52.5663483322084,6.46091872616896,8,0.011691232856585684,0.0008621424928292576,0.0,76.75880303700812,2.720200171830858,3,5,0.004784170620973667,0.001264141181589992,0.0,3.0,0.0,0.0,0.0,0.0,1
47.219512956938615,4.883510576059285,4,0.0027986486079256824,0.0006446268332337658,0.0,95.22978733756432,3.1476179686952386,4,3,0.0013388084409504289,7.781987387429841e-05,0.0,99.0,0.0,0.0,0.0,0.0,0
129.83636026748695,10.57141212594554,0,0.01326532957135741,0.0046128191742762425,0.0,110.40080597232843,6.861001930327542,5,0,0.0017286554737860676,0.00019442428182112634,0.0,1.0,1.0,1.0,2.0,1.0,1
43.33869367446025,6.762077996191315,3,0.002992309039171783,0.0015697005648693096,0.0,15.865585011040867,2.276385374013623,2,0,0.0004545458435891783,0.0013368587750635995,0.0,2.0,0.0,1.0,4.0,0.0,1
223.61103395194613,5.974884280157065,3,0.009600988055256403,0.0008225741404265518,0.0,51.161931694012935,6.974667196401009,3,5,2.63702252795331e-05,0.00024991112109097764,0.0,1.0,1.0,3.0,1.0,0.0,1
166.38713257329994,8.493223803314994,3,0.01092426560988914,0.004064100700691157,1.0,10.243008658148126,4.319022444252577,2,0,0.005488146194729011,0.0005236977748000158,0.0,2.0,0.0,3.0,1.0,1.0,1
54.828448755372776,4.709033548838001,3,0.002145153850096848,0.00043835810259128634,0.0,103.02148347138925,5.761361315708704,5,5,0.004128576142165036,0.00024001826759218332,0.0,2.0,0.0,0.0,0.0,1.0,1
121.18277731963688,3.8761391285842683,3,0.0015881039403963565,0.0020135445045874555,0.0,44.98465222068089,2.1309740000536093,3,4,0.007423209157157478,0.00014149342690368834,0.0,2.0,0.0,2.0,3.0,1.0,1
122.37063894840136,5.199522829677367,5,0.006322809179750501,0.0010771987548856604,0.0,15.353375813739994,3.4639163388642755,5,1,0.0006990249093225101,0.0005629445741252621,0.0,99.0,0.0,0.0,0.0,0.0,0
18.70700150453744,1.407306802589547,9,0.0008258058006227455,0.0024032577888063187,0.0,81.09552317198455,3.467497944806313,4,4,0.0026257838628512115,0.0003865138069741741,0.0,99.0,0.0,0.0,0.0,0.0,0
196.27565446941054,4.717990650006174,4,0.0029379635125663644,0.0033090385528325643,0.0,29.133508137208807,3.320179777374133,4,4,0.019031165669337505,0.000586699599281345,0.0,1.0,1.0,1.0,0.0,1.0,1
66.29659918054034,4.095341922573231,1,0.004216345612788777,0.00030306520179579696,0.0,12.296616766970988,3.8910199092593474,4,5,0.0001056556400384445,0.0023974290201021244,0.0,2.0,0.0,7.0,2.0,1.0,1
150.1066046018664,5.538382462747835,1,0.0012990304040289913,0.0007000578860243749,0.0,42.09060104281751,2.655254072290359,1,2,0.0030223452588433357,0.0001880329737222512,0.0,2.0,0.0,2.0,0.0,1.0,1
40.85883409316067,7.81137858139286,3,0.0030107054778682526,0.00023947316245094414,0.0,21.092110902587834,2.594975071779797,4,4,0.011349037424582339,0.00035893443403180766,0.0,2.0,0.0,3.0,1.0,1.0,1
190.70324116367408,6.0784557497970155,2,0.002504503315900638,6.735381529208691e-05,0.0,185.0107315838207,2.727761943302538,8,2,0.012998842498508934,0.001639118164483683,0.0,4.0,0.0,0.0,0.0,0.0,1
49.4390763248137,2.8210083831723702,3,0.008281045522681243,0.0009678033597832342,0.0,31.905017569232648,5.839425915176084,4,2,0.001985315297477143,0.001219188059093454,0.0,1.0,1.0,1.0,4.0,0.0,1
10.871744529214038,7.066284639276502,1,0.003576977243189807,0.0002737503411088293,0.0,55.981449996371836,1.9057134442782424,4,4,0.010897063780334476,0.005156839514277978,1.0,4.0,0.0,0.0,0.0,0.0,1
198.6325837569963,10.663636685441578,5,0.021179349034741213,0.0006248586816703888,0.0,182.8086828887203,2.6691403507021287,4,2,0.0070963853567183495,0.0010879674481564037,0.0,99.0,0.0,0.0,0.0,0.0,0
17.65804884387802,7.932186230791177,4,0.0026926721549473264,0.0005594578172420636,0.0,35.02491863295503,5.204879705327202,5,2,0.0004919578188513483,0.0017235296430429287,0.0,3.0,0.0,0.0,0.0,0.0,1
40.77229067080311,1.9851924690891647,10,0.0011917858037501683,0.000516693041257394,1.0,31.601877051565758,7.42863336755077,3,1,0.0025326413239875846,0.0009634831605934128,0.0,2.0,0.0,0.0,6.0,0.0,1
249.75779065506285,6.040419366100146,4,0.0011262466289394403,0.0022055920436278714,0.0,15.633281206541954,7.331102395521922,2,3,0.007432966176706381,0.0013078055033010519,0.0,1.0,1.0,2.0,1.0,0.0,1
250.63596320831917,2.1434739758404238,3,0.0021532697140997582,0.00202885090520779,0.0,172.1317473368275,5.562160878248744,4,2,0.003972730459346682,0.0012899765354573403,1.0,1.0,1.0,2.0,3.0,0.0,1
78.15978328442111,3.6544145471667706,5,0.0011879384488299905,0.0009686673323141203,0.0,101.7901253067112,6.637525901684384,2,0,0.004524816036093329,0.0010360250061732617,0.0,4.0,0.0,0.0,0.0,0.0,1
89.93840643124197,5.4419186379249975,2,0.0017006888401389427,0.0013254101451633925,0.0,19.985500387150715,3.086554626878542,4,6,0.0039356090499254445,0.0016576553871036652,1.0,1.0,1.0,1.0,2.0,0.0,1
57.601173089828606,5.025707188015736,3,0.007587951211206874,0.0010884688255370946,0.0,29.268634270112905,2.712566696720158,2,0,0.0023976460187217414,0.0005325103735616402,0.0,2.0,0.0,2.0,1.0,1.0,1
37.761822299695766,7.840451191529566,4,0.004072214673682903,0.0005540493171914998,0.0,152.84399934947044,1.2087996361835922,4,2,0.012538866627070584,6.848649892708727e-05,0.0,99.0,0.0,0.0,0.0,0.0,0
41.87890676403118,10.69478055547846,2,0.011425611479682192,0.0008453800545323184,0.0,51.23793715631933,2.767565636227048,4,1,0.0008945427111224411,0.0008273726492942243,0.0,3.0,0.0,0.0,0.0,0.0,1
99.3058863942805,5.769283162732102,1,0.0158112883786052,0.0025220403842249675,1.0,53.76103387284584,2.946289588936348,4,3,0.004845447836523432,0.001238400255998505,0.0,2.0,0.0,2.0,0.0,0.0,1
121.66702989304618,3.4917288560942614,5,0.005170056498401271,0.001049111162375594,0.0,67.6720788640992,1.3814119252385542,0,4,0.006396742339767322,0.002815662635474703,1.0,1.0,1.0,2.0,0.0,0.0,1
135.4556332976919,1.434429204980742,6,0.0029317939715121145,0.0003620595446454848,0.0,91.17038917052501,2.116349965254474,6,2,0.020665512276861895,0.0013659618514032822,0.0,3.0,0.0,0.0,0.0,0.0,1
134.70648254789933,9.027247279443612,7,0.011440614929364754,0.00229786268172032,0.0,173.09440890941,9.16148687411483,3,4,0.002694871768697085,0.0005715068894868856,0.0,2.0,0.0,3.0,1.0,0.0,1
17.650955723225557,4.108199457896198,2,0.0005230972472676903,0.0017834067579839239,0.0,102.23753777345708,3.40650261083271,1,1,0.009062615937602074,0.0007789097356061555,0.0,99.0,0.0,0.0,0.0,0.0,0
64.56396772586848,4.23726433780068,5,0.0009247473641182152,0.0002259712141301741,0.0,168.58739240973202,2.1426004885926666,2,3,0.0038343453510949026,0.0018670216437625356,0.0,1.0,1.0,3.0,1.0,0.0,1
14.742536515899022,4.441178245115875,5,0.010263023755215303,0.00024874496002511205,0.0,108.09150344627405,3.1822059494285306,0,1,0.0006196286813851786,0.0003558784514092082,0.0,99.0,0.0,0.0,0.0,0.0,0
73.79690525563143,5.61298221813709,7,0.0016967667131889592,0.0004935854076094636,0.0,7.852802074124353,4.027889492852066,3,1,0.0010641973304721262,0.0016529530631782354,0.0,1.0,1.0,0.0,1.0,0.0,1
56.60442199898269,5.711373046836496,5,0.0019343212258452842,0.00018977195466201105,0.0,12.502143260863626,3.4879058408517536,3,2,0.0021788228172613237,0.0003948695094971793,0.0,3.0,0.0,0.0,0.0,0.0,1
184.9294931376641,3.68894149137156,4,0.012496647203830388,0.0006399223436959205,0.0,134.71355014820125,2.440385437445877,3,3,0.0032509441827290454,0.0022616795631156222,1.0,2.0,0.0,2.0,1.0,1.0,1
44.575329557430805,4.083963571264018,7,0.0049287146996175,0.0002600254079057737,0.0,6.68523368328628,5.290257396765258,1,2,0.00041086495519068907,0.0011983142179567523,0.0,99.0,0.0,0.0,0.0,0.0,0
19.96047820419607,3.006549762281892,9,0.004993607096265275,0.0018109991134334568,0.0,99.8436367755222,11.214471391487743,4,2,0.000191703551750889,4.707134388130901e-05,0.0,3.0,0.0,0.0,0.0,0.0,1
22.34461236336955,2.819743335710151,3,0.013086270449210688,0.00024150041935017656,0.0,118.76472439158593,6.290509389940375,3,3,0.0021069338887309205,0.0016696613633627577,0.0,1.0,1.0,2.0,1.0,1.0,1
124.6744437663275,2.8119108065561607,5,0.0004849644710122737,0.0006368943912516485,1.0,37.21627222706138,3.158468047800064,5,1,0.003365503484240069,0.000162507427910971,0.0,3.0,0.0,0.0,0.0,0.0,1
87.0324543798428,4.055683365856415,3,0.01854454312547727,0.0010935733422715642,1.0,31.296787886979907,3.3176820084013947,1,4,0.002275598427837595,0.0014779031758667292,0.0,99.0,0.0,0.0,0.0,0.0,0
18.528696979630837,2.5128294474950463,1,0.0028688117413295713,0.0008848723760293653,0.0,17.970390489704155,4.744769837752483,1,4,0.0037102141697702216,0.002137127057996428,0.0,1.0,1.0,1.0,3.0,1.0,1
17.028441733488407,1.0517209702509043,5,0.000271702376234931,0.0002162838157290026,0.0,8.00935469741191,3.8865643672420096,4,4,0.0038452429902750226,1.3101309707168482e-05,0.0,99.0,0.0,0.0,0.0,0.0,0
106.57667773224799,3.456186531069071,3,0.011436215316056882,0.00013164051932738606,0.0,87.07967912568053,6.138169781020421,3,3,0.00020822516736348118,0.0006175505520836428,0.0,4.0,0.0,0.0,0.0,0.0,1
16.04368716206377,2.050410252828952,4,0.005856517721211514,0.000480667645222297,0.0,9.5951817524059,6.753280700140419,3,0,0.003930110093352245,0.001145224285274803,0.0,2.0,0.0,3.0,0.0,1.0,1
148.0148683046865,4.623880079437768,6,0.0027985713268936186,0.0009358356894664998,0.0,178.66599793756188,1.5843160409594397,3,3,0.002046595612865272,0.0012041239044135253,0.0,1.0,1.0,2.0,5.0,1.0,1
107.9999802504004,2.999778294463393,3,0.006179585742274346,0.0002240488492017588,0.0,26.122012155282334,4.559813924721247,5,1,0.0030152930937581836,0.003078454044936575,0.0,1.0,1.0,3.0,1.0,1.0,1
16.787900046424966,5.654475701537301,4,0.004262658680324493,0.003261172393485061,0.0,99.86394930771823,1.208324373677028,5,5,0.000794515894096963,0.0025849965414639522,0.0,2.0,0.0,3.0,0.0,0.0,1
17.092309422224535,2.152889554104965,8,0.00018310475804399418,0.00028758078315747795,0.0,8.692271324836291,8.200100847215658,4,4,0.0005585565777303821,5.1059032762870515e-05,0.0,2.0,0.0,2.0,1.0,0.0,1
355.23668496464734,1.5475941362365369,6,0.0020341377112832394,0.0009237122313622914,0.0,51.108291240216204,2.9916090800894835,4,11,0.00858120841014416,0.00015981834192057816,0.0,1.0,1.0,0.0,2.0,0.0,1
47.50700660418317,4.090024419410712,2,0.004592990562501763,0.00013486910211389812,0.0,30.763912833222676,1.6150121882982655,3,3,0.0026859777896350145,0.001368646330348707,0.0,2.0,0.0,3.0,1.0,0.0,1
47.044420838025,3.3705339693577,3,0.00884962705703359,0.00045517776321106815,0.0,6.827620810655693,4.097697887643479,1,1,0.010541325608549963,7.677616368878694e-05,0.0,2.0,0.0,4.0,5.0,0.0,1
144.04603226261418,1.9579628550733237,6,0.0004658160093764268,0.001846801978628498,0.0,68.99183117476481,7.236837578478673,4,3,0.0008641299142183902,0.0006831114878763206,1.0,99.0,0.0,0.0,0.0,0.0,0
245.3731630370595,6.765323097984662,1,0.012098404484816276,0.0001311044964354978,0.0,177.05377079039621,7.126226488817263,3,4,0.0014697657493729895,0.0009645463148151217,0.0,99.0,0.0,0.0,0.0,0.0,0
351.50191516815875,2.3574860873330996,2,0.006809517708722259,0.00011041326292485259,0.0,5.648659759656463,4.5246791406477875,1,3,0.0013464884681368915,0.00010287109981137784,0.0,3.0,0.0,0.0,0.0,0.0,0
121.99193840930734,2.7435503921675903,4,0.003573361810391326,0.0010524087763128076,0.0,23.918567182623338,2.7033335902836404,5,2,0.006107117571968475,1.3539126464993209e-05,0.0,2.0,0.0,0.0,1.0,1.0,1
47.76167996953005,7.538967581445887,0,0.0015705880948921247,0.00026959687425412454,0.0,77.96388563425958,3.1018339251469116,2,2,0.010766532324046056,0.0011062425189592039,0.0,3.0,0.0,0.0,0.0,0.0,1
16.97551949583658,5.849793506805679,2,0.006002266707330277,0.00029180193464819793,0.0,127.99469986710793,2.0018200217595963,5,3,0.010474650472704274,0.0003132803534669165,1.0,99.0,0.0,0.0,0.0,0.0,0
130.09940323637005,2.2185917496610177,4,0.0033740376935905408,0.00032275740656186985,1.0,17.701006212322255,3.7621683821341345,3,3,0.01053248758924623,0.00040761497840862207,0.0,1.0,1.0,4.0,2.0,1.0,1
75.38883260491944,3.5501100967281602,7,0.010445468626865087,0.0004728296375032126,1.0,9.400503564066202,3.903363326246968,5,5,0.006506609160204223,0.000813630165334406,1.0,2.0,0.0,1.0,2.0,0.0,1
54.1626500243979,2.0997525443635654,3,0.0066668190729800465,0.0001319401220856058,0.0,5.5207372241668615,1.7836793037562348,3,8,0.00850985212231703,0.0005195322566993677,0.0,3.0,0.0,0.0,0.0,0.0,1
199.45901403824723,7.214270195961913,3,0.00011541885359172549,0.0014063606110104416,0.0,19.540073198175314,5.945528273910447,2,4,0.00023475463952458975,0.0010762401148358635,0.0,2.0,0.0,1.0,2.0,1.0,1
19.43041663775042,7.2113615225895895,3,0.010194665062105784,0.00026017702656644826,0.0,9.43928840046112,1.095862665503613,1,4,0.004242318648943659,0.0029233012062564127,1.0,99.0,0.0,0.0,0.0,0.0,0
64.28040874983634,11.640484331143488,6,0.00014000579063538562,0.0008502324987646032,0.0,31.719324957970535,4.769770970431052,4,6,0.0010835467963805465,0.00038180858580574373,0.0,2.0,0.0,0.0,1.0,0.0,1
10.913487154603333,14.376694297944187,5,0.0041874249011767135,0.0005336481690845544,0.0,39.80258711664495,5.619875928296764,3,1,0.002890700169179897,0.0005125512889780864,0.0,99.0,0.0,0.0,0.0,0.0,0
60.5883495666341,2.9793909882162617,4,0.0026578760322801646,0.00020221167409546992,0.0,44.22679705946688,6.2019182068765835,1,2,0.017424634101111957,0.00021943391807412746,0.0,99.0,0.0,0.0,0.0,0.0,0
14.636034485274063,6.532959114173485,2,0.0029900463124620884,0.0013856583222394627,0.0,14.21210387855313,3.648271542604887,5,2,0.0050997521864213965,0.0006397036420098079,0.0,1.0,1.0,4.0,0.0,1.0,1
20.119279674493697,1.4520555799607717,5,0.00015166643162486653,0.0004024171465889825,0.0,42.41592927167544,3.8690371830667627,4,1,0.000558539348078094,0.0011338581809264261,0.0,1.0,1.0,2.0,1.0,1.0,1
20.0020985605965,4.834678827925865,6,0.015676426465229275,9.996186571948782e-05,1.0,5.545571405755896,5.8034225147381715,3,4,0.004972211481723024,0.0001544362658039266,0.0,3.0,0.0,0.0,0.0,0.0,1
93.80547091255772,5.556914605438073,2,0.00890950900213603,3.5725684062988696e-05,0.0,21.420524570761067,4.065873434991454,3,2,0.00815828151500094,0.0025635289619269155,1.0,2.0,0.0,0.0,3.0,0.0,1
119.64781740771782,2.429512549609001,4,0.007469198785809811,0.0009932566204345862,0.0,32.63514772912876,2.43318545261831,2,2,0.0030970957948236234,0.0002616057873084813,0.0,1.0,1.0,2.0,0.0,0.0,1
80.04430217622948,2.8730844626490226,2,0.0012563723020455693,0.001043477117623047,0.0,12.55771487739284,4.058089860360434,3,2,0.007230694698586668,0.0008975490604548949,1.0,99.0,0.0,0.0,0.0,0.0,0
271.9776167281902,7.240514722756621,3,0.013229778701207093,0.00022901759216549042,0.0,105.92199934005028,8.642922722259756,5,3,0.00044941225990225916,0.0003128978968370414,0.0,1.0,1.0,0.0,3.0,0.0,1
47.58372623362138,5.6393996452944855,6,0.008998081467910618,0.0016355302422590473,0.0,18.479611472989465,2.766078635469369,1,3,0.006971062827274202,8.865558048819775e-05,0.0,99.0,0.0,0.0,0.0,0.0,0
36.917532593644694,10.757081651479066,3,5.23674853143667e-05,0.0008623701313934685,1.0,89.36282079089754,2.4936308825272686,4,5,0.0011375831609795333,0.001983069971513196,0.0,3.0,0.0,0.0,0.0,0.0,1
172.36020305361836,10.015945411503958,1,0.002816959711185892,0.0005574611773314041,0.0,43.53504439246889,3.1589795909198357,4,3,0.0018160335404332603,0.0011106591882538792,0.0,1.0,1.0,0.0,1.0,1.0,1
30.246565418548272,1.6246875475778637,3,0.012696215274518016,0.0006746437781922325,0.0,44.205952265964825,4.264460029633325,2,4,0.006136043775055506,0.0007135754231412238,0.0,2.0,0.0,2.0,3.0,0.0,1
274.22960850015284,3.1543014137104257,7,0.012594999612554215,0.0007539176026015457,1.0,67.17110390291003,2.252465417218887,3,5,0.018462983830173443,0.0009223821984716672,0.0,3.0,0.0,0.0,0.0,0.0,1
10.978315548717545,2.2906302745538,6,0.0038337314796469436,1.40253344293523e-05,0.0,7.7172740883233555,1.562599852784139,3,0,0.0013931864181520959,0.0003314771688313749,1.0,1.0,1.0,1.0,4.0,1.0,1
290.20215383035855,6.696649136898453,1,0.0013055249954598462,0.00013224302342144058,0.0,9.92203843574325,4.035030001955132,4,0,0.0011982239446225555,0.003961329349978116,0.0,1.0,1.0,0.0,1.0,1.0,1
13.529519889480152,5.120962608555201,3,0.0031423454977025766,0.0007204557988145454,0.0,28.74664521894238,3.770948135582023,1,2,0.0006879835529253126,0.002963815811009768,1.0,2.0,0.0,3.0,0.0,1.0,1
187.4176983328007,2.377935811564398,7,0.0002820856386310312,0.00041468841409369783,0.0,37.35582080834985,1.5741251866486348,1,4,0.005151199914359664,8.361184460883718e-05,0.0,3.0,0.0,0.0,0.0,0.0,1
70.01146002795123,2.5900311202839243,4,0.006762077718096573,0.00016660722586770262,0.0,38.72090353859603,1.8392320202365005,0,5,0.0007963035004170727,0.00010939634364507535,0.0,4.0,0.0,0.0,0.0,0.0,1
406.54628863408266,8.712830101962018,3,0.007444516479251201,2.8903265447059486e-05,0.0,72.78521459783883,3.599467297165245,3,2,0.0032123719792958544,0.00020654699424071506,0.0,99.0,0.0,0.0,0.0,0.0,0
16.132910076356396,3.3665399579995507,0,0.0028500697778036563,0.0004409767625229648,0.0,5.042315628431921,2.7854188369011013,1,6,0.003853281664093228,0.0027123459858757965,0.0,1.0,1.0,2.0,2.0,1.0,1
74.5687730986679,1.3616315532909027,6,0.008923887839551321,0.003639632404087319,0.0,196.80498346460737,2.2509616908720584,5,1,0.002588712494102529,7.685847376605327e-05,1.0,1.0,1.0,3.0,1.0,0.0,1
288.6860177004804,2.2624294791432726,4,0.01542000172117902,0.0006281701627871253,1.0,16.505045933533104,2.8204271249821735,7,5,0.00237205883308849,0.0010322104876860653,0.0,99.0,0.0,0.0,0.0,0.0,0
69.23551465448352,12.104969168383995,6,0.005457736937413974,0.0008818241264611041,0.0,22.151558186756613,2.33187817887376,5,3,0.012628552373307955,0.002280077873836605,0.0,1.0,1.0,1.0,2.0,1.0,1
89.41026323049499,7.6698398365031855,6,0.007172402433612843,0.0019456640078283965,0.0,146.63013313804106,3.205688053467808,5,0,0.0004233273028894847,0.0005189550824851055,0.0,4.0,0.0,0.0,0.0,0.0,1
105.19209904934193,2.0296295076971473,2,0.0004957477725851174,0.001076843826675598,0.0,5.330392042295903,5.275988604963655,2,5,0.006347458701685994,0.0006939755067105134,0.0,4.0,0.0,0.0,0.0,0.0,1
58.49022045415607,4.8333606248100995,5,0.0018129336757864705,0.001021844775366336,0.0,289.70789165129867,5.777832971967446,5,3,0.008827472226425636,0.004817283264208909,0.0,1.0,1.0,1.0,2.0,1.0,1
89.01393384064177,7.388818397571393,4,0.007376228466043801,7.442828706124583e-05,0.0,7.197183662161953,2.3824639766234785,1,1,0.0011982901686150647,0.0001963654380928386,0.0,99.0,0.0,0.0,0.0,0.0,0
80.22606894446045,1.614615712558074,6,0.005595383943335513,0.00021421492562651433,0.0,12.707208334881305,3.830828247649058,2,6,0.0018946019384269049,0.0004363972663998268,1.0,1.0,1.0,3.0,1.0,1.0,1
195.1386215586118,7.882321315914761,4,0.005245746049138119,0.0010254382625820284,0.0,21.474636008532773,3.8112888698176737,3,3,0.003948496639996398,9.400592008255986e-05,0.0,4.0,0.0,0.0,0.0,0.0,1
13.720916939478478,5.607549505293549,4,0.0175209192384062,0.00025697200337382363,0.0,39.65229868019719,1.674610777286694,1,1,0.008381290832448282,0.0011807017903937194,0.0,2.0,0.0,3.0,2.0,1.0,1
36.387418071900676,2.776065907060997,2,0.0054889229243497446,0.0003157536642862781,0.0,48.84490375618394,1.3122150705274447,1,1,0.004558965072251114,0.0015214630608187283,0.0,4.0,0.0,0.0,0.0,0.0,1
250.31968046887448,6.146112591669368,5,0.007132454061491252,0.0014630360073612273,0.0,11.637023168997587,6.767630485802154,3,2,0.016218001100810727,0.0012203666460221276,0.0,99.0,0.0,0.0,0.0,0.0,0
186.7740662762789,5.163961668617142,5,0.0033429738457915956,0.00035218528505312225,0.0,9.591736700828982,4.718336379038783,5,2,0.010207337772871064,0.0005396666319097746,0.0,1.0,1.0,0.0,2.0,1.0,1
58.6540209567696,5.375470526286682,3,0.007368258617692506,0.00037170029282141787,0.0,6.942654725592758,6.653012773543333,2,2,0.0005081345369906239,8.475156447825089e-05,0.0,3.0,0.0,0.0,0.0,0.0,1
87.43464229911818,4.730505231962239,4,0.0007621280959225391,0.00039780479491959307,0.0,22.80342558926574,5.695293185099962,5,5,0.0003266524308826544,0.00012696613272367578,0.0,2.0,0.0,4.0,1.0,0.0,1
35.98987359161041,2.5367018502166805,5,0.004638705357441528,0.0007914913766599757,1.0,157.7046072942194,4.72277293643776,3,2,0.00610471298905596,0.0014045254213450398,0.0,99.0,0.0,0.0,0.0,0.0,0
26.67233291488516,2.811830153418186,6,0.02262926709240423,0.0014591046197949607,0.0,34.64229136257734,5.739963022940248,2,3,0.0024420847605035574,0.0008329800555931756,0.0,2.0,0.0,3.0,1.0,1.0,1
59.8446879043279,3.7555579509365904,5,0.007191918345301656,0.0006892062009334564,1.0,91.63728781289693,3.202771004925045,3,6,0.018171962671407853,0.0016711315186610097,0.0,2.0,0.0,2.0,2.0,0.0,1
44.87628276933867,4.45352833706444,7,0.012161821255560075,0.00025562831401202936,0.0,17.657203834850062,4.948565928563106,7,3,0.014733766825141097,0.0007142443638664306,0.0,1.0,1.0,2.0,1.0,1.0,1
80.09949648053144,6.363523862348808,5,0.005619220645169389,0.0007796819984853292,0.0,9.011944066442936,5.628148617315739,4,3,0.001414194886761316,0.0007412871959409803,0.0,2.0,0.0,1.0,2.0,0.0,1
16.473782754654785,12.277476543082273,2,0.00014745270984245655,0.0004473639932186505,0.0,53.48383113521574,4.814790186073485,5,4,0.00805075385527412,0.0028255806545143384,0.0,99.0,0.0,0.0,0.0,0.0,0
303.1968098018054,4.967346974029074,7,0.0034382599768797133,0.0019613596700753084,1.0,108.58945800054998,2.239570231124584,2,2,0.0036224734055537618,0.0012365847979746184,0.0,99.0,0.0,0.0,0.0,0.0,0
352.7092460442031,6.296698002509578,1,0.00461718517611802,0.0009152199317520745,0.0,142.23809892427076,1.9516249797275291,3,3,0.00213835509934508,0.0017734824733765945,1.0,2.0,0.0,1.0,1.0,0.0,1
105.82911055302316,7.166326379163677,5,0.0010292836602623567,0.0007922443497539997,0.0,52.406531066114695,4.600971427372971,2,4,0.0022407866250694908,7.43023846696806e-05,0.0,3.0,0.0,0.0,0.0,0.0,1
71.44627475296718,6.5635051613782185,6,0.001499873276107828,0.0002951573849436132,0.0,25.8911462374241,2.3022086204045595,5,5,0.006609706524256054,0.0005182289544820592,0.0,99.0,0.0,0.0,0.0,0.0,0
39.630344124348795,2.4830907107457767,4,0.011976034768160433,0.005298126923079355,0.0,11.95912194952267,2.3506821673750498,3,4,0.018247186646414528,3.252118009555422e-05,0.0,3.0,0.0,0.0,0.0,0.0,1
144.47257339903973,9.200772994681497,4,0.0007806061535515152,0.0032031801765989316,0.0,71.12521284763706,2.7982339368130993,3,3,0.0007523084331400392,0.001319421405052664,0.0,2.0,0.0,2.0,4.0,0.0,1
102.34636669190525,8.359626850889292,4,0.003402337460879097,0.0020007237392477956,0.0,24.746656491496193,3.0242922500333043,3,2,0.0046575096952335615,0.0008133171037836614,0.0,1.0,1.0,0.0,1.0,0.0,1
24.19789232803907,4.692248072398849,0,0.004403259587995453,0.0038709926481326332,0.0,116.45950590890307,2.861987594440503,1,2,0.004572918306059464,0.0013705784400284595,0.0,4.0,0.0,0.0,0.0,0.0,1
203.4640873599302,2.566734458041927,6,0.0035013266118339176,0.00015356736506624304,0.0,60.75057140581781,2.747573032067368,4,2,0.023647720436142848,0.0011884149994910768,1.0,2.0,0.0,3.0,4.0,0.0,1
148.31956090938172,4.411477093012022,3,0.004396650971342278,0.0015678106446631803,0.0,122.48807038795958,3.2152583786117015,7,5,0.002872292860599283,0.0008633722912798424,0.0,1.0,1.0,2.0,4.0,0.0,1
249.3390820026749,1.7086274691132908,3,0.0023409001324099887,9.525057879202997e-05,0.0,55.17299055946939,1.8089173190698615,2,3,0.00040453605949683155,0.003781483438279632,0.0,1.0,1.0,2.0,1.0,1.0,1
113.48832033569074,9.916970775406295,5,0.005216955944095584,0.0006996853882761423,0.0,93.63681799072057,1.5573985144168723,3,3,0.0014024262587230656,0.00032836148209449344,0.0,1.0,1.0,4.0,1.0,0.0,1
86.03232156730982,2.9610384443409012,5,0.00364389895982185,9.912295702759287e-05,0.0,25.914341600697462,7.752107127190681,1,6,0.00698474239366491,0.00010358245549764553,0.0,1.0,1.0,2.0,0.0,0.0,1
53.336200527449066,3.6435599052101986,3,0.0030551257237341495,0.00015664538882476605,0.0,46.95701302343567,2.120961795444286,5,1,0.0021110324228377445,0.0009964681243818092,0.0,3.0,0.0,0.0,0.0,0.0,1
225.92146892376945,9.50123213913083,2,0.0025969994910005527,2.8435857259672755e-05,0.0,6.17582892615838,1.075658759954064,3,2,3.506640943592619e-05,0.0008804040086960912,0.0,4.0,0.0,0.0,0.0,0.0,1
170.8313904037536,8.837013117565942,3,0.003969808953417155,0.0020795771610641178,0.0,61.16385830404857,2.5281397897994125,3,2,0.0016609266609914565,0.0031107062426434812,0.0,99.0,0.0,0.0,0.0,0.0,0
13.701835092249823,5.284495522663744,3,0.00918325019316271,0.001269809706800659,0.0,50.780627673786405,1.367628186873702,5,3,0.0017241504536588403,0.00016873830847762223,0.0,3.0,0.0,0.0,0.0,0.0,1
12.137665349320908,10.805605103928956,4,0.003274311703524375,0.0008663621974908295,0.0,89.4590041602417,1.626571288369311,2,4,0.0005579301711628547,0.0011686407225362555,0.0,1.0,1.0,0.0,1.0,0.0,1
47.78782092666103,2.4395345547813685,1,0.002165277511643601,0.0025811597128469763,0.0,83.328438939262,3.3529561959597247,3,5,0.0018665841702644695,0.0008877885123379422,0.0,99.0,0.0,0.0,0.0,0.0,0
143.09181783968688,5.286111627708207,6,0.0007509412444341294,0.00016885606888148133,0.0,64.2699433632541,1.7022673819149063,2,6,0.0016265978086784398,0.00033691517845489596,0.0,1.0,1.0,3.0,0.0,1.0,1
359.1420374576134,2.450747456707747,6,0.003219507874841789,0.0004251828157894988,0.0,8.501327018405709,6.711595139150909,5,3,3.369470156888745e-05,0.0003114548719647746,0.0,4.0,0.0,0.0,0.0,0.0,1
23.040760794758377,8.060054499149423,5,0.015099344786980998,0.00010722294834027585,0.0,144.98866282058256,5.014102485247818,1,4,0.00029547267428173176,0.0006082230965253221,0.0,99.0,0.0,0.0,0.0,0.0,0
82.13793041725886,7.893389987225757,5,0.0034760239391874986,0.00241448042391123,0.0,6.091010809645208,5.761790732996529,4,3,0.003616097346608565,0.0007176374447908169,0.0,99.0,0.0,0.0,0.0,0.0,0
48.35789598064769,11.262000639093017,3,0.0014606764521386097,0.0005553119323527293,0.0,102.55466938627637,3.478832132666418,2,4,0.009357430418605548,5.125038562071966e-05,0.0,4.0,0.0,0.0,0.0,0.0,1
290.296684350077,4.332523499724191,1,0.008359536569162681,0.00019605280351029958,0.0,44.160214399850155,1.8485625488470205,1,4,0.004597440993198949,1.767631211724592e-06,0.0,3.0,0.0,0.0,0.0,0.0,1
157.67305659469076,13.14139696626061,0,0.004380320050480987,0.00044602234343403834,1.0,107.22279342755017,2.7399300396872213,0,4,0.0028298543782097167,0.00015292833633622123,0.0,99.0,0.0,0.0,0.0,0.0,0
155.77520371758857,2.3397710044719773,3,0.001024670688210897,0.0003861162563537047,0.0,42.53714874117006,3.897081842231273,0,2,0.015476317685964589,0.0016607333380993122,0.0,3.0,0.0,0.0,0.0,0.0,1
60.593245691181885,4.1960797796251565,1,0.006761175034281643,0.002479007551547776,0.0,67.46666287820864,6.158637858674429,5,5,0.001796972042173794,0.0013204787169897169,0.0,99.0,0.0,0.0,0.0,0.0,0
52.86679490618792,2.3859316227851073,4,0.0007590919387143079,0.002929037940082004,1.0,32.08415101178707,1.89209186953552,2,3,0.0016308188628490373,3.825008157456415e-05,0.0,1.0,1.0,2.0,1.0,1.0,1
35.5511113720049,4.865820511851325,1,0.002738452081295183,0.003754762641859378,0.0,86.6794210586203,3.4012041447472585,7,2,0.0008279617295885752,0.00030317911328601094,0.0,3.0,0.0,0.0,0.0,0.0,1
14.642157107586897,2.5015340092178757,4,0.023117418778385287,0.0006794729646435338,0.0,22.595951980362255,5.607357079992143,1,5,0.00455510202173351,0.0008711292448435222,1.0,1.0,1.0,1.0,1.0,1.0,1
170.0340912002648,8.07307575586553,5,0.011051811985054899,0.0027682437207463113,0.0,81.24008016529257,3.978121762313873,1,3,0.006688998942074019,0.0014277354874809734,0.0,99.0,0.0,0.0,0.0,0.0,0
144.08939513999383,5.716889878821509,7,0.00427089069146755,0.002037248426054221,0.0,17.894353284051604,7.7524349730482385,2,2,0.00249219926459549,0.0005444632616644647,0.0,2.0,0.0,2.0,0.0,0.0,1
663.7956478254466,2.2338442948321884,7,0.007468282290480035,0.004335578940912361,0.0,81.84425155734868,2.6423237979083467,3,3,0.003397409519069741,0.0005039586578711511,0.0,2.0,0.0,6.0,2.0,1.0,1
465.5898720595467,6.986566221524089,4,0.0014819500250430543,0.0013712820198477612,1.0,25.86047459138866,2.69352220220643,5,4,0.0018486674554340826,0.0006146542432241631,0.0,2.0,0.0,1.0,4.0,0.0,1
74.85212741131151,10.35390776693233,3,0.0013673868810632369,0.001444211208406601,0.0,24.596333221425525,1.2529891389859904,0,4,0.00015780234275124434,0.0027826725349360893,0.0,99.0,0.0,0.0,0.0,0.0,0
127.22264721650086,6.0461392636517655,3,0.007773982502902191,0.00012757194616607264,0.0,105.11750664164293,3.243983507842616,4,3,0.002049699173529451,0.00027449619880652105,0.0,99.0,0.0,0.0,0.0,0.0,0
241.69373462995486,1.9042480629773875,5,0.0005229029204172163,0.0010662894991071033,0.0,105.82144869296715,4.4864027332904515,2,7,0.0039002420248112077,0.001535134608567234,1.0,4.0,0.0,0.0,0.0,0.0,0
161.58176117673966,3.9633011149311015,7,0.000781647178518057,0.00470557568298308,0.0,75.54302104333759,5.978097782985951,2,4,0.000939464669621805,0.0005974987354779995,0.0,3.0,0.0,0.0,0.0,0.0,1
32.732195566491725,6.5089838890081815,2,0.00810825301609885,0.0012650039113637533,0.0,159.54922603496072,3.4661267372404083,8,3,0.007108190740018607,0.002784713267629295,0.0,2.0,0.0,2.0,1.0,0.0,1
57.90614619198916,3.745175702870823,5,0.00990125529852975,0.0009881962958109784,1.0,15.189938312524744,6.217361090205062,0,0,0.002459659489894807,0.0003155020256338866,0.0,3.0,0.0,0.0,0.0,0.0,1
21.063707545047095,2.323511328368097,7,0.006710007672593117,0.0006201614648389474,0.0,23.826888704198907,4.6810816956073555,4,1,0.006152259740573628,0.000863745890651987,0.0,3.0,0.0,0.0,0.0,0.0,1
256.4179029153367,8.624554198466358,4,0.002859437324043951,0.0016427018617263549,0.0,25.88959966445864,8.950742658199676,0,2,0.0045281634579484665,0.0006867454845183518,0.0,99.0,0.0,0.0,0.0,0.0,0
84.54781620708945,3.651652090027598,2,0.0034379705016078597,8.17447048337446e-05,0.0,26.855330874294282,4.048994095976399,5,6,0.0001298549160848201,0.0007466789205551335,0.0,99.0,0.0,0.0,0.0,0.0,0
30.768298033478697,10.35772545418054,5,0.006327920281121485,0.000680978626709924,0.0,28.8526720794558,4.959218731475787,3,2,0.005578068739736289,0.0005578687101078058,1.0,99.0,0.0,0.0,0.0,0.0,0
99.10636313386001,3.164066385111288,5,0.0015363260564070077,0.001816732248078469,0.0,76.64316568724044,4.537980834342931,2,1,0.0026369225121858257,0.00039733551384624454,1.0,4.0,0.0,0.0,0.0,0.0,1
87.01363477944574,3.528318486004659,3,0.0011737942680298845,0.001704561623095256,0.0,23.944990220569704,5.984349299300764,2,3,0.0015198716780278722,0.001889535354941739,0.0,2.0,0.0,2.0,2.0,0.0,1
45.473636983768486,3.0231795338472507,8,0.006811365184810087,0.0013524833953559067,0.0,25.205797745929427,4.158769372988502,1,2,0.010648216347237557,0.0014851335235886451,0.0,4.0,0.0,0.0,0.0,0.0,1
19.643129711877542,3.9237033295127586,2,0.003546018452668607,0.0007049541240266148,0.0,55.69608098572496,2.9005043569215654,0,4,0.004721497017874869,0.0005071092667257249,0.0,4.0,0.0,0.0,0.0,0.0,0
99.07530268152817,5.661782107999835,4,0.0022553970028447922,0.0017970317907287391,0.0,17.892583250567817,1.812673639127965,0,2,0.010544836101864422,0.002822826602528974,0.0,1.0,1.0,3.0,3.0,0.0,1
68.76883393488302,2.3896492603414967,4,0.00034632293412386516,0.0007697300783289949,0.0,32.23718844413874,2.5686866136388553,2,2,0.0030261677103047054,0.00036605417264475373,0.0,99.0,0.0,0.0,0.0,0.0,0
128.3845664768412,2.1542007689979026,6,0.003549853134755904,0.00023203723674430937,0.0,8.58120348104592,2.804917283049162,1,0,0.004172135399279346,0.0015978524114976884,0.0,99.0,0.0,0.0,0.0,0.0,0
68.74478883388122,1.599069419266446,4,0.0005527629312665004,0.000285075089226115,0.0,187.8810685246733,6.386269782880711,2,1,0.007970958632295704,0.0013781868885867257,0.0,4.0,0.0,0.0,0.0,0.0,0
162.94160890467873,1.5156585902545494,1,0.006077552942842589,0.00012565281109870615,0.0,27.90265998928506,5.362244171131116,2,3,0.0035276730927573984,0.0005074477560460723,1.0,3.0,0.0,0.0,0.0,0.0,1
74.22032952171901,1.9155221249662904,2,0.0031936789506801302,0.0012983392514046687,1.0,118.84405489301547,10.841151975236862,1,3,0.009718678243206047,0.00015266277699495207,0.0,1.0,1.0,2.0,1.0,0.0,1
75.84916647841177,3.151539624377237,6,0.003167824898538626,6.468366796671179e-06,0.0,50.29441002077095,3.408126177268887,5,4,0.002383428259210514,0.0012283102236923067,0.0,3.0,0.0,0.0,0.0,0.0,1
177.42069145838173,4.813667768502594,5,0.00015195404291076326,0.00028138777919039723,0.0,20.5427349119283,2.029610651246296,1,2,0.013883400774952235,0.00026938449298907557,0.0,3.0,0.0,0.0,0.0,0.0,1
51.331785119049364,5.477980823480724,8,0.0004977028305342003,0.0013827460158813481,0.0,17.897694956040397,2.179332343614293,2,5,0.008690919242725104,0.0005383555661968068,0.0,2.0,0.0,3.0,2.0,0.0,1
21.511036431223914,4.683323426911193,4,0.005128805503231804,0.0008951385106797614,1.0,76.23888832129697,5.772652132204222,3,3,0.001363472710204453,0.0009748399155708226,0.0,1.0,1.0,0.0,4.0,0.0,1
12.336401714567575,9.658331132520201,4,0.002210750841403088,0.00037355799667858526,0.0,205.91995230432528,2.4825152501331322,4,1,0.0038000733282050367,0.0006644584414015203,0.0,2.0,0.0,4.0,3.0,0.0,1
122.56459621300685,11.515456942093094,4,0.002440847527208463,0.0012366134911898907,0.0,17.132091500514406,1.5388966217309483,2,5,0.0014251990175559032,0.0007473326384291794,0.0,99.0,0.0,0.0,0.0,0.0,0
87.47191736485436,3.661805027223951,3,0.008801373742796308,0.00032921726649400875,0.0,12.358621900678308,4.577523266712148,5,3,0.008888761254906164,0.0013493966869998235,0.0,4.0,0.0,0.0,0.0,0.0,1
107.41322782383011,2.4116423215336953,3,0.0031790305285408454,0.0016179576500829082,1.0,34.37314522820141,5.567492647087663,2,2,0.0061476847272348735,0.0025752142973802187,0.0,2.0,0.0,1.0,2.0,1.0,1
29.158519479475476,13.630765945346376,7,0.0038326813164939926,0.0007855246420889971,0.0,35.03376277807094,1.477424399961531,3,4,0.0035433549477983904,0.0003175738970404105,0.0,1.0,1.0,2.0,1.0,0.0,1
21.729004098262294,8.44907793769515,3,0.00822933481093033,0.00026989806013114347,0.0,103.47211753723766,2.6172947362337258,1,3,0.010911478268550228,0.0002364576735568904,1.0,2.0,0.0,2.0,1.0,0.0,1
11.172118101253503,8.08170482379484,3,0.0015599116213505715,0.00151053463892624,0.0,42.967087670238996,2.485283298534428,1,3,0.01583770133296143,0.0025554464113442628,0.0,4.0,0.0,0.0,0.0,0.0,0
44.53498092120554,3.078960686676637,6,0.0037715611557293666,0.0002673598437197492,0.0,8.869827374217145,3.5481652104238535,1,4,0.003819950387211501,0.0009985006002152636,1.0,3.0,0.0,0.0,0.0,0.0,1
81.31179005319557,7.089716794366244,3,0.0013043326756557512,0.0019453139474697259,0.0,157.0465888848521,2.4739976173113587,2,4,0.0021490211134869053,0.00104703665208293,0.0,99.0,0.0,0.0,0.0,0.0,0
49.838549404892056,4.705431896863997,3,0.0037006640306313497,0.0011157667900208363,0.0,33.02650723964233,3.2701013556810423,2,2,0.0010712458955796315,0.0005479768158537934,0.0,2.0,0.0,1.0,0.0,1.0,1
56.0255650262745,4.145960985334071,2,0.0003605905635160567,0.0010882820676648942,0.0,71.25339151212222,3.9494694969949227,5,5,0.005078297540345146,0.0006201303854405558,0.0,2.0,0.0,1.0,4.0,1.0,1
197.60492183851534,4.1417575824779576,5,0.002615575322380704,0.0006170847667813233,0.0,71.06480875940142,1.480368839474686,4,2,0.002468357112626696,0.0006103755299980975,1.0,2.0,0.0,0.0,1.0,0.0,1
44.24820915400894,5.816588209493278,5,0.0010483443487184837,0.001520899391444014,0.0,8.479492992698562,3.0392132257088273,2,5,0.001135405515390967,0.0008206054245683192,0.0,4.0,0.0,0.0,0.0,0.0,1
67.72200224578569,9.845975300176564,6,0.0014239978029965772,0.0017992021942871564,0.0,5.21667029575409,2.734290400478195,5,5,0.009045397024499226,0.00024251171914715515,0.0,2.0,0.0,0.0,1.0,1.0,1
132.46973901757613,14.310283783822673,3,0.0041946632789739875,7.459461472661454e-05,0.0,10.52935345919834,3.0442382738088747,3,1,0.0020093705301709413,0.0004092024568968721,0.0,2.0,0.0,2.0,1.0,0.0,1
50.40641050393438,3.3944139184139623,6,0.0009146510279701251,2.9785427030061824e-05,0.0,193.1426178482607,3.0419701441649885,6,3,0.0019378032511963136,0.0010120703296115244,0.0,99.0,0.0,0.0,0.0,0.0,0
87.84723802824684,4.8639690068906685,2,0.0037699169340109427,0.0013950327101787776,0.0,99.79069297008141,1.4016620738112056,0,4,0.005794748376121254,0.00017640227265480917,0.0,4.0,0.0,0.0,0.0,0.0,1
168.65125149474454,4.084574291091233,4,0.010818416207160151,0.0010290686036777787,0.0,13.494662486880713,8.56654796038982,3,7,0.002249753050003289,0.00025267498333994895,0.0,2.0,0.0,1.0,2.0,0.0,1
248.89523322997343,5.590488059773952,9,0.001064691880745659,0.00017747863205081686,0.0,62.250439313488535,3.6556534565608247,1,4,0.003289509923489876,0.0005012246877668154,0.0,2.0,0.0,3.0,1.0,0.0,1
22.72655034518688,3.7912705320065547,4,0.014638812875523497,0.0003431849388462682,0.0,61.800937299240765,5.864641466258204,3,2,0.002830478731721302,1.916076136806623e-05,0.0,3.0,0.0,0.0,0.0,0.0,1
218.9330210433663,2.8767107039956397,4,0.0008567783869635822,0.0001716000380417096,0.0,5.033555015252012,2.1623038880591587,3,1,0.013527731503016005,0.00022997579367517443,0.0,99.0,0.0,0.0,0.0,0.0,0
64.20022247964245,3.39715157510316,1,0.00508158310801174,0.0005120341308696571,0.0,38.62871779616819,6.740961185901835,4,3,0.00818645501345259,0.0001784106001036723,0.0,2.0,0.0,2.0,1.0,0.0,1
33.89883634811166,3.1051408060259447,0,0.004129779206394711,0.0002035805234635018,0.0,79.6409291973687,3.610089391910571,2,6,0.0004978047701021005,0.0001853733690811765,0.0,1.0,1.0,3.0,0.0,0.0,1
59.1669573896558,3.9679439501834,4,0.0016979885766928782,0.0009921384405209598,0.0,17.406164077810757,4.838092941043871,3,2,0.0003806709659078401,0.0009848600668440003,0.0,99.0,0.0,0.0,0.0,0.0,0
323.09224780644735,1.985783964394511,2,0.00011446693398821421,0.0015926541025612817,1.0,119.18982550268528,1.6311815695346934,4,4,0.009579967010750255,0.002602028913931832,0.0,1.0,1.0,3.0,0.0,0.0,1
64.27930341338879,3.139434786045078,4,0.0005428177962816746,0.0001309168292951825,1.0,69.78240866248082,2.8068186260454917,2,2,0.00714072469106165,0.0002604720107249441,0.0,99.0,0.0,0.0,0.0,0.0,0
41.88928256803998,5.558183051077472,2,0.004623322393313898,0.0009835465173752553,1.0,5.416902875074222,3.7663011312201102,2,2,0.0018516194692971702,0.00033957759659495533,1.0,99.0,0.0,0.0,0.0,0.0,0
90.27890191661277,5.533930059563658,3,0.007566397415037236,0.0009095369346131003,0.0,120.82579102048447,8.599042599106223,4,6,0.0033371311216610893,0.0033758462863967467,0.0,3.0,0.0,0.0,0.0,0.0,1
31.970277417248237,5.028915082775047,4,0.0024908386217928173,0.0001992028211404455,1.0,6.175440792239405,4.500802810768212,3,3,0.00551875860460849,0.0012917439262866667,1.0,99.0,0.0,0.0,0.0,0.0,0
16.311624398098804,9.33841518349307,4,0.002380825976543385,0.0008325040457833948,0.0,136.31725595000182,1.9077331055354079,3,2,0.014180181489014704,0.0006397025216790253,0.0,2.0,0.0,2.0,1.0,0.0,1
21.03801757699327,5.688884541967838,4,0.009076232744342402,0.0005674197707683296,1.0,29.362613704100585,2.0186097904453697,4,2,0.0069096692394545085,0.0012930171487449261,1.0,99.0,0.0,0.0,0.0,0.0,0
20.961473925360572,9.157478672965684,4,0.015953831840522802,8.783199974097691e-05,0.0,76.96902475893148,1.5437089034228482,1,4,0.006929865275382738,0.0021706962683112354,0.0,3.0,0.0,0.0,0.0,0.0,1
23.180792124533838,14.31668587103027,4,0.014136069216531641,0.0006270945841646184,0.0,97.90930941498763,2.2563935429129067,3,3,0.003812693985521103,0.00022037026711927983,0.0,1.0,1.0,1.0,0.0,0.0,1
21.956805285401323,7.196060220291067,6,0.0029077498685993034,0.00011258518163798174,0.0,24.816072290106337,6.803405504532452,4,5,0.007274692169559347,0.0018475515248604182,0.0,2.0,0.0,0.0,4.0,1.0,1
91.92672408606452,1.990740805467977,5,0.008763595707559904,0.0012466660398802306,0.0,31.4441057467826,4.3287106098937205,2,3,0.0011954889026330419,0.0008916290245119084,0.0,4.0,0.0,0.0,0.0,0.0,1
26.05970856275853,5.147682087449498,4,0.00101794413532308,0.0016234530388134834,1.0,47.744906432693334,4.860920388699755,1,3,0.001309303806971628,0.00013803846950031116,1.0,99.0,0.0,0.0,0.0,0.0,0
43.93114526358442,4.71076062889626,6,0.0033238393643313818,0.0006290909401846802,0.0,57.43577592503743,6.822085274805573,4,5,0.00048212941416559844,0.0010248549791451525,0.0,99.0,0.0,0.0,0.0,0.0,0
191.67793001026862,10.34768302306613,2,0.00011169205345735377,1.5427239439753544e-06,0.0,25.722222584882875,4.924197159248059,3,1,0.004838997436326903,0.0014255648442236175,0.0,1.0,1.0,4.0,1.0,1.0,1
61.39049133172749,4.053628703312295,6,0.006356591375496175,3.973786758379215e-05,0.0,297.7398712886446,1.7056100750046619,4,3,0.004764663582786472,0.0013579820475623533,0.0,99.0,0.0,0.0,0.0,0.0,0
98.10312669219044,2.656971675888997,4,0.0022858681569761894,8.706240673509905e-05,0.0,85.13714095209309,5.548427773458652,1,3,0.003534858568581865,0.00029147752305204287,0.0,2.0,0.0,5.0,2.0,0.0,1
25.130281369057318,3.245902032001457,2,0.0011747529475627516,0.0025994729068907693,0.0,24.22487995986627,9.707808222735403,5,3,0.015026944718728091,1.8774694286461433e-07,0.0,99.0,0.0,0.0,0.0,0.0,0
27.084078479607605,2.029378571772451,10,0.0020223942321205986,0.0012044844089365825,0.0,66.37115000276475,1.7269712373490627,3,2,0.0014411329783761016,0.00011537526380457885,0.0,2.0,0.0,3.0,4.0,0.0,1
13.338177017405224,12.940348041518758,4,0.0016341156765138467,0.00016235925357337586,0.0,39.2952054153833,3.9780646064779206,3,1,0.0052750686993325805,0.00022442002034763704,0.0,2.0,0.0,2.0,0.0,0.0,1
24.80378752524647,4.382160397661626,5,0.008532891442151943,0.0022493931424299447,1.0,123.1078907272304,6.674216959041323,3,3,0.0028689608259818817,0.00033097528780762176,0.0,1.0,1.0,1.0,1.0,1.0,1
36.123849490491644,2.131030454505915,6,0.00014231024941403607,0.0021916922119615398,0.0,28.934704076604856,5.755888132154102,3,6,0.007373507463758366,0.00036933144913043784,0.0,3.0,0.0,0.0,0.0,0.0,1
25.584945398648635,10.908428477190492,5,0.005025710508277676,0.0035723408980185296,0.0,17.484508246425783,9.768263062828586,4,2,0.0037748087503644795,0.0022492778072844134,0.0,1.0,1.0,3.0,1.0,0.0,1
17.430872628829405,12.023784693218456,2,0.002439947507437511,0.0024735709004694863,0.0,7.834066799000263,6.83211902674148,2,5,5.208909911621907e-05,0.000505708012333616,0.0,99.0,0.0,0.0,0.0,0.0,0
20.284497079468203,4.806714508950435,1,0.0010827116893274362,0.0009989409593257313,0.0,254.28096539802823,2.418209368423541,2,4,0.00601825752533738,0.00016749408097395868,0.0,2.0,0.0,3.0,2.0,0.0,1
59.41034746923033,1.9360996844527834,4,0.0037711624090970932,0.0005034706456698093,0.0,31.70430239258736,6.182596517274829,4,2,0.012136128520130053,0.00047411282264470757,0.0,3.0,0.0,0.0,0.0,0.0,1
28.487376507607728,3.2920499351775336,4,0.004039385399455482,0.00230511034317948,0.0,19.947577003480852,3.4594590350191403,2,3,0.0008619789227911365,0.0012032264170518,0.0,2.0,0.0,3.0,2.0,1.0,1
46.238489240873484,3.800046031101901,7,0.001392310066862096,0.0004647743034199772,0.0,45.60909045569834,2.9861315373843413,3,2,0.0029966300633976002,2.5241161196886325e-05,0.0,3.0,0.0,0.0,0.0,0.0,1
66.00041477714643,4.470092997468303,2,0.008693499744880545,0.00012553659815735705,0.0,25.688112971895222,2.468817477536936,4,2,0.01348425804562602,0.0011282183408734578,0.0,1.0,1.0,2.0,2.0,1.0,1
103.79659472100337,2.2763302494082946,1,0.008423238561596661,0.002448615594449212,0.0,20.9082891656776,6.265513709053707,3,3,0.0019696363161998786,0.0012941242781626672,0.0,1.0,1.0,2.0,0.0,1.0,1
13.208458408001235,7.549100678540104,6,0.0025951544463676504,2.944817943285342e-05,0.0,62.48687183809414,1.8170958528956862,4,4,0.005367114037499388,0.00024218773479224662,0.0,99.0,0.0,0.0,0.0,0.0,0
138.51953950608956,1.3167375307611675,3,0.00480976570397716,0.0006251291639259158,1.0,9.66786026120231,3.876760871337334,1,2,0.0013206385010942467,0.001219110263398892,0.0,2.0,0.0,2.0,2.0,1.0,1
89.0874952293837,8.287155177365864,1,0.01616225722853741,4.782790016293641e-06,0.0,47.67780752548448,2.49302282175175,3,4,0.007041860986420616,0.0012198328713267825,0.0,3.0,0.0,0.0,0.0,0.0,1
16.82363443010674,9.347065118138449,3,0.001928672771801331,0.0005145349968922033,0.0,34.40565090697629,3.5717641689377353,6,2,0.00036220580170001317,0.0010405744223495553,1.0,2.0,0.0,0.0,1.0,0.0,1
175.45077587904726,3.4847573394154474,4,0.007030576636148223,0.0009830661210870457,0.0,50.625116200116636,3.173282571819839,3,5,0.009733241161654424,9.551472870900273e-05,0.0,99.0,0.0,0.0,0.0,0.0,0
212.93548371031423,4.1703417744722975,1,0.0013521097202146208,0.0014909766187212797,0.0,28.178639962574497,3.641182498715393,2,7,0.0005797119463677272,0.0003107116014842697,0.0,1.0,1.0,2.0,3.0,1.0,1
15.041826204813074,10.050859288866741,3,0.0006008468170377142,0.0005279260458476658,0.0,55.68300060007021,4.347091325814508,2,5,0.009306724557742231,0.0010611431267795325,0.0,99.0,0.0,0.0,0.0,0.0,0
35.934147450292066,6.3617879903885886,5,0.00239768584852386,0.0010826780959672043,0.0,10.121614628878607,2.324985885770295,2,3,0.0026419836382598778,0.0013737507421601389,0.0,1.0,1.0,1.0,2.0,1.0,1
141.2748146581314,3.5582652315975896,1,0.0003540157623980592,0.0017730042676814353,0.0,33.31158082511161,1.8251767551519673,2,2,0.005287427834222521,0.0011501860495429863,0.0,99.0,0.0,0.0,0.0,0.0,0
120.34857921714467,3.8120081151910385,2,0.0012173319634062815,0.00021401696679944316,0.0,21.269056715075983,2.2925233055193734,3,3,0.012929038788451405,0.0006907052224320556,0.0,99.0,0.0,0.0,0.0,0.0,0
26.31837056494404,5.836119291371255,5,0.0029215248506592718,0.00037146199989531397,0.0,39.58478443745638,3.8865651855968624,1,5,0.0028537000165593154,0.001098521379168991,0.0,4.0,0.0,0.0,0.0,0.0,1
28.79192249452266,12.242230843373735,7,0.0057766536989781415,0.0007606446954686945,0.0,35.483378405967244,3.585165061900839,1,0,0.004908974505368097,0.003356310191621444,0.0,2.0,0.0,3.0,0.0,1.0,1
47.02280880194958,3.88245107497415,6,0.021119464328555854,0.0011586949708551157,0.0,64.84738922473626,2.3051330785334914,4,3,0.002442957366367257,0.00041673368616696816,0.0,1.0,1.0,5.0,0.0,0.0,1
63.01300517348915,3.4946142711148434,1,0.009843849040704504,0.00031956143064193216,0.0,64.454024340395,3.8568910734309223,2,4,0.006782771655341892,0.0018938459719805884,0.0,3.0,0.0,0.0,0.0,0.0,1
87.04014672468416,4.451466568032765,2,0.01127373110579581,0.00075432936104005,0.0,37.001121668308286,6.480374363675079,4,3,0.0005802636450734405,0.0005420657653946868,0.0,3.0,0.0,0.0,0.0,0.0,1
46.825005040028095,4.467280931137303,2,0.002864613724940394,0.00028100275457590044,0.0,17.02594161172212,3.6093175407988163,5,4,0.011566011358753651,0.001141534676592757,0.0,99.0,0.0,0.0,0.0,0.0,0
59.67128873767341,5.238724668021265,2,0.0016536997872701993,0.0027068240416383824,0.0,57.32403713076295,2.2273361744489053,6,2,0.00036034764131771677,0.0003961406508221185,0.0,3.0,0.0,0.0,0.0,0.0,1
120.0983152311874,4.178289718868947,8,0.003545771576918739,0.001014425589505826,0.0,208.80012506423648,1.6524671188931372,2,1,0.008743921569890708,0.0023396354777475603,0.0,3.0,0.0,0.0,0.0,0.0,1
12.989836185718277,8.583482903641276,7,0.007046562022096516,0.0020910383675604603,0.0,17.30663200682222,3.5756892571071472,0,3,0.010805566223064401,0.0021899852832094504,0.0,99.0,0.0,0.0,0.0,0.0,0
33.27492975059178,2.543328637991628,2,0.00997057227800791,0.0006767458824393364,0.0,9.293574120277267,2.1255236622755,3,3,0.005569785029298375,0.0019573941411467287,0.0,1.0,1.0,5.0,2.0,1.0,1
109.95934999648206,5.586636909752801,2,0.006574790291424659,0.0006004998571758921,0.0,23.437275882636946,2.9125570301838977,3,2,0.001364590563835384,0.001232694629380035,0.0,2.0,0.0,7.0,5.0,1.0,1
190.46134034644908,5.717745632412791,4,0.002542259240959703,0.00013549692214494903,1.0,36.95568514444123,4.410130174602829,2,3,0.0032384746412721602,0.0010955321494013448,0.0,2.0,0.0,2.0,4.0,0.0,1
67.34232897667206,2.67226396135492,7,0.004889259235427302,0.00100066012916118,0.0,26.933291391210588,4.1739557966649015,5,2,0.0029682307851610474,0.0028846744899894447,1.0,3.0,0.0,0.0,0.0,0.0,1
70.76236018824551,5.553573050913807,8,0.0034573772058516827,0.0013491734719184524,0.0,113.00312086595046,6.63473163489907,3,2,0.002834151940259211,0.0014908409430859464,0.0,1.0,1.0,1.0,2.0,1.0,1
19.06890708325307,5.807207364205685,3,0.009618928910786521,8.971898233149246e-05,0.0,45.75793146337433,1.4290474417974046,1,2,0.004331772897835479,0.00023730447444645327,1.0,99.0,0.0,0.0,0.0,0.0,0
57.45145968668407,1.1506980657301786,4,0.007262926472465039,0.0011108772878806947,0.0,21.951951780877835,3.124617627909957,2,2,0.00020922806551468146,0.0005225839880875964,1.0,2.0,0.0,3.0,1.0,0.0,1
70.8485439244232,2.41000194357829,2,0.002863755870057211,0.0009106266567311861,0.0,184.98328143797116,3.183838756438484,1,2,0.002518509564441606,0.000940917899763958,0.0,1.0,1.0,2.0,1.0,0.0,1
32.21542426085227,10.557384674179172,3,0.016395184003123866,0.00019787139215270459,0.0,13.016191350138534,3.9091373797493074,6,2,0.0017510014469137485,0.00021549426951308188,0.0,3.0,0.0,0.0,0.0,0.0,1
35.09396895028351,3.0455269203774114,3,0.0023239892956710036,0.0012029818470791727,0.0,12.86883879401854,1.9209134799833538,3,4,0.014323205598027614,0.0016289200834260784,0.0,1.0,1.0,1.0,2.0,1.0,1
47.89319878419776,2.128237199037468,7,0.014335170704856154,0.0013763451218807028,0.0,21.884893873630663,2.4061160925001936,5,3,0.0007222574871634955,0.001490830302761761,0.0,2.0,0.0,2.0,2.0,0.0,1
11.62202886002516,1.4880485927463636,2,0.0024295597725324455,0.0007631562049766331,0.0,9.79275117009567,1.8317819022971575,5,4,0.017597709432334806,0.0008746963531956058,0.0,99.0,0.0,0.0,0.0,0.0,0
41.09798090049086,2.2890272692126974,6,0.0010867091212150163,0.004228440246363088,1.0,88.57562284109369,4.080065970727492,6,3,0.001293147304380728,0.00013614605641783538,0.0,4.0,0.0,0.0,0.0,0.0,1
29.00455484989039,4.07334358390824,2,0.012309946254562998,0.0004861394375077447,0.0,27.50874044709946,2.3491533074652517,5,3,0.007416688558213796,0.0003956498139591782,1.0,2.0,0.0,3.0,3.0,0.0,1
41.73993841855861,2.0484672314334818,2,0.0004978981049182811,0.00031196521308707526,0.0,83.52400819719452,5.701631449993118,1,4,0.0009869074636363613,0.0005151001630272406,0.0,2.0,0.0,2.0,1.0,1.0,1
20.2050482627825,6.411637240495424,3,0.000378103918487486,0.0019914862747870267,0.0,91.31528118154723,5.243994958742255,1,1,0.0034045539709670067,0.00041264463599723425,1.0,3.0,0.0,0.0,0.0,0.0,1
186.96639199544197,2.6449529823716906,7,0.0016621980397016772,0.0002142248221332029,0.0,21.270625978830935,6.1189917582096305,2,0,0.003593018202807814,0.0003229913236354829,0.0,3.0,0.0,0.0,0.0,0.0,1
82.03190511036479,5.262640761186503,3,0.0014810177421796145,0.002274886613933489,1.0,48.83395321263238,2.7611488863708376,4,2,0.0017253181269092479,0.00036515610583224954,0.0,2.0,0.0,1.0,2.0,0.0,1
100.93063663144252,9.658691641006683,2,0.012140965055336541,0.0003113372386859157,0.0,48.98719417647691,2.7718466789692524,3,8,0.006773136809359236,0.0018010935736175221,1.0,3.0,0.0,0.0,0.0,0.0,1
134.5367225902233,9.300240235801747,6,0.009428805991188099,0.0009704599810406811,0.0,128.04630644141974,2.879007798571698,5,4,0.004684422265165067,0.0003841594934086562,0.0,4.0,0.0,0.0,0.0,0.0,1
65.20291374791081,5.208966537986579,0,0.0033760226051287334,0.0013084847332940214,0.0,6.557902582397522,2.2395558404017075,2,3,0.010898575646609147,0.00018177510104931487,0.0,3.0,0.0,0.0,0.0,0.0,1
17.274567561396466,2.2081789904461875,2,0.004194420352140788,0.0011538086047976528,1.0,27.858088370404978,1.7647019576022909,1,4,0.0027860516356031945,0.0009546407287684966,0.0,99.0,0.0,0.0,0.0,0.0,0
71.62066906358581,4.241685096643784,3,4.9321676034388284e-05,0.0002844500758287667,0.0,133.47359416739607,2.073324013898408,4,5,0.0007569227418226052,0.0001412289303919616,0.0,1.0,1.0,0.0,0.0,1.0,1
80.71384462970988,5.311064522711152,3,0.004167749989254235,0.0012054170396235088,0.0,21.21436288964554,7.481193107271279,0,4,0.016761323166584557,0.0011152528004595627,0.0,3.0,0.0,0.0,0.0,0.0,1
119.45733190467274,15.932436359784651,1,0.000374465235723819,0.0007405729021303991,0.0,13.832092151565387,2.611806020194182,3,2,0.002841609786404555,0.0001709092302538362,0.0,99.0,0.0,0.0,0.0,0.0,0
55.202771950638564,1.4820515619578531,4,0.0009704439408313398,0.0004727582409596536,0.0,56.50099590202456,8.6315041576969,3,2,0.002497960812971774,0.004047040933195601,0.0,1.0,1.0,3.0,1.0,0.0,1
20.918773338344977,4.250677915856318,5,0.004944329135954413,0.0014146494352392817,0.0,26.906345466312747,2.535553540869906,2,3,0.001345186843458198,0.00012183956295928016,0.0,3.0,0.0,0.0,0.0,0.0,1
36.70097442093631,6.275817735731788,3,0.0020215308952914795,0.004847572664805084,0.0,42.78719166306978,3.818046909602998,4,2,0.005353703593879735,0.0009631240156503445,0.0,99.0,0.0,0.0,0.0,0.0,0
46.089186037969874,4.661325688414851,1,0.005186927679285553,0.00015879757210227126,0.0,107.89216105132537,4.158325441133417,6,1,0.008038561907683518,0.0036091218890679615,0.0,1.0,1.0,1.0,2.0,1.0,1
93.05796892974894,4.971236360891943,4,0.0019695598548952024,0.001443463829870708,0.0,49.12533570334836,3.5117798673816667,2,1,0.00012492765527959363,0.00026856418519630984,0.0,2.0,0.0,1.0,1.0,1.0,1
77.66253769611356,2.7363046352043,5,0.012724107990984612,0.00103875620313254,0.0,48.526560584844944,2.5422205647981606,4,3,0.00683740269773488,0.0010985652795365084,0.0,1.0,1.0,1.0,0.0,0.0,1
45.21654077214449,7.470718794408033,5,1.1890814933413658e-06,0.00036233883274710654,0.0,24.55899113186767,1.3379447121487371,2,1,0.004149081151842919,0.0015850839879891863,0.0,3.0,0.0,0.0,0.0,0.0,1
354.49566177358497,4.468508550650786,0,0.0004543003419757001,0.0012410048992705677,0.0,99.46323497283973,3.327251835451547,5,1,0.00031873639181057446,0.0006255067702700973,1.0,99.0,0.0,0.0,0.0,0.0,0
84.46664067737674,4.96047483071168,7,0.00021384161784524403,0.0016595087013624192,0.0,85.78165505529424,2.2218861755685055,1,3,0.00033261718628664985,0.0003175860707533991,0.0,1.0,1.0,1.0,4.0,1.0,1
31.663562300543994,7.947794328312726,4,0.0004884644026184326,0.0020230854751192187,1.0,21.003827087640285,2.605898219733506,2,5,0.00670177848321872,0.0017744277674301941,0.0,1.0,1.0,3.0,2.0,0.0,1
18.58744036999095,3.6227241858324444,1,0.0011160624094257022,0.0016141859124080222,0.0,28.140147648174267,2.515476968159486,4,1,4.5577361418897686e-05,0.00043538482391246487,0.0,3.0,0.0,0.0,0.0,0.0,1
23.27106340718607,8.99797178907857,8,0.005456631447362298,0.0007758110347428426,0.0,98.24819466151952,7.474298934868118,3,6,0.0025219243556294808,0.0006646514858930004,0.0,2.0,0.0,2.0,0.0,0.0,1
32.58454795161128,2.0118716956427978,3,0.009606999040751574,0.00018039218891750312,0.0,31.56365065104269,2.019857541642602,0,2,0.0026809846211398036,0.0005740908397438457,0.0,99.0,0.0,0.0,0.0,0.0,0
24.01318999634352,5.130501711533392,1,0.002091229728784743,1.735706379684051e-05,0.0,36.00655911562442,8.511086973587044,3,1,0.004004209639065502,0.002798511219964953,0.0,1.0,1.0,2.0,2.0,0.0,1
26.519339636366432,2.640163543768022,2,0.0024593486688039125,0.0007004962907290781,0.0,32.192309064534406,9.617702456179192,2,3,0.0002698655534593355,0.0005280120057505206,1.0,99.0,0.0,0.0,0.0,0.0,0
36.84846785723572,2.2686806457590727,7,0.0012603680102874918,0.0007610625705445518,0.0,15.577925726601553,5.591736010179941,4,4,0.014747143497329075,4.9689440986452546e-05,1.0,99.0,0.0,0.0,0.0,0.0,0
25.232194693030962,12.156586779960469,4,0.01243071439577665,0.0013628686505637588,0.0,30.012485233652242,1.1501681811162583,1,5,0.00909136994202405,0.0010089103025948407,0.0,1.0,1.0,1.0,2.0,1.0,1
191.66011594847322,2.0678811092738068,4,0.005531132085933383,0.00036506681567016833,1.0,102.4533916111131,1.737790768712007,3,3,0.014646013413126706,0.0001589247528355546,0.0,2.0,0.0,3.0,1.0,1.0,1
16.690857007360012,4.520715212778741,3,0.0002234708115053263,0.0010034855485515223,0.0,45.52731904124305,6.2741891230465034,4,4,0.0063059390593456005,0.00015031926424659536,0.0,99.0,0.0,0.0,0.0,0.0,0
69.4729880090162,1.9847731299957463,2,0.0003546699632981696,0.00025550427553787814,0.0,41.773437123551645,1.9510767879344397,1,0,0.0009732777169572266,4.933706556095773e-05,0.0,99.0,0.0,0.0,0.0,0.0,0
52.264444519144185,8.667591794706183,5,0.0037368057946525015,0.0007988287643904864,0.0,15.201137396521789,3.6827679530540567,1,2,0.00906900042563266,0.0003979279916409933,0.0,2.0,0.0,3.0,0.0,0.0,1
333.0913732812736,3.4113687103965114,2,0.02143614083817579,0.0009254303508933594,0.0,16.729502600911143,2.517879577395017,6,0,0.008233299336218842,0.0001664873891576981,0.0,3.0,0.0,0.0,0.0,0.0,1
19.50618765579239,7.922804212451965,4,0.004799193924030473,0.00041362384273993654,0.0,7.633988840946362,6.579717932654354,3,2,0.01213902247255974,2.85332509608147e-05,1.0,1.0,1.0,3.0,1.0,0.0,1
50.58063949939444,6.149125462583113,6,0.008171977175308912,0.0020579341296607574,0.0,5.843229531286625,3.5475322683601096,2,3,0.015349390672468585,0.0005926144141095926,0.0,4.0,0.0,0.0,0.0,0.0,1
289.1247731301372,14.520568393665972,3,0.013758727816730643,0.0019784930391587535,0.0,45.16748434577663,3.8455345067171307,6,4,0.0032342252308498855,0.0034287879316250124,1.0,1.0,1.0,3.0,1.0,0.0,1
170.49952495745237,1.78679836419144,5,0.009486035495804297,0.000259908710701755,0.0,36.579949694650324,12.011159829028138,2,5,0.0016244994510841726,0.0005904689932313449,1.0,3.0,0.0,0.0,0.0,0.0,1
145.89304272289436,2.398808155131137,3,0.0005870365112229111,0.0025128538965754205,0.0,24.326272909437154,8.597914922441351,1,3,0.006621426327968635,0.0013660049269905293,0.0,1.0,1.0,4.0,0.0,1.0,1
33.862006682680374,7.66856632180334,4,0.00016290206042766724,0.00043455708280826905,1.0,281.59010509226437,3.5371936706468956,1,2,0.005487491368528104,2.4214247755133814e-05,0.0,2.0,0.0,0.0,0.0,1.0,1
24.991962622919004,5.278764176645812,2,0.002616731199188093,0.0023955988291062876,0.0,35.44949085094977,1.244335276960379,3,0,0.003401058265749549,0.00047680108047585277,0.0,2.0,0.0,4.0,0.0,0.0,1
98.36476789454268,3.7798137386377393,8,0.007704955315009247,0.00026436906720031576,0.0,98.31030872548031,5.0658698948735985,3,1,0.0008420949861231986,0.0001037211642547089,0.0,2.0,0.0,3.0,0.0,1.0,1
222.03080759679642,12.921257179089942,4,0.004297106546725401,5.138303410237847e-05,0.0,19.184791794939912,10.391672469453752,2,1,0.0021963296918230666,0.0008754209269895742,1.0,3.0,0.0,0.0,0.0,0.0,1
75.09203375237938,4.335096675146623,5,0.0007153650351583518,0.0006120354808113815,0.0,22.024686715267684,1.342678980436048,4,7,0.0025669486478024856,0.00019755873986969198,0.0,1.0,1.0,1.0,4.0,1.0,1
77.81820491668692,2.697995538271175,3,0.0013049162186496458,0.00011929526337487892,0.0,55.414162634556526,5.419871592478741,4,1,0.007495742641050865,0.00019096407928661106,0.0,1.0,1.0,3.0,0.0,0.0,1
36.278002464852065,7.980145247873499,4,0.006175074100956839,0.0006259508770225463,0.0,5.242184302129069,6.786941400096053,2,3,0.0022501272562735256,0.00018831840504190438,0.0,1.0,1.0,2.0,0.0,0.0,1
127.39790067296708,4.4219659013596715,6,0.00456791946630109,0.00038122843361812465,0.0,6.054744342488181,3.5327633549768334,4,3,0.0029552355402049204,0.0001672212904883241,0.0,3.0,0.0,0.0,0.0,0.0,1
26.566238571685666,4.629244656570729,3,0.0031462883263403034,0.0025958969313475515,0.0,14.204367904785993,3.7472790237666636,3,3,0.008708941166951967,0.003258522430570868,1.0,1.0,1.0,2.0,2.0,1.0,1
41.28702504953861,6.461395975794804,5,0.0017535507299116936,0.0012589863537308555,0.0,20.14824324272466,3.581515380683382,3,3,0.003236014357007976,0.001306994521432299,0.0,3.0,0.0,0.0,0.0,0.0,1
54.33156400558644,6.61270314424324,6,0.0022579857367109944,0.0004253251292856235,0.0,50.02745130509306,1.8644524186073559,3,5,0.0007291885575900343,0.000983805387786734,0.0,99.0,0.0,0.0,0.0,0.0,0
66.67879701157588,2.3809031805191614,4,0.005563583530786671,8.47574351739027e-05,0.0,74.54559389199574,12.59791676642632,2,10,0.0009552877431487253,0.0004709038897632576,1.0,99.0,0.0,0.0,0.0,0.0,0
32.20900668556847,3.652160976789019,3,0.0007620403110943631,0.0002201277497980832,0.0,27.427405766957257,1.5912773371641458,1,3,0.003567601076398813,0.0008020483872167739,0.0,2.0,0.0,2.0,2.0,0.0,1
19.758661771530836,1.8966572188421456,5,0.00023948025306197134,1.857680473634871e-05,0.0,21.392908379719394,5.460418341987057,0,1,0.0032193036795064955,0.00022742106477048916,0.0,1.0,1.0,4.0,0.0,0.0,1
85.45597259434852,5.325700679942062,2,0.002292608516447738,0.004932237713238191,0.0,108.83235961094756,5.2485993625902365,4,5,0.003732325001658359,0.0012163585678868155,0.0,99.0,0.0,0.0,0.0,0.0,0
37.24506947492334,12.026526343271584,7,0.00327464013199613,0.00019353905880016643,0.0,15.659887877744042,1.9613844897255104,4,3,0.014294496155098944,0.0017864574321261985,0.0,2.0,0.0,1.0,1.0,1.0,1
79.63624546339548,2.4360178430073773,4,0.002129555948766825,0.0006422321509766216,0.0,73.05310365046147,3.7091844560891234,4,5,0.002195914892173687,8.620159905806919e-05,0.0,2.0,0.0,4.0,0.0,0.0,1
23.413180221654386,1.7259576591669752,3,0.00016161912886301103,0.0010719706334386232,0.0,165.70702259793478,1.7842333518514106,2,5,0.005290697828003591,0.00034546005190580606,0.0,1.0,1.0,1.0,2.0,0.0,1
62.4897102422822,2.951950030705225,2,0.0003117720882518382,0.0020846752282190242,0.0,20.854412375725325,4.618126081040637,4,8,0.0061806743130260085,0.0007613595777807192,0.0,1.0,1.0,3.0,3.0,0.0,1
70.84377985032623,3.7604287722030763,2,0.008946024898062855,0.0030577381554689684,0.0,10.458887857648035,7.011926621115956,2,1,0.003964218038142389,0.002679916279938178,0.0,4.0,0.0,0.0,0.0,0.0,1
14.257172116569706,6.647668355437568,2,0.0034046856325587807,0.000236891986271999,0.0,239.00238755468172,3.798290435379438,4,6,0.0052759656938317166,0.00037424296405952036,0.0,1.0,1.0,0.0,0.0,1.0,1
42.83068811043386,3.532154907392212,0,0.005696059612958296,0.00030474463337585504,0.0,23.946278103081767,5.267115477265767,3,1,0.0010979293711540778,0.003169947226345711,0.0,1.0,1.0,0.0,0.0,0.0,1
21.54794614655453,5.383031628196608,5,0.0031440656297368093,5.010736563646125e-05,0.0,24.349928834188763,2.0688886852812223,3,1,0.010976249906849672,0.00014382950413883595,0.0,2.0,0.0,0.0,1.0,0.0,1
15.237780701801992,3.2078470115358657,4,0.011716184038462255,0.0005053983803529643,0.0,44.67243889918155,2.057596928083612,3,3,0.0061478148379703074,0.002257473081479311,0.0,99.0,0.0,0.0,0.0,0.0,0
378.09610491162596,3.88381406343385,1,0.0019232705693824988,0.00047157354619786496,0.0,20.76435749248064,3.6199995118033415,3,2,0.0023511754383303525,0.000854472887351771,0.0,3.0,0.0,0.0,0.0,0.0,1
41.13040180155362,2.6472137622050402,3,0.002012848224461794,0.00014934944238501123,0.0,301.62646726847385,1.713468845734098,2,1,0.011223659674728884,0.0007773366051789931,0.0,4.0,0.0,0.0,0.0,0.0,1
142.80564910159188,2.204944817728061,9,0.006637406502491167,0.002414685718611157,0.0,7.63497447291472,1.9686031712293413,3,2,0.00010639170491016158,0.00024465983072207966,0.0,4.0,0.0,0.0,0.0,0.0,1
33.51110674347211,6.790829500523351,3,0.0027244211171389195,0.0014620908428058087,0.0,41.031135153051764,2.473676351463846,4,1,0.00040639002225892107,0.0010021963773723557,0.0,99.0,0.0,0.0,0.0,0.0,0
101.53130808162813,3.339486904026788,5,0.0033585754569068014,0.0011555726855970144,0.0,52.69043039017158,4.630770839650905,2,2,0.005935271690571099,0.002800876457783421,0.0,3.0,0.0,0.0,0.0,0.0,1
124.24529782625669,5.618665326855152,7,0.006979864235150808,0.0005048374845102074,0.0,42.748499605585415,2.046043860925126,4,5,0.0016096935961744095,0.002212187833265077,0.0,1.0,1.0,4.0,1.0,1.0,1
82.43572753353118,2.623679002219565,6,0.012040134348901872,0.00021193564229358364,0.0,49.10355775061809,3.4566981723522603,3,3,0.0029260650777791245,0.0017692915641727121,0.0,1.0,1.0,1.0,2.0,1.0,1
61.02853152362174,4.3519024300064135,4,0.0008108452072294073,0.0002751865280908255,0.0,268.3026980739527,5.421647250454184,1,1,0.0020400121193763286,9.073657624023922e-05,0.0,4.0,0.0,0.0,0.0,0.0,0
52.46062508043022,1.3271561331811432,4,0.0011418044134213167,0.0011231761250112182,1.0,130.68626674440728,2.6434988886189417,1,3,0.014666393297856156,0.0008820915013777338,0.0,1.0,1.0,1.0,3.0,1.0,1
44.32346413631799,3.4874569065734105,6,0.003946667471294416,0.0006331278023418599,0.0,27.128641042666995,2.6819102201570435,5,4,0.014250805056519864,0.002066099688716696,0.0,99.0,0.0,0.0,0.0,0.0,0
222.20448385766247,2.7846989446753585,3,0.007346272702946147,0.0014274907364405839,0.0,53.10772558518121,4.651787048965707,1,4,0.0019189336283244873,0.0019460098900815762,0.0,99.0,0.0,0.0,0.0,0.0,0
152.04856569134384,8.458732250011394,2,0.0008392098879904943,0.001553909503856322,1.0,5.01866365419366,3.8797709921898837,3,2,0.0004974896711028706,0.0016670388146256484,0.0,2.0,0.0,1.0,2.0,0.0,1
278.25411115325534,2.026158216315242,4,0.00025207922936974005,0.00017220651028518588,0.0,36.61415015755257,2.8176088406562387,3,3,0.004573006786684281,0.0010712648081495585,1.0,2.0,0.0,1.0,2.0,1.0,1
20.618283346888443,3.979618180914711,0,0.005503048586589272,0.0029750139660454254,0.0,15.738573565521385,2.194911328939283,0,2,0.0020608789230881163,0.0015286729045634528,0.0,1.0,1.0,0.0,2.0,0.0,1
115.00410907684059,5.286522107558818,5,0.005432010556457276,0.0003698328447336204,0.0,79.55462533196001,2.440402933898791,1,4,0.00987500667699888,0.0003016979616288454,0.0,99.0,0.0,0.0,0.0,0.0,0
232.89018122089925,7.760501882817658,3,0.004451972134520025,0.0029130998738944197,0.0,19.99155381602582,5.488914836188508,2,4,0.0033380108164892857,0.002377209376506753,0.0,2.0,0.0,3.0,1.0,0.0,1
25.996464776063814,7.131017118651637,5,0.010945293785715321,0.0007540431127189166,0.0,87.91320027911944,2.6440616409456617,1,2,0.0026947967914149667,0.0029443933552608936,1.0,4.0,0.0,0.0,0.0,0.0,1
15.504825397799749,4.1690822851713225,4,0.008386310446376137,0.0016209472224635896,0.0,27.539220129259224,13.431288939201492,0,3,0.008021990875102308,0.00027555408728256557,1.0,1.0,1.0,1.0,3.0,1.0,1
118.11145225508977,4.525056073641894,1,0.0009279276356187078,8.04608534262069e-05,0.0,161.0826161109053,2.30004244599937,1,1,0.0011607488650686195,0.0009994395731471914,0.0,3.0,0.0,0.0,0.0,0.0,1
78.35417153589358,8.454193773672475,9,0.0016382160678747898,0.0004421542153419291,0.0,40.372284847901355,4.905554171102961,1,1,0.0012015224201406792,0.000492783799433033,0.0,4.0,0.0,0.0,0.0,0.0,0
157.52617130571824,4.121813288533671,4,0.002034633945726772,0.00047032213944733515,0.0,114.77430472755513,5.034583781522754,3,0,0.0037309575474500146,0.0001460923835417179,1.0,3.0,0.0,0.0,0.0,0.0,1
22.04465971313541,4.816336374785168,2,0.005858717717538075,0.0010905259925580325,0.0,64.35846614205981,4.294035027000627,1,5,0.004399320917390458,0.0001270751132330538,0.0,2.0,0.0,1.0,2.0,0.0,1
136.88400888254944,8.621032515478099,6,0.00045636228645627746,0.00022721958764936628,0.0,232.38358335506348,1.6513924142793588,4,3,0.0007977247662508853,0.0001535492694681605,0.0,3.0,0.0,0.0,0.0,0.0,1
28.014381845361836,15.748197066125481,5,0.006823273858698818,0.0019168824011663848,0.0,86.45605907361278,6.113891332342467,6,2,0.006503889283414367,0.0006353460174596514,1.0,99.0,0.0,0.0,0.0,0.0,0
24.297215917241438,5.064782617400541,6,0.001344857922580054,0.00039630517402557065,1.0,83.05178481800294,3.399309359935982,3,4,0.030634323263974292,0.00012074430490342288,0.0,3.0,0.0,0.0,0.0,0.0,1
24.355572524796056,5.90881469017728,6,0.004770084930116228,0.0008814795102946005,0.0,23.462147575219202,7.248899107614566,3,3,0.010904198862840976,0.0005675053326056086,0.0,3.0,0.0,0.0,0.0,0.0,1
144.8082626051207,7.004579984447596,5,0.0006099746321224481,0.0015433079614427191,0.0,47.17485351053561,2.948409479217002,3,2,0.007153605515631068,0.0010836230640311896,0.0,99.0,0.0,0.0,0.0,0.0,0
97.53709112127751,8.571757831555512,2,0.007894833584957968,0.0010314393572219186,0.0,25.559026800649274,2.9253169883425567,3,3,0.003629864787718515,0.00015769661893621213,0.0,2.0,0.0,2.0,1.0,0.0,1
69.23007650768355,7.876628209401767,2,0.00411074179511396,0.0018966458804860011,0.0,6.168919067981504,4.422932055738195,4,4,0.009494204579868708,0.0003473235441470068,0.0,2.0,0.0,1.0,5.0,0.0,1
45.55691213424545,3.0642965596902916,4,0.0026529360203053514,0.00044563221102932195,0.0,79.39368704871043,3.402667878195987,5,4,0.005425024297242351,0.0002134332632864397,1.0,3.0,0.0,0.0,0.0,0.0,1
177.7762133835466,5.267985311459789,4,0.0015443297957064886,0.00017392339020007557,0.0,21.1384104253321,1.7022026113086777,6,6,0.0032938201316042534,0.0003961063175761946,0.0,2.0,0.0,3.0,3.0,0.0,1
49.8650199757956,7.9093324803635925,8,0.0028598196133798274,0.001032505338246025,0.0,35.38253542634879,5.49448809256769,8,2,0.0019392487855619531,0.00016776753336204402,0.0,1.0,1.0,2.0,0.0,1.0,1
145.68661302784557,9.666575224151222,3,0.016195843197439587,0.000819621807529743,0.0,25.09806026547249,1.5765023837970975,6,1,0.0008623647811137324,0.0030368265424119975,0.0,2.0,0.0,2.0,1.0,1.0,1
56.26199048911043,3.9838645484881536,2,0.00675284013593515,0.0009406559016416418,1.0,18.36130852739,6.020205856208089,3,5,0.00805669669513971,0.0011838685181285434,0.0,4.0,0.0,0.0,0.0,0.0,1
47.84956526541897,5.192339676005681,0,0.003212136556811588,0.0008465427648070376,0.0,9.168678772640297,2.1230547087750575,2,1,0.0046991091383087776,0.0040046695858558,0.0,2.0,0.0,4.0,1.0,1.0,1
59.692884791968204,5.552533403310045,5,0.0003387227694898317,0.0015191125993765423,0.0,29.73940615531282,9.903976535332928,4,4,0.0003591146678573688,3.003926594048028e-05,0.0,99.0,0.0,0.0,0.0,0.0,0
38.69162203445136,4.436226075640097,3,0.002294884355472606,0.0028141892838348163,0.0,10.116803952192477,1.6809898783154904,2,1,0.01027771485405749,0.00165665569212878,0.0,1.0,1.0,2.0,0.0,0.0,1
120.14218503495515,5.112813450887031,3,0.0017828125760281082,0.0005927463935329246,0.0,51.63336882580388,1.762163518996467,2,4,0.0023182457715231215,0.00129929638541552,1.0,1.0,1.0,3.0,2.0,1.0,1
65.88822525564768,21.675863087842483,1,0.0007108252851762472,0.0013860107227498262,0.0,6.189152796225615,2.0778116966096354,3,3,0.018657249774764094,0.0013977223185338348,0.0,3.0,0.0,0.0,0.0,0.0,1
31.13940247976522,3.8864402549728765,3,0.0025023119856574924,0.0014840748910145607,0.0,173.82452594252453,5.901182914635772,2,3,0.005915156981760319,0.0003967452246078751,0.0,99.0,0.0,0.0,0.0,0.0,0
193.86718796404668,4.066241754056223,4,0.0010732754897518225,0.0003279362704696524,0.0,208.72786580350743,4.718188759560949,3,2,0.0031444592309855463,0.0002744810918518555,0.0,3.0,0.0,0.0,0.0,0.0,1
48.7465393886969,1.6405422657690347,3,0.00960992994587742,0.0011055380715049464,0.0,26.8007298441702,6.189067694929457,6,2,0.01609930309385683,0.0006230676150146975,0.0,2.0,0.0,0.0,3.0,0.0,1
72.74259057422108,1.5212719869643667,0,0.015752166906009248,0.0001012251008235126,0.0,23.0820893299241,4.952870041343385,2,5,0.0019362069507917743,7.096549928832495e-05,1.0,99.0,0.0,0.0,0.0,0.0,0
199.55964869677013,5.787882829068113,1,0.008492422039065528,0.0011226852769955062,0.0,11.616032006293832,3.37798404570101,3,5,0.010635306725157861,0.0012579674470034226,0.0,3.0,0.0,0.0,0.0,0.0,1
88.30394430858645,7.928656908842643,5,0.003585261923268293,0.000918192453653213,0.0,146.18152081460508,6.95218236939599,3,6,0.005322677922267854,0.00025478084009065754,0.0,99.0,0.0,0.0,0.0,0.0,0
19.94516926862238,7.075751793901944,3,0.002102446421574483,0.0014928664963784648,0.0,58.03869569567382,8.544025736367454,1,1,0.004176971311532404,0.003114505226344257,0.0,99.0,0.0,0.0,0.0,0.0,0
234.84933471457674,2.619618161632866,1,0.0032210511524213893,2.0930724274648656e-06,0.0,61.515734393008046,1.9876650804493896,1,0,0.010809384103022852,0.0011857425141621372,0.0,3.0,0.0,0.0,0.0,0.0,1
89.0461543147861,6.829354493769084,8,0.005688638335907611,0.0015201325203193867,0.0,140.71910984646317,6.715932621968383,4,4,0.009904106248943024,0.00031943207917239545,0.0,3.0,0.0,0.0,0.0,0.0,1
42.62610524410475,4.028010800356125,8,0.005661609647876042,0.002546475352000196,0.0,150.00357196517828,6.650479582731471,1,3,0.003467325287219475,0.0014514554855049077,0.0,3.0,0.0,0.0,0.0,0.0,1
21.998145649314065,3.4651270459230936,1,0.003177976189608138,0.0015940602511533234,0.0,110.73495377516639,2.147987358379371,3,2,2.9016765226387283e-05,0.00029522610118189424,0.0,99.0,0.0,0.0,0.0,0.0,0
136.40011165442135,1.9236195159971266,5,0.00016638108753144594,0.00196725362036754,0.0,94.08514153684831,2.4707530887186024,3,3,0.0003564213031468065,0.00017278295878575921,1.0,99.0,0.0,0.0,0.0,0.0,0
87.42204060502819,2.8076031886313464,2,0.0032280352140642977,2.4329565057899924e-06,0.0,130.85204036638197,5.689010425310264,4,4,0.0012203495158376624,0.0004865331366261161,0.0,1.0,1.0,0.0,1.0,1.0,1
70.99310864392226,5.868554879506423,7,0.0047202838080585875,0.0002855812236839467,1.0,130.23420191603412,2.653323075009653,3,1,0.00037740187068460913,0.0006623761500342412,0.0,2.0,0.0,0.0,1.0,1.0,1
189.46426644291563,5.234798367384852,1,0.002483136959844681,0.002672049987697378,0.0,32.593204876467226,3.8517962648704387,2,0,0.0031307836755071305,0.0017462550882181506,0.0,99.0,0.0,0.0,0.0,0.0,0
134.31920109568577,4.7863636391662965,3,0.0008628545007930699,0.0030328792757946255,0.0,222.5908425007721,4.00804550234958,2,5,0.001139118729807366,0.0003586416623570724,0.0,1.0,1.0,1.0,0.0,0.0,1
23.15930561010727,1.2798701857542731,7,0.017444965385294307,0.0022097442136290273,1.0,79.09318734872186,2.065272743228613,6,6,0.0024843199221679865,4.029723553848258e-05,0.0,3.0,0.0,0.0,0.0,0.0,1
39.88500411166404,4.815720245977161,6,0.0042580718990942,0.0012512302097834056,0.0,32.74207698836217,2.0677474779596974,4,2,0.0060416347526213035,0.00025607208950151545,0.0,99.0,0.0,0.0,0.0,0.0,0
32.85356948390704,3.0378069359013575,2,0.0016712301460592189,0.00029301970461067346,1.0,40.00910367053733,1.9038608057367612,2,1,0.00042355846987365115,0.001370301251216002,0.0,2.0,0.0,1.0,0.0,0.0,1
118.98944494947293,5.257336174540444,3,0.007470066616440656,5.524176953640774e-06,0.0,74.71825356094757,4.7849380599835545,5,4,0.006611538953251052,0.0013382167068144843,0.0,4.0,0.0,0.0,0.0,0.0,1
12.728603188627034,8.72740066071555,4,0.020286371494255724,0.0013037031954958936,0.0,31.88033748477279,1.6798093366127493,1,3,0.0037633115261914846,0.0019011941653983028,1.0,2.0,0.0,3.0,2.0,1.0,1
77.49708451089144,3.304792334513161,3,0.0013626869263259108,0.00035335994647984944,0.0,110.11462214308129,5.981081744948123,3,1,0.010625183869599288,1.7703017958354946e-05,0.0,3.0,0.0,0.0,0.0,0.0,1
124.99309726878231,4.607605900656032,4,0.0003272272105750996,0.0007415059286104827,0.0,14.614605662055162,2.5861547942872294,1,2,0.005790089185862198,0.0007690765804744606,0.0,99.0,0.0,0.0,0.0,0.0,0
177.49338755087504,12.874605338149385,2,0.01867108562196227,1.107954871661902e-05,0.0,147.8939959985418,3.8284407586654314,3,3,0.0062064899463558825,0.0031844852204682573,0.0,2.0,0.0,1.0,2.0,0.0,1
43.49396748360742,5.101979185766858,4,0.0015139016629345272,0.0005657828960413584,0.0,26.50322840633116,1.8637679006131442,2,2,0.0008520319436808939,0.0006961483655479805,0.0,99.0,0.0,0.0,0.0,0.0,0
147.74463708328025,4.276139523882004,3,0.010728559048820543,0.00011861876666465633,0.0,14.942932724186607,10.026386219615652,6,1,0.0020537209895694873,0.0002596177286163092,0.0,2.0,0.0,0.0,5.0,0.0,1
19.379510807902186,2.6439663576573738,6,0.0019814324837761662,0.00020581575998597002,1.0,122.1259539260679,5.009156496082303,2,0,0.009232174072916962,0.0006193328227317712,0.0,2.0,0.0,1.0,1.0,0.0,1
159.899516576935,6.9429100937085755,7,0.006228201344289154,2.6833682051508132e-05,0.0,21.423849825861865,4.892467698076786,1,5,0.007679368735807985,0.0003672082900548556,1.0,4.0,0.0,0.0,0.0,0.0,1
20.910370442245668,2.3959341853068112,3,0.001383010736326725,0.00041707597958518677,0.0,116.24199681655892,5.1716455883389925,2,2,0.006705040294613653,0.001316046762273887,0.0,2.0,0.0,3.0,0.0,0.0,1
50.50517049678915,8.958813290675144,4,0.0011250980808339256,0.000592042851183617,0.0,26.08115398699002,4.653846926459597,2,4,0.017291151058586602,0.003827651146116562,0.0,2.0,0.0,3.0,3.0,0.0,1
137.6804290661192,6.3609925471778554,2,0.005208695704699441,0.0005325645277377411,0.0,167.96278402850396,1.9873940741404936,5,1,0.0019081650317238586,0.0017364876417871715,0.0,1.0,1.0,2.0,4.0,0.0,1
22.993743193633293,3.0998130875042404,2,0.0003422596444071555,0.002300763522528519,0.0,19.836772690468912,2.240931299737463,1,4,0.016177850804276264,3.8139350490544806e-05,0.0,1.0,1.0,3.0,3.0,0.0,1
30.831441795580076,2.694456327881629,4,0.003987246356443062,0.0004852561361735176,0.0,9.331664597125979,3.340150613152164,2,4,0.002508445671334985,5.435218197417018e-05,0.0,99.0,0.0,0.0,0.0,0.0,0
112.48344781159244,2.7313963496802494,1,5.5634444259479074e-05,0.000204641622107789,0.0,170.43237529062165,4.756463717158262,2,4,0.006931418541092621,0.00036876501709700064,0.0,2.0,0.0,3.0,2.0,0.0,1
111.84769375933557,1.5328281693639303,4,0.015225636474215782,2.564833744102742e-06,0.0,15.86439361845958,5.488774040834921,4,1,0.007820572527465828,0.0008860697731157571,0.0,3.0,0.0,0.0,0.0,0.0,1
91.98753669899126,5.705101282971156,3,0.003192404385015863,0.0003446017737672648,0.0,178.08639260321848,2.338641181297071,3,2,0.008984173117359856,0.0010995541444731682,0.0,2.0,0.0,0.0,0.0,0.0,1
104.72013672700936,1.3331752166343707,11,0.002598732981216109,0.0006217659418733071,0.0,109.22855598288226,3.1768175884093077,4,3,0.00020905089697780997,0.00026218532267099687,0.0,2.0,0.0,1.0,2.0,0.0,1
72.59752809565106,4.116004419363007,3,0.007732729756479337,0.00044078094321870306,0.0,10.128597010747118,8.903268206577248,1,1,0.002651992269041441,0.00032139117568753887,0.0,2.0,0.0,2.0,2.0,0.0,1
33.206695940752795,3.960076841408039,4,0.0026303088651786098,0.0001669779745418331,0.0,40.34184779662393,2.880156118111496,3,4,0.006489030175605611,0.0006001055178779706,0.0,1.0,1.0,1.0,1.0,1.0,1
43.93465550346107,3.5589602845105497,10,0.003138447332143697,0.00014746295690729538,0.0,9.573976223250458,6.133025376719306,2,2,0.0068817509679010985,0.0019475912065091184,0.0,3.0,0.0,0.0,0.0,0.0,1
26.032101961322546,5.681836326274004,5,0.0020114501840725846,0.0012121601138716334,0.0,29.009543422747978,1.586681645466272,3,3,0.014795941170101619,0.0016323327220918908,0.0,3.0,0.0,0.0,0.0,0.0,1
201.27009114589214,3.1043110231289814,3,0.00031498352603151307,0.0008155954847156341,1.0,30.98588131668025,2.925699247823517,2,3,0.0001752225322645262,0.0001058216344976964,0.0,1.0,1.0,1.0,5.0,0.0,1
80.04872437092789,4.823031723969543,3,0.013646740428928049,0.001633202437709429,0.0,59.922468654937084,6.740370882360838,1,1,0.0013073835370515357,7.798824404676693e-05,0.0,3.0,0.0,0.0,0.0,0.0,1
50.97965275832179,8.957752954441112,3,0.0020775687446429937,0.0014752155234045692,1.0,228.5215729081724,7.629503346339951,6,3,0.00011663041321052363,0.0004767233663234094,0.0,1.0,1.0,2.0,1.0,0.0,1
59.59260050569306,6.0874230393544595,3,0.0009969799161154546,0.0024189585793647395,1.0,16.162676412864265,4.4183895319521,3,1,0.006194613052764743,0.001748481645367259,0.0,1.0,1.0,4.0,2.0,0.0,1
245.42589895977687,3.3778507646672398,3,0.0003304103783418905,0.0006929584583699772,0.0,28.952669122750187,1.3002529214900582,2,5,0.0007597388239916118,0.0006718746290422313,0.0,99.0,0.0,0.0,0.0,0.0,0
23.317564010280055,4.353721309009385,1,0.006389054882391074,0.00017573043211307983,1.0,58.07335320988082,1.2688242601182156,3,1,0.00357454491719956,0.00117477689971488,0.0,1.0,1.0,1.0,1.0,0.0,1
80.59556872868433,3.5613101228385986,4,0.005234929935270774,3.714170153104688e-05,0.0,16.282575140059244,4.2202873481793794,5,4,0.004700711072409069,0.00039532202156375554,0.0,4.0,0.0,0.0,0.0,0.0,1
66.39955526345418,3.926771052056602,6,0.0008768601683186999,0.002727207011798001,1.0,79.41946797853927,4.44454936620172,5,4,0.0001383065695859246,5.516780280468117e-05,1.0,3.0,0.0,0.0,0.0,0.0,1
85.62754544024583,4.91149249946543,3,0.003166724590967082,0.001642758739218186,0.0,36.016629700720955,10.584328662824536,4,2,0.0049198469126151625,0.0005092173631065531,0.0,3.0,0.0,0.0,0.0,0.0,1
11.462094432519779,1.8798888428777083,4,0.003796235410873469,0.0016861096610418236,0.0,184.23287390920655,2.373727635368843,1,2,0.007354206670007437,2.5230072930367526e-05,0.0,1.0,1.0,3.0,0.0,1.0,1
174.53548180325572,1.6735583282971631,3,0.0030980812787601425,0.0004204429992316002,0.0,64.63421224670277,1.8360713039714218,3,1,0.004893471786087629,0.000302810862886062,0.0,2.0,0.0,5.0,0.0,0.0,1
225.19908293530017,2.518714939538594,4,0.0073347045738401066,0.0009308142419276182,0.0,32.0667401980482,3.2433203083370032,0,3,0.004123202762999103,0.0011139469986895885,0.0,1.0,1.0,4.0,1.0,0.0,1
76.61723711547181,5.843120884936497,4,0.005625377781636946,0.0012956003598241011,0.0,81.26514401260894,2.788901127625639,5,5,0.0017914593775806978,0.0010120569707462686,0.0,99.0,0.0,0.0,0.0,0.0,0
105.42965924207665,6.326590299737459,6,0.015157104887687931,3.172129915482347e-05,0.0,114.48966286067801,5.0766719633528545,1,3,0.002959103465309304,0.00017336121239168683,0.0,1.0,1.0,0.0,2.0,1.0,1
214.5975486276501,6.895652454234398,3,0.0001610080581444872,0.0016797247359639498,0.0,101.71037686160966,5.592284329384511,4,3,0.0006551582595756143,0.00041728642589839717,0.0,1.0,1.0,5.0,2.0,0.0,1
108.27179627140146,2.574872551914277,6,0.005431274357386616,5.796417400612068e-05,0.0,23.290865333498203,3.185437376734624,2,2,0.0017117316140182173,0.0015538896098015627,0.0,1.0,1.0,3.0,2.0,1.0,1
23.240840729929737,4.591930290222397,3,0.008224324977289268,0.00035757921035447967,0.0,37.37237225291223,5.431432592697528,2,5,0.0004637043072581576,0.0003923997231346365,0.0,4.0,0.0,0.0,0.0,0.0,1
78.69617198820481,3.439383969552433,0,0.003927986612469392,0.0009561413460511328,0.0,41.108254613524466,2.053624676018409,3,5,0.0007875154199436609,0.0004501443268435461,1.0,99.0,0.0,0.0,0.0,0.0,0
84.6576685627212,4.0239637876427015,6,0.006233459394026572,0.0004556462225449986,0.0,34.49897903446916,4.059026384835607,4,6,0.01758695950266059,0.0008886697378366108,0.0,4.0,0.0,0.0,0.0,0.0,1
54.14996031382569,3.403741851992913,4,0.003964766534687556,0.0013377391681725,0.0,27.33896207684761,1.14270266129676,4,2,0.00016196237820344787,0.0012688025202711598,0.0,2.0,0.0,1.0,0.0,1.0,1
116.67922431067137,5.07811637242202,7,0.008740244622928014,4.473648043733602e-05,0.0,88.84078446414216,2.3507068551734305,3,5,0.0017523708876078195,0.0016912635381229426,1.0,4.0,0.0,0.0,0.0,0.0,1
227.89415086099797,2.8852069721740268,4,0.00323221074316187,0.0037380924245055563,0.0,5.737974441867639,4.8142835273298425,3,0,0.00043045143331873917,0.0002077499706108862,0.0,3.0,0.0,0.0,0.0,0.0,1
217.8300970443294,8.366279885050925,7,0.008038000417186433,0.0006185588338160104,1.0,25.849680895381383,8.656225545429102,5,2,0.0076697405402141195,0.002475988236203942,0.0,99.0,0.0,0.0,0.0,0.0,0
57.94914370428941,8.410934482459357,1,7.640574457180204e-05,0.0007482637164101842,0.0,14.162311491045843,2.1917035662225084,4,3,0.0026976927980022314,0.00010950188935413476,0.0,2.0,0.0,2.0,1.0,1.0,1
19.614296364142735,5.735595997088689,2,0.0009194049528568118,0.0003220144390377415,1.0,13.270909248985634,4.123647023368118,7,7,0.0012931393308131948,0.0016265930730021809,0.0,1.0,1.0,2.0,3.0,0.0,1
345.13391912965653,7.787968152331104,1,0.00806901763178369,0.00021794640609397963,1.0,24.457333374457715,2.147772208673462,4,5,0.005459281744502772,0.00035141086299829243,0.0,1.0,1.0,1.0,2.0,0.0,1
156.05744886547544,1.8438098446541753,4,0.0032805418605675973,5.879732536831592e-05,0.0,91.16768313544706,2.8359688510469296,6,3,0.0030588546105882533,0.004178299542215417,0.0,3.0,0.0,0.0,0.0,0.0,1
20.651676777365072,8.658910379286247,7,0.007651134958321819,0.00011907409110499588,0.0,214.2482120775244,4.575272994866006,8,3,0.0074825015456489626,0.0008081377790774121,0.0,99.0,0.0,0.0,0.0,0.0,0
212.90463527706208,5.413180772588266,2,0.01067693108717444,0.0004523432038103315,0.0,48.369201822759855,1.958603805989914,3,0,0.00570359815116685,0.00010920273869875722,0.0,4.0,0.0,0.0,0.0,0.0,1
173.15391449814908,2.9854506032593653,2,0.009887363195063094,0.0008406408248473227,0.0,29.837528239902166,2.833189571672437,3,4,0.00012292967643076503,0.0008754142691365605,0.0,4.0,0.0,0.0,0.0,0.0,1
68.52411087749194,2.8160152327854213,9,0.000525213957740762,0.00028985192922182745,0.0,111.02534592236198,3.8679044975554024,3,6,0.01693066608071311,0.003606251029491372,0.0,3.0,0.0,0.0,0.0,0.0,1
81.577102946326,10.45154721071495,4,0.001197091459265887,0.0006890089266376787,0.0,9.167656199415024,4.02805966171482,6,1,0.0009149111496267294,0.0003486860502497559,0.0,1.0,1.0,4.0,0.0,1.0,1
50.733187472721085,6.961721057734736,3,0.00126527974101947,2.216116500096958e-05,1.0,10.867880477058822,3.639969202559968,2,3,0.0004983971865188819,8.553816205935105e-05,0.0,2.0,0.0,3.0,2.0,0.0,1
14.505451939463503,3.9609827878867874,9,0.0021735553170132626,0.000982852808245741,0.0,30.420767536988336,3.8677510344088315,3,2,0.00932599617547524,0.0017340000438299226,0.0,2.0,0.0,1.0,0.0,1.0,1
42.66119090405929,1.8333383642267558,2,0.008632132859352956,8.926213533059578e-05,0.0,40.69685251643005,2.419864160538438,2,5,0.0024190057274464556,0.00024925323268489686,0.0,3.0,0.0,0.0,0.0,0.0,1
139.9046328852943,8.92452337186769,3,4.688136241207252e-06,0.0005859732764972479,0.0,100.92111657164357,2.2422189270077073,4,4,0.008171745184397958,0.0009252442307297958,0.0,99.0,0.0,0.0,0.0,0.0,0
10.371422725307431,2.2139943644810387,3,0.009087337515151074,0.0001717985479963615,0.0,160.6275538105607,1.9884205348519817,3,3,0.005549757787064068,0.0002410170578159035,1.0,1.0,1.0,2.0,1.0,0.0,1
42.457111727213494,3.475862399262375,2,0.003015081236064107,0.002389758448323203,0.0,50.46453867693686,2.119474018500857,1,1,0.002853192953634732,0.000549229956370021,0.0,1.0,1.0,1.0,2.0,1.0,1
50.62224758837425,3.9577426711240813,2,0.0008296088667887071,0.0025774337150666626,0.0,46.06845431775152,2.032220615984369,2,4,0.008197177853638129,0.00016422318501784676,1.0,3.0,0.0,0.0,0.0,0.0,1
71.67064192991054,2.791665571372662,6,0.0039018157302700817,0.001598680476826511,0.0,19.372461922029593,3.676201142762942,2,1,0.0010482468177542138,6.762750004769774e-05,0.0,99.0,0.0,0.0,0.0,0.0,0
211.91403809224335,3.8538612014894436,1,0.007532774461029035,0.000632903181819488,0.0,40.999254371099596,2.147274736528415,5,1,0.0010378465888048608,0.0013760304950814857,0.0,99.0,0.0,0.0,0.0,0.0,0
44.01416887126321,4.315176326857607,10,0.00025061062743767106,0.0018590802113442114,0.0,159.3411016303787,3.8743969594215404,3,2,0.0030973661389571395,0.00018093498228606442,0.0,2.0,0.0,0.0,1.0,0.0,1
44.08851887667962,3.807048352031481,4,0.004031238887782077,0.0003212155354938881,0.0,34.94365958042523,3.218092942781639,5,0,0.00045318467871309997,0.0018263895497862299,0.0,1.0,1.0,4.0,1.0,0.0,1
117.00071613324525,5.228278276966917,4,0.0011325655887636076,0.0003480211874332463,0.0,19.195196930839238,4.267308711303549,1,1,0.008401357801818873,0.0014113655168996543,0.0,4.0,0.0,0.0,0.0,0.0,1
58.15022187938715,10.685367399801324,4,0.005259965505972625,8.59674480275783e-05,0.0,29.685522745634575,3.5360945160947868,1,4,0.006832320013382881,0.0020887026638366467,0.0,1.0,1.0,4.0,1.0,0.0,1
30.35059789621803,1.8781057517048252,1,0.007853671563871619,0.003104408317610059,0.0,48.36625321617049,3.3477737423942697,2,2,0.0018635676530682984,0.0008272290732255337,1.0,99.0,0.0,0.0,0.0,0.0,0
58.182588046092405,4.757489357165467,6,0.0005402367028231107,0.000904031203311813,0.0,59.76557302037642,5.965908176740445,2,2,0.0070767539845792635,0.0006168256966774281,1.0,99.0,0.0,0.0,0.0,0.0,0
22.145593754510962,2.2269293258277942,3,0.00221050131127706,0.0017264252263691758,0.0,38.9834586292443,5.646813948102361,2,2,0.0020664587479040457,0.0014483284106710209,1.0,2.0,0.0,5.0,3.0,0.0,1
25.52436025664774,1.7892853902407309,2,0.002179734059897381,0.0006956116576117675,0.0,90.26213773240995,4.103358970789051,4,3,0.00038168119155648653,0.0018188593587951545,0.0,1.0,1.0,1.0,0.0,0.0,1
65.19104342422541,7.437146891570285,2,0.0038155073883869156,0.00011318263194984983,0.0,57.68962843306914,5.583961226614441,4,2,0.0034982857685651814,0.002362430970294529,1.0,1.0,1.0,1.0,1.0,0.0,1
53.43009730048056,5.000959710525565,2,0.009790442070179529,0.0008353033387931473,0.0,70.62610646585163,2.12627953917666,2,4,0.0009502561421542993,9.719357815730509e-05,0.0,3.0,0.0,0.0,0.0,0.0,1
207.06341882022502,1.7354393637447036,6,0.0013035560699883111,0.0003789326322456797,0.0,124.23096422206662,2.875737950005798,1,4,0.0038601754024196362,0.00027027479317015996,1.0,99.0,0.0,0.0,0.0,0.0,0
46.00276664317826,3.8517890487081896,10,0.004294764401569315,0.0006472635656625465,0.0,125.45564438823136,2.925290919121008,3,5,0.01091164250442543,0.0018288458536394774,1.0,2.0,0.0,3.0,0.0,1.0,1
79.51219070282175,2.5224937146461217,3,0.0007614301827071476,0.0006551539003662645,0.0,18.652315143305994,3.9556314948895728,3,4,0.009386666550969577,0.002015228719090163,0.0,2.0,0.0,2.0,0.0,1.0,1
90.03126180142785,3.9320093149193283,4,0.0042235894087263364,0.0008721913522971212,0.0,63.585497145120705,1.625980545576104,0,4,0.0026025743547230056,0.00022764163336587152,0.0,99.0,0.0,0.0,0.0,0.0,0
11.054475586052739,6.461402536950833,3,0.00033976480783005285,0.0011021071168558505,0.0,80.66240861820809,4.075611906402649,3,2,0.0017206168736475847,0.0035978071087374437,0.0,4.0,0.0,0.0,0.0,0.0,1
97.14145576287912,6.075130170641814,4,0.0005221028863227858,0.0003040335345894269,0.0,14.459114848317824,4.778233265461291,3,5,0.0011886297737164894,0.00016440445479192522,1.0,1.0,1.0,1.0,2.0,1.0,1
25.684691215939857,3.417984994662334,2,0.013306103761865834,1.9972792622846824e-05,0.0,116.00267247064313,4.686315613934239,5,4,0.0007394468508293414,0.0026652895199613252,0.0,2.0,0.0,1.0,1.0,0.0,1
269.6798617817941,7.646038674196015,9,9.399685940735371e-05,0.0002512056770418602,0.0,16.94144632431952,1.5747618087079833,2,4,0.0037819587137306876,0.0015102889606669672,1.0,2.0,0.0,3.0,3.0,0.0,1
22.87575234481441,9.380940409038807,6,0.009656019834782438,0.001969180086588067,0.0,101.35049021877191,1.6933090491696476,1,3,0.00028088505974954925,7.40569833058447e-05,0.0,1.0,1.0,0.0,0.0,0.0,1
52.84008916292855,6.5251336441948515,3,0.002595355118245272,0.00018410270869697787,0.0,15.565991582106324,2.3891503588625316,2,3,4.897180046682371e-05,0.0006249746537534638,0.0,99.0,0.0,0.0,0.0,0.0,0
17.13707501204025,3.0937512623680723,4,9.95661248511548e-05,0.00022128933573772265,0.0,86.23626066849683,8.81694206096243,1,1,0.0006981720933772139,0.0006633739208085948,0.0,1.0,1.0,2.0,1.0,1.0,1
471.44652921206074,4.008669985435326,2,0.004905140642027521,0.0002639544188503796,0.0,14.62054708261609,4.129396575875928,2,7,0.0010795085097458743,0.0012349938256504761,0.0,4.0,0.0,0.0,0.0,0.0,0
65.8037492526581,10.482605724292775,3,0.004086122279354719,0.00028255198103186336,0.0,33.56896238447781,1.7268558339363045,2,3,0.0047297196105777865,0.0003139832678705046,0.0,4.0,0.0,0.0,0.0,0.0,1
82.38554592711566,3.56907884560888,5,0.01419464459562454,0.0002990688900147122,0.0,14.295187874410356,4.277646980521956,4,2,0.01322402580712976,3.856463793210613e-05,1.0,1.0,1.0,2.0,1.0,0.0,1
15.554564066260333,6.086527719761969,2,0.003941267550251977,0.00028733359397035426,0.0,23.94144853728555,3.64691493117342,3,4,0.003914658230972951,0.0013439435371033182,0.0,2.0,0.0,4.0,2.0,0.0,1
120.89090041727992,2.769940211320706,4,0.0008194605306904141,3.871790908409682e-05,0.0,255.07214524727758,4.599461814305398,4,3,0.0062597767064034755,0.0008539342156014369,0.0,3.0,0.0,0.0,0.0,0.0,1
28.848227060021056,7.6781572379622425,2,0.0025549050842998203,0.00017993033306282756,0.0,11.835535893307096,3.320608114332902,6,2,0.002712366660352535,0.0010649456079763015,0.0,1.0,1.0,2.0,0.0,1.0,1
192.66518854493043,2.5930430088343295,5,0.0021979319747694646,0.00035331933316827937,0.0,36.29952812106254,3.4062123343574977,1,2,2.316635399473979e-05,0.002158451328635569,1.0,99.0,0.0,0.0,0.0,0.0,0
28.367106252866666,4.112634556366191,3,0.0011296294371561265,0.003757830712904297,0.0,72.79119609879879,2.372089736305995,3,5,0.01597007564388507,0.0018282674489528373,0.0,1.0,1.0,6.0,1.0,1.0,1
26.92563438470527,5.958983756522405,4,0.0030577650350871815,0.00010510959161474329,0.0,10.962611900474414,10.164913698578642,2,7,0.0032687258060049487,0.0004020190885941427,0.0,1.0,1.0,1.0,2.0,1.0,1
12.978747348613773,11.786028790101229,5,0.001271905652968831,0.0014476113966143558,0.0,11.926872506854325,2.812210714561658,3,2,0.00022882880370654482,0.00040033165439674006,1.0,3.0,0.0,0.0,0.0,0.0,1
61.102863463637114,4.946472687918051,1,0.014206892503029384,0.0021221357122994606,0.0,14.277448590271636,3.1246075689105233,4,6,0.0016359125343784091,9.739615628189578e-06,0.0,1.0,1.0,0.0,2.0,1.0,1
76.56352829409444,3.700102985408519,3,0.00030047211966197155,0.0027976751661423498,0.0,67.13594711029609,2.5976870237573455,7,8,0.009578925836516906,0.0008056641876198989,0.0,99.0,0.0,0.0,0.0,0.0,0
15.437355214332518,3.5380393930861533,3,0.0003319166932369679,0.0008794677498875107,0.0,149.03630232027226,1.2687168016228432,1,5,0.0020939083461584697,0.001680873908873445,0.0,3.0,0.0,0.0,0.0,0.0,1
129.52020748786978,7.478432191452564,2,0.0003114504493256661,0.0014657511754850247,1.0,109.91836233372297,1.6474303542960576,6,5,0.0032620553778975776,0.0006942408944711195,0.0,3.0,0.0,0.0,0.0,0.0,1
58.306772023489735,5.675730834627602,5,0.0018074010908174305,0.0016677229602549701,0.0,249.66779597453967,3.7173720529800316,4,3,0.0014192236514926954,0.0008139850431087645,0.0,2.0,0.0,3.0,0.0,0.0,1
69.45261236740775,6.3852310625430935,2,0.005799256560890077,0.0014241576060012176,0.0,56.78460554566244,2.75293380772534,1,3,0.0004551534175314387,0.00030522387047571026,0.0,99.0,0.0,0.0,0.0,0.0,0
56.494517743006426,10.039989706629523,6,0.0034452176628984588,0.0012730809494754765,0.0,200.39046325597408,1.4955200399031268,3,2,0.003291128979674605,6.313429065408082e-05,0.0,2.0,0.0,1.0,2.0,0.0,1
50.9678561019937,4.49089403573452,2,0.0007579834903932149,0.0012787509200994323,1.0,26.824922695693775,4.956000235883124,3,1,0.005817036698500057,0.0015100212786898755,1.0,1.0,1.0,1.0,1.0,1.0,1
75.61307657102998,5.439834337224849,3,0.0005084897272003312,0.001045227110814059,0.0,37.83948040046932,4.871577136980294,5,3,0.009888993642349776,0.0008403541109034886,0.0,2.0,0.0,2.0,0.0,1.0,1
23.49624054087644,3.510041840966223,6,0.011184589189179387,0.0014130015350299055,0.0,35.2549744041811,4.446547246257953,2,3,0.001554384508274667,0.0006354473871809793,0.0,1.0,1.0,1.0,0.0,1.0,1
26.06440689669004,2.7100199440918034,6,0.003298164186927261,0.000743743897984921,0.0,7.910933370230578,3.5717704995962816,0,4,0.0012909967555444458,0.0037425387712855633,0.0,99.0,0.0,0.0,0.0,0.0,0
168.31594626369122,3.01733089157176,2,0.0037441265022789133,2.9439113569998753e-05,0.0,111.21347771676245,7.825508095433301,1,5,0.007707673459371449,1.1592457467221958e-05,0.0,3.0,0.0,0.0,0.0,0.0,0
243.67293674117485,1.1870179307098314,3,0.006933928708020544,0.0006727628892428979,0.0,6.501728750534542,2.649621334798394,2,5,0.00504228181912381,0.0005477976135547096,0.0,3.0,0.0,0.0,0.0,0.0,1
47.38417499801108,5.923101501328596,3,0.009495083604827665,3.7209896871687e-06,0.0,83.53250574018735,3.562063435818729,2,2,0.0008753044647870152,0.0005021783949755777,0.0,2.0,0.0,1.0,0.0,0.0,1
35.25850925541328,5.565638878087509,6,0.0179038894005222,0.00132896461270043,0.0,36.36020789459245,1.8780875210343821,4,1,0.002051638674673043,0.004861662298370953,1.0,1.0,1.0,3.0,0.0,0.0,1
92.62586120755657,5.848687067736565,0,0.015865931966999116,0.0012239297301673948,1.0,5.376038883730963,1.5645926968087545,2,8,0.0004411567859444592,0.00499256964818924,0.0,1.0,1.0,3.0,0.0,1.0,1
52.039165408579706,2.609926291734424,1,0.003071733449470222,0.0005028212512011157,0.0,25.544931622563787,7.19648237237368,2,5,0.0024731980980837887,0.0004544250698308418,0.0,99.0,0.0,0.0,0.0,0.0,0
12.057131898611763,3.0476415366050693,7,0.002485787576499945,8.807699254336751e-05,0.0,30.490592017276164,4.439808765957007,4,0,0.022457516390974347,0.0025086255267723,0.0,2.0,0.0,1.0,1.0,0.0,1
23.582688263960847,2.990825489457701,6,0.010829196149769139,0.00035395020329685354,0.0,205.6365391515963,4.1323904726972245,4,5,0.003087328229542444,0.0009037454519955295,0.0,1.0,1.0,2.0,1.0,1.0,1
110.69466078824364,8.128460433263463,2,0.000993870576516864,0.0005482442977012727,0.0,69.91931150613073,9.864744591186565,10,2,0.004709660572740401,0.000916561340607064,0.0,3.0,0.0,0.0,0.0,0.0,1
96.05198258540285,4.838196839514419,7,0.0064663541011098745,0.00034217424710640245,0.0,52.059405092200286,1.4455540114426149,5,5,0.0035164545928307654,0.0009624714638117115,0.0,1.0,1.0,2.0,4.0,1.0,1
12.197588630755208,4.462274650886068,2,0.0063959871099420855,0.0002624408906583247,0.0,13.152658692129764,1.721682140110615,5,2,0.005144757067217596,7.624264928262968e-06,0.0,4.0,0.0,0.0,0.0,0.0,1
30.0794379093364,6.738621633923182,7,0.0033980639056815573,0.0005233899705130838,0.0,34.766501312003676,8.843402686661326,1,4,0.0021227419122208826,0.0008201586142206022,0.0,2.0,0.0,4.0,1.0,0.0,1
31.02092631607448,2.9966152207077617,4,0.0036432770907814274,0.00017563546175562,0.0,7.185174066266908,3.627382949300562,4,4,0.0035294680132270206,1.7648883351558507e-05,1.0,99.0,0.0,0.0,0.0,0.0,0
99.15317782622814,5.361542939383465,2,0.006162045592580417,0.0006903878986208097,0.0,91.04982241739752,3.58331517313752,3,1,0.002650876284058722,0.0004529383759201562,0.0,2.0,0.0,3.0,2.0,0.0,1
11.592590503371152,12.713925298611231,6,0.004068546750667018,0.00020240658453111863,0.0,15.659867633182547,2.8260372903928968,2,5,0.010588433625856139,0.001988969424222761,0.0,3.0,0.0,0.0,0.0,0.0,1
18.794884688109825,8.899628161850153,3,0.005160802270527057,0.0017151733555113723,0.0,59.14855103983844,3.493827164125914,4,2,0.0010651690568682873,0.00026056191130465205,0.0,99.0,0.0,0.0,0.0,0.0,0
138.7214741836993,5.313675280905692,4,0.0031679011949913385,0.003696209664227658,0.0,77.11679915277249,4.29388747878958,0,2,0.0030883728042428817,0.0004662832325985689,0.0,99.0,0.0,0.0,0.0,0.0,0
25.73421675614283,4.562234215497919,1,0.003000769231410906,0.0017741341817759026,0.0,32.39058126211948,6.826831294962134,3,2,0.0026622904771554305,0.0008776024744287114,0.0,3.0,0.0,0.0,0.0,0.0,1
94.61592711364615,5.81873936702748,3,0.004649676251386136,0.0005220108265745135,0.0,65.07712805360063,8.103204680752675,2,1,0.004179960749907953,0.0005924935118934919,1.0,99.0,0.0,0.0,0.0,0.0,0
31.76388977671962,9.640672400710852,4,0.009440853437605028,0.000463773162451377,1.0,91.69463977760064,5.289225299067436,6,1,0.004935763709141907,0.0009654745438355231,0.0,1.0,1.0,0.0,3.0,0.0,1
18.379202678789706,9.234321988150162,3,0.005859191031366792,0.0012769050810913117,0.0,17.209558712949196,2.3633979882296234,7,9,0.0020479895514842485,0.0011872751604979225,0.0,3.0,0.0,0.0,0.0,0.0,1
32.28956131291578,10.617166391338865,2,0.008973331403786722,9.03112897944561e-05,0.0,60.10663221845953,6.018746775975748,6,2,0.0038384840751611634,0.0009052269529829984,0.0,1.0,1.0,0.0,3.0,0.0,1
112.48758504776255,5.000601882414652,5,0.00459528411830202,0.0002385197793051861,1.0,84.42918357406,4.265436070620877,4,3,0.0015427005747980184,0.0004149223071352793,0.0,2.0,0.0,2.0,3.0,0.0,1
164.86690699631436,1.3295677399541987,1,0.003421989335709549,0.0004910153335941752,0.0,31.501120800845115,4.03591543105129,1,2,0.0025488177792518637,0.0010484828590645989,0.0,2.0,0.0,2.0,3.0,1.0,1
151.86007999804514,12.174380363576892,2,0.0009564180350402995,0.0015800185286338952,0.0,15.63940747195181,2.48414326108092,6,6,0.007744690611702136,0.0019594792903731223,0.0,99.0,0.0,0.0,0.0,0.0,0
50.49139915800708,2.706636425307188,1,0.007965863436507901,0.001114076123904222,0.0,25.22208946509486,3.3245004868157624,5,5,0.005551095472071536,0.00027888446252626747,0.0,2.0,0.0,1.0,0.0,1.0,1
98.2301422723676,6.673076802412717,6,0.000202705258296713,0.00018126778569298134,0.0,167.2506626885439,2.6960533368238093,3,2,0.00199646083718437,0.001807920121118081,0.0,4.0,0.0,0.0,0.0,0.0,0
28.351472826318464,1.3390512010448306,1,0.005502345858127014,0.003952425640812479,0.0,31.53844767428473,1.2430790458087857,3,3,0.0034468338465133996,0.0007126283127305991,0.0,2.0,0.0,3.0,2.0,0.0,1
37.75468708900135,4.407351703599364,2,0.0028222213486315518,0.0016216033117135036,0.0,11.837212326633532,3.9759339104044473,2,8,0.0013365099420270705,0.001617438169520079,0.0,2.0,0.0,2.0,2.0,0.0,1
191.32789029047234,3.572836346156409,6,0.002643727224285648,8.800797944385383e-05,0.0,10.180976261250429,8.994710644689349,1,6,0.0008120162194013769,0.0008841087019038161,0.0,99.0,0.0,0.0,0.0,0.0,0
11.0469750717028,10.631634938836322,3,0.002094259846853156,0.0012907983360610413,1.0,16.943291585566797,2.4414393542034576,3,3,0.0009549986576605821,0.0026225277624800027,1.0,3.0,0.0,0.0,0.0,0.0,1
17.15097117043593,5.353924938175764,2,0.006216252228587114,0.0001399595742460818,0.0,13.184405799911895,4.086259952497146,3,0,0.0007988981412577552,0.0012960114092012527,0.0,3.0,0.0,0.0,0.0,0.0,1
28.644022419185216,4.380069437605719,3,0.016305902236058375,0.0007373748994575196,0.0,45.99699852829539,2.032158704082336,4,3,0.005096866021214816,0.0028613560339513008,0.0,2.0,0.0,2.0,1.0,1.0,1
12.15124281794535,5.708636952815184,2,0.003081487162653322,0.00010022367883764905,1.0,30.621379072513847,5.6531844554581205,3,2,0.008803833622879337,0.004464991565916156,0.0,1.0,1.0,1.0,5.0,0.0,1
26.01624026322182,1.091565161369373,8,0.009169335186885208,3.1351346192848773e-05,0.0,115.48433744945783,6.9698424190782795,3,1,0.0033131743661965977,0.00029454283727558145,0.0,99.0,0.0,0.0,0.0,0.0,0
79.98149829954933,2.9571422516754464,13,0.0018206630499368569,0.0015305719537982965,0.0,132.75751640727626,1.3322185282063987,5,3,0.004388567527772363,0.0013611029386702486,0.0,4.0,0.0,0.0,0.0,0.0,1
53.774905469424034,3.224877270267454,3,0.03244453351299216,0.002588259582735661,1.0,43.46510112880714,3.142682437844867,3,2,0.003515209160894091,0.001999827352076928,0.0,2.0,0.0,3.0,1.0,0.0,1
188.5490416657462,6.2505536478315,6,0.002346616426936206,0.00039933185186403174,0.0,136.63842847391675,2.767094154222682,1,6,0.007843301576495352,8.503588938869603e-06,0.0,99.0,0.0,0.0,0.0,0.0,0
146.05567224155828,2.38206672668175,0,0.004359152867584524,3.065792202718443e-05,0.0,40.92060178091598,3.0869243962213737,5,2,0.009647483518195036,5.254648723713863e-05,0.0,2.0,0.0,2.0,0.0,0.0,1
43.461824413522564,4.873088734495321,4,0.00013945852298721042,0.0018310350466108996,0.0,66.62698994854692,5.45064180233972,4,2,0.008790006097110751,0.000989506016927535,1.0,1.0,1.0,6.0,0.0,0.0,1
34.02610017178228,4.1333217357532686,3,0.0038934783112347516,0.0007620284466877715,0.0,15.642536442142964,3.0515277484220107,5,7,0.006659294276090875,1.4939009024194788e-05,0.0,2.0,0.0,1.0,1.0,0.0,1
48.20318464868302,3.0504867322951004,1,0.0018569910407893915,0.000825120029345727,0.0,8.240928938577646,6.270798865851066,4,4,0.0004561097066519623,0.0013884073199457673,0.0,2.0,0.0,0.0,0.0,0.0,1
81.38542001146442,3.167366440532703,3,0.0015086580168989908,0.0008153768715244222,0.0,15.467287566083346,1.2358444023874948,2,4,0.0032909271885292455,1.84454648221303e-05,0.0,99.0,0.0,0.0,0.0,0.0,0
34.96493678522183,4.111016874534049,3,0.001008597945685027,0.0006841051035539735,0.0,22.408725107560315,3.8342888356764444,2,3,0.0026093572338969353,0.0016848495793156768,0.0,4.0,0.0,0.0,0.0,0.0,1
88.284979643767,1.4737306067503055,6,0.003957176901080939,0.002679247548191247,0.0,88.41377998687007,4.030304656127688,1,3,8.729888911908505e-06,0.00241352479781116,1.0,2.0,0.0,1.0,2.0,0.0,1
52.130883142384896,6.793501274050152,6,0.000631211368914797,0.00044068716638880545,0.0,16.43370228243569,1.800656590206223,4,4,0.0071055733274645455,0.00017468356145335125,1.0,4.0,0.0,0.0,0.0,0.0,1
74.24538932118756,2.695849858552354,3,0.0030124091940429434,4.5676095143876015e-05,0.0,13.400892453569568,8.320525940503172,3,4,0.009151213733914023,0.000521618384186231,0.0,1.0,1.0,4.0,1.0,0.0,1
55.83403160728896,3.7065235193935773,4,0.004931651999669988,0.0016952002130590062,0.0,162.54071203814794,2.862273329902574,1,3,0.0077758545063818536,0.0018377440438503427,1.0,99.0,0.0,0.0,0.0,0.0,0
37.90399802098665,10.398665149074384,7,0.001319456462751466,0.0017920582310837427,0.0,75.0396362353854,4.954385899487219,2,4,0.0046465157073201846,0.0006114657389912936,0.0,1.0,1.0,5.0,0.0,1.0,1
247.22137769217628,6.862972552234464,3,0.009939513330107617,0.0013091961851169742,0.0,43.46808546146046,2.332493825272837,3,1,0.012219684136035157,0.00018955351377959945,0.0,2.0,0.0,0.0,2.0,0.0,1
125.3803602986109,2.1569768241633396,6,0.0003652434205387575,1.8013253960553255e-05,0.0,10.987124676115412,2.101433655573241,3,3,0.009047378243460014,0.0027646672085997214,0.0,99.0,0.0,0.0,0.0,0.0,0
22.07635984984167,1.0634137401524617,4,0.0006438439850588258,0.0006827100479845572,0.0,119.54787455426197,5.35115628768975,3,3,0.0006219278799882126,0.0004246935655463156,0.0,3.0,0.0,0.0,0.0,0.0,1
172.2803942175459,5.854165747126528,5,0.0009824470614442286,0.0005214344585846383,0.0,11.874734539674318,2.215504205003013,4,5,0.0053647185995281356,0.00026676536805347585,0.0,99.0,0.0,0.0,0.0,0.0,0
63.46562637295332,3.793476981332665,2,0.0006615507766003062,0.00010099526071530242,0.0,61.6577336836901,3.09780811909108,5,4,0.0027580936553382555,0.0019339877581817711,0.0,1.0,1.0,1.0,1.0,1.0,1
189.96315922317947,4.890461866740763,6,0.008713685146170809,0.00027624790939366766,0.0,71.09878188137967,2.4507938916168603,5,3,0.0018957628427166081,0.001107294900030569,0.0,2.0,0.0,2.0,4.0,0.0,1
138.69715631439203,6.727645239017035,6,0.0012920850212428676,0.0002908923767767196,0.0,35.66341954677831,5.168877451901287,4,1,0.003856655111047441,0.0011292873476807647,0.0,2.0,0.0,4.0,0.0,0.0,1
54.300529540688586,7.3670084762309775,2,0.0038880270805189843,0.0009148617119136007,0.0,150.2934194821526,2.731128240186675,5,3,0.0007858371052358323,8.60633425744143e-06,0.0,99.0,0.0,0.0,0.0,0.0,0
11.818047158203209,3.372317222858706,2,0.0013409993210374293,9.084901536282014e-05,0.0,8.121863148417706,1.8989712217763453,2,7,0.0024278389806700156,0.0008002307115404248,0.0,99.0,0.0,0.0,0.0,0.0,0
35.032043822118936,4.071114497043319,2,0.00046969613932097,0.00011001425386421115,0.0,107.26346827082095,4.301824359146067,2,2,0.0022543418241394403,0.0007350051754420138,0.0,1.0,1.0,0.0,0.0,1.0,1
72.4070204543837,5.455465623922767,4,0.003931542165908167,0.0025900816938047347,0.0,53.41852656398364,7.8008070845872375,2,1,0.002061966825656277,0.00082722429496782,0.0,99.0,0.0,0.0,0.0,0.0,0
90.29578655476291,5.66857767004045,5,0.009690323564155327,0.001053786501023556,0.0,61.681987140765756,5.619358093968721,5,3,0.010548014089430477,0.0015150599753248589,0.0,3.0,0.0,0.0,0.0,0.0,1
33.860374394315116,4.862147533827372,3,0.0053867537066935945,0.0015075494279451613,1.0,264.76861271741654,5.7099375425965935,1,3,0.0070924246391264704,7.248443802985254e-05,0.0,2.0,0.0,2.0,3.0,1.0,1
22.005953506457242,9.71342527671236,1,0.0013644490653272673,2.2347681613223042e-05,0.0,57.429489008887415,2.494542505088555,2,3,0.01077244589453844,0.0006551667637886504,0.0,1.0,1.0,1.0,0.0,1.0,1
154.11096697299132,5.631069714369242,6,0.006590929644387289,0.00010014651826431619,0.0,100.68123016143004,3.87163759206457,3,5,0.004511012561140181,0.0011698199175186896,0.0,2.0,0.0,4.0,0.0,0.0,1
342.8499330549787,6.668664159717444,2,0.0041327748516956616,0.002731277476127771,0.0,15.000885361290642,2.848770394847503,1,3,0.0024989400586462366,0.0010673225519944021,0.0,3.0,0.0,0.0,0.0,0.0,1
69.67156375776696,5.1076431713802535,7,0.004558568408710321,0.0004397471942044987,0.0,104.4199514341949,1.9877010698513782,3,3,0.0024269331588469664,0.00014788096008922674,0.0,2.0,0.0,2.0,1.0,0.0,1
25.068389092805916,2.372464982419414,5,0.0006643829387869764,0.000838006237117589,0.0,90.89580948411991,4.352566280889196,1,1,0.003133895750873369,0.001789256927584107,0.0,1.0,1.0,2.0,2.0,0.0,1
35.43011773831463,2.95172369245888,3,0.0021842994427093017,0.00015063206270201946,0.0,211.7279059166869,4.08961292584612,2,7,0.007360085824839009,8.309470576273367e-05,0.0,99.0,0.0,0.0,0.0,0.0,0
11.48495099286128,2.109094257802809,3,0.004295007548590261,0.00039140159380651187,0.0,169.66166345116486,3.2405341654245863,3,2,0.0039223774389024425,0.00012948058277377383,1.0,3.0,0.0,0.0,0.0,0.0,1
206.55108221548457,7.862484506947541,4,0.0050105657281732385,0.00029998005867492623,0.0,19.446882141768114,6.635692571007642,1,0,0.001394633020108566,0.0003426889183282075,1.0,4.0,0.0,0.0,0.0,0.0,0
20.02248350769624,1.7308443186505662,4,0.00012456028556163593,0.00022321415081152595,0.0,42.52181287206141,1.5844939910271976,2,2,0.00448008907017263,0.0007878739229717843,1.0,3.0,0.0,0.0,0.0,0.0,0
78.73925350945247,3.9730149661786514,3,0.00244652037300541,0.00019249585079495713,0.0,150.4737600732635,4.811726543202753,1,2,0.012862255990589636,0.001977362945113644,0.0,4.0,0.0,0.0,0.0,0.0,0
35.622506288223434,3.480925481386846,5,0.012610648993783303,5.021009033484451e-05,0.0,66.42672215557192,4.408274768791033,2,0,0.004217628953075926,0.0023586084295829034,0.0,1.0,1.0,2.0,3.0,1.0,1
74.62684123255882,3.427807598396496,3,0.00021738632088991796,0.0006147596403928268,0.0,42.38373848994582,1.41439128814992,3,2,0.0008533104173198301,4.365313076975709e-05,0.0,2.0,0.0,1.0,3.0,0.0,1
94.31109071888216,3.6048589908250204,6,0.003578948701140344,0.001795906856815609,0.0,11.920527434463558,4.331045473484666,3,3,0.0028516947913325512,0.00039265308822743634,1.0,99.0,0.0,0.0,0.0,0.0,0
151.6351353937888,10.81770490744023,5,0.0006890023243382665,0.0004014515703060693,0.0,31.009431677695105,1.5480811457332426,3,4,0.010672927719706841,0.0023196025987109975,0.0,99.0,0.0,0.0,0.0,0.0,0
28.496202200362866,1.4329147372633093,4,0.0028751198850272886,0.0005122976309956714,0.0,70.6604761956979,2.7608494321743238,1,4,0.00773404353523276,0.0006659713015266134,0.0,99.0,0.0,0.0,0.0,0.0,0
10.884538370535775,8.994195153914053,2,0.0013822088613984233,0.00018976662207094785,0.0,95.0120055214347,2.9409908389381236,5,8,0.005612367699997412,0.0016115697347588893,0.0,99.0,0.0,0.0,0.0,0.0,0
21.776645654991242,3.7870425922457183,5,0.005209900465560755,0.001413475894552351,0.0,40.56194940033189,2.392726560155616,3,2,0.011453085438183026,0.0002687271919300845,0.0,1.0,1.0,3.0,1.0,1.0,1
194.22172230825453,7.081805197469088,5,0.008877638777860066,0.0013051592303140332,0.0,8.447863665420442,2.327021000819149,5,2,0.002313610318976672,0.0018695949898221984,0.0,1.0,1.0,2.0,3.0,1.0,1
175.6481081642498,4.543654556223381,6,0.014327985201439103,0.0003894408513925155,0.0,65.1717621509369,2.429492405529608,5,5,7.48968442509625e-05,0.0001904666518824498,0.0,99.0,0.0,0.0,0.0,0.0,0
82.7875448157194,2.22526963646358,3,0.0010995027912935075,0.0005297131090928846,0.0,157.74546788761353,3.7101887545662557,2,4,0.005541080444879423,6.405720259892199e-05,0.0,1.0,1.0,4.0,0.0,0.0,1
83.40669748042775,9.51074474242919,8,0.0009448543996614592,0.0005940075800718787,0.0,46.1596592703765,6.141605369356491,4,2,0.006081025980599539,0.0012042828629876387,0.0,99.0,0.0,0.0,0.0,0.0,0
97.49873835260101,8.64587149105013,6,0.002796921835768975,0.00012904904316245238,0.0,163.22031527673354,4.583511144397494,5,2,0.0037207289889139073,0.00031702141913144116,0.0,99.0,0.0,0.0,0.0,0.0,0
25.425762291084173,2.315735056959322,5,0.0077145554982783375,0.0009825496497065998,0.0,31.22670238030559,5.129629546628937,2,5,0.009504576013464265,0.0002996159726551578,0.0,3.0,0.0,0.0,0.0,0.0,1
206.65676486170412,6.1194067148384095,4,0.00427583667940254,0.0015773979364985557,1.0,135.48622982605465,7.518574757526599,1,3,0.0007530275043457353,0.0005311351894655593,0.0,99.0,0.0,0.0,0.0,0.0,0
53.40877074770545,3.0304376689872954,4,0.019062888210790538,0.0004758262933802276,0.0,97.60208928207521,6.705835472788293,1,0,0.001856088246201682,0.004300656919192795,0.0,3.0,0.0,0.0,0.0,0.0,1
48.648863946229476,1.7664857924529163,9,0.003323996371130669,0.0005341910589441783,0.0,200.8034495904101,5.043708252490804,2,3,0.00738695211147954,3.9990223609038595e-05,0.0,1.0,1.0,0.0,3.0,0.0,1
68.53735460981449,2.6996691496336176,5,0.006403354458093605,0.0014035589278249166,0.0,98.93135816341973,1.7347806236683887,1,4,0.012983539081279928,0.00019226283725211314,0.0,99.0,0.0,0.0,0.0,0.0,0
13.848373143358177,9.18022760434279,8,0.0026147915668534184,0.0004675418472391616,0.0,28.270457261665523,2.721103419460319,3,7,0.0046758118476942345,0.0029008262608013736,0.0,2.0,0.0,0.0,1.0,0.0,1
24.548936403941788,7.184957974684197,3,0.0015012683183020365,0.0014442194384865796,0.0,143.49659189243766,1.3653767477570418,1,0,0.003942008555377465,0.00043053838542833953,0.0,1.0,1.0,1.0,2.0,0.0,1
117.16312723391707,3.629859852568984,5,0.0015601869483077473,0.0006144281098094702,0.0,71.47088219442493,1.6857524034983111,3,3,0.0014874315301668596,0.000267874290749841,0.0,99.0,0.0,0.0,0.0,0.0,0
16.914262053747485,9.20614117821472,2,0.0012126061195568073,0.0004356508979274034,1.0,15.609194572220806,2.891222702072328,2,5,0.0015617415511004244,0.0011432727322969866,1.0,3.0,0.0,0.0,0.0,0.0,1
83.93617751880925,8.254323951922972,5,0.000510198129103186,0.0005252996700014095,0.0,7.8233002494182005,3.6149216773449417,4,2,0.0063001280878061715,0.0007856779915507968,0.0,1.0,1.0,1.0,0.0,0.0,1
32.52000268803526,2.702085464321788,3,0.0034763635907508143,0.0002683211292194957,0.0,32.32776965676223,6.177450015655641,4,1,0.001564038793314785,0.0009425550625436369,0.0,99.0,0.0,0.0,0.0,0.0,0
49.45138055401507,10.559864145368053,5,0.0010102568035360669,0.0012656482106828517,0.0,97.74953131342058,5.205155751330931,6,4,0.01690509655331809,0.0006015069728954239,0.0,99.0,0.0,0.0,0.0,0.0,0
37.252175356331676,3.460710656005591,4,0.0006052045027898753,0.0008116478256469606,0.0,62.77379578472488,7.167175481211796,2,3,0.0038136662260394335,0.0002625184521448168,0.0,1.0,1.0,0.0,2.0,0.0,1
45.16387821782828,3.745136069168716,4,0.0019380085308605835,0.0021805139180943113,0.0,49.93572579622024,2.003740502373099,3,3,0.0006984727926602691,0.0002960726015698041,0.0,1.0,1.0,2.0,2.0,1.0,1
111.56511893109494,1.447396285934789,6,0.004779684720706964,0.0002903866726282848,0.0,5.224075972038491,7.013659132757372,4,4,0.004614782849984543,0.0018605629935605139,0.0,1.0,1.0,1.0,3.0,1.0,1
38.20572316844407,2.9976798325646117,2,0.014953248408851191,0.0030298901593598052,0.0,39.3089683487901,4.511920804350478,2,0,0.008704618263898466,0.00013248524060330822,0.0,99.0,0.0,0.0,0.0,0.0,0
76.85148245645618,3.9912189335590793,3,0.010047200839180113,0.0005729046149888487,0.0,15.298808104178189,5.664883459940318,3,1,0.0002111764991736848,0.0012990975798211207,1.0,4.0,0.0,0.0,0.0,0.0,1
61.70878293522094,5.19253217380789,5,0.0020471019153296493,0.0013096873850472206,0.0,41.370561945219755,3.933574604181115,3,5,0.006411175661176466,0.0027511861474439746,0.0,99.0,0.0,0.0,0.0,0.0,0
97.17327384741426,2.229382855622666,7,0.000585547968434171,0.0007923221601731194,0.0,293.0005033239471,4.469270226628833,2,2,0.020283239681081124,0.00025675727968821446,0.0,99.0,0.0,0.0,0.0,0.0,0
230.95373180103752,2.772598134888721,3,0.0031771856064789733,0.0008485255015937927,0.0,131.98566569189472,3.560943878165187,3,3,0.007730354694299566,5.43386231554989e-05,0.0,3.0,0.0,0.0,0.0,0.0,1
115.51242170040342,10.698995882960329,1,0.003826134938594085,0.0006352940717426251,0.0,27.318681095867955,3.019566884787542,4,6,0.005436972585957866,0.0005629943239198911,0.0,1.0,1.0,1.0,2.0,1.0,1
29.359649059523786,7.931153941923296,3,0.0033408596853586,0.0007442936246182739,0.0,59.011372221820146,3.6937052170718063,3,3,0.00023163537395444442,0.0015701497844183045,0.0,4.0,0.0,0.0,0.0,0.0,1
12.534374305940627,8.813876341493707,5,0.01227621793018923,0.00028145544946591464,0.0,46.84078711996774,4.350571529260958,3,6,0.01714396183661863,0.0002445714106504929,1.0,3.0,0.0,0.0,0.0,0.0,1
34.33354416044703,4.1910220536183385,4,0.00725119665097199,4.171684433931597e-05,0.0,13.358965866531184,8.552569333379038,2,3,0.003679696943607415,0.00021070383340663227,0.0,1.0,1.0,2.0,2.0,0.0,1
82.32485214984779,5.284294214263841,5,0.009322099806079398,0.002041951423098523,0.0,280.16039409351555,2.428702366775282,5,4,0.0050915073997494014,0.0014935341658133536,0.0,99.0,0.0,0.0,0.0,0.0,0
14.223622247981975,6.200238830218341,2,0.0014242660756376728,0.00290545575218289,0.0,38.22139428727825,2.461927381358861,1,0,0.001293333964759543,0.00014165551468505765,0.0,3.0,0.0,0.0,0.0,0.0,1
64.87247648209511,10.605372158097243,2,0.0063187165766094705,0.0013641274777675425,0.0,47.271787491310164,2.7803632034443413,2,0,0.00045212266618356047,0.000607871184024051,0.0,99.0,0.0,0.0,0.0,0.0,0
82.67430719900482,1.7485164864330125,5,0.0058778652727150115,0.0007796624663795308,0.0,67.5791860086479,7.3938277289002805,4,3,0.004151535187045046,0.0002289458346453378,0.0,4.0,0.0,0.0,0.0,0.0,1
42.54655023504803,3.1730103207264415,4,0.0028978540832216896,0.000502972244858393,0.0,17.757780959466736,6.206292781963283,3,2,0.004553759424430177,0.0008371338069226123,0.0,1.0,1.0,3.0,0.0,1.0,1
127.89199673173877,5.002492296064858,3,0.0026618421921569217,0.0007206893574706381,0.0,20.07920359411805,4.005052212008378,2,4,0.0005261339623626506,0.0005498361353385724,0.0,2.0,0.0,3.0,2.0,0.0,1
19.017513181174238,4.560650663535029,10,0.005295163667918185,0.00015608894520109776,0.0,17.833074781243155,3.310718337144797,0,4,0.00318298025381156,0.0018008722244130405,0.0,4.0,0.0,0.0,0.0,0.0,0
16.24884046337976,2.752805835193987,5,0.0067287019953977956,5.5463026279070165e-06,1.0,34.11586121324857,2.0577991319449174,3,6,0.0026919378344521425,2.176472266984884e-05,0.0,3.0,0.0,0.0,0.0,0.0,1
114.21179281731142,5.886048285667804,4,0.009136088680861442,8.945972511900236e-05,0.0,18.364389703605617,1.59813266819961,4,3,0.005722797302253572,0.0008964656228739234,0.0,1.0,1.0,4.0,1.0,0.0,1
64.7336181330455,3.246368152845247,4,0.004685887367200471,0.00044132098496193296,0.0,161.54332828138465,3.053552377223151,6,2,0.00016484184859881068,0.0014403835870942286,1.0,2.0,0.0,3.0,2.0,0.0,1
103.28341245865127,4.366566585735222,6,0.0009594064896223842,0.0023987484130717704,0.0,80.17172813828657,1.9682639240279078,3,2,6.03225997628173e-05,7.859266850075523e-06,0.0,1.0,1.0,2.0,3.0,1.0,1
55.649919930308585,5.7320693726576275,4,0.006163071827600619,0.0018583465199178044,0.0,141.8703018344473,6.006079206572199,4,4,0.011139184233564246,0.0013142868349867612,0.0,4.0,0.0,0.0,0.0,0.0,1
32.631700300682525,3.3361273556274194,1,0.006847420385895917,0.00076405016767834,0.0,118.2238945454553,3.843780325865039,2,2,0.003044047372272516,0.0002608823440224223,0.0,1.0,1.0,4.0,0.0,1.0,1
146.78589588569568,6.831763864541674,2,0.001879428568383397,7.510497407034274e-05,0.0,77.8720935516819,3.4428172301847795,4,2,0.000579297581960945,0.0008768861015833421,0.0,3.0,0.0,0.0,0.0,0.0,1
138.5217251168152,7.583836547592322,3,0.004680107641065508,0.00012732492623378618,0.0,21.68340779015916,1.8390821121051115,3,1,0.0033307792225576015,0.004356602457708922,0.0,1.0,1.0,3.0,2.0,0.0,1
104.91590557672971,2.812255869373324,7,0.00787322653613534,0.001511049425115757,1.0,62.320430406980684,2.7948604349715014,4,2,0.027241068859401665,0.00015965041363114627,0.0,3.0,0.0,0.0,0.0,0.0,1
35.41228919904256,3.2329720344063277,4,0.006209201082398674,0.00218731741197577,0.0,17.36972786320867,3.4917409139919346,3,2,0.009320464472832156,0.0006885846239265159,0.0,1.0,1.0,6.0,3.0,0.0,1
81.37287037787713,2.409156035215442,3,0.0021159449777919176,0.0015553603001815454,0.0,13.526729465350545,7.442556893922163,3,3,0.0074839710513286,0.0011577330116389105,0.0,1.0,1.0,2.0,1.0,1.0,1
45.824798046385766,4.309407842760482,9,0.0020176523584257,0.0004168541414777059,1.0,65.07420327790604,3.60902870157399,3,4,0.0038377097093338,0.0012865850975585522,0.0,2.0,0.0,1.0,0.0,0.0,1
17.68405876853226,5.190439853924949,5,0.008399767954746463,0.000995669578760201,0.0,63.7898800320519,4.6683462071036095,1,1,0.004387282902725463,0.000692888249320597,0.0,1.0,1.0,1.0,2.0,1.0,1
209.41598748301132,3.5240882574130317,3,0.000547865844669865,0.0013779670873771534,0.0,15.220411477881184,2.3246880597134925,6,6,0.0016494243496814759,0.0010341511875406435,1.0,99.0,0.0,0.0,0.0,0.0,0
21.7704359055616,5.104915789790555,3,0.004435410895142977,0.0029355438348169904,0.0,31.071489648160707,3.209686057775519,6,3,0.00029139438425592774,0.0006849452835408659,0.0,2.0,0.0,6.0,0.0,0.0,1
250.039252249821,3.1838395616748567,3,8.658245105126202e-05,0.0010574160965761226,0.0,9.114795724940045,1.7057336212117264,0,1,0.0029078059733890164,0.00042597401223612354,0.0,1.0,1.0,2.0,0.0,1.0,1
57.248081023269776,3.2436941414048412,5,0.0025926189418318036,0.00010883065473249984,0.0,80.47050449351407,6.704592024204401,1,6,0.0028001820846988465,0.0013230596770399004,0.0,99.0,0.0,0.0,0.0,0.0,0
26.378422553077264,5.350309746523512,3,0.0013279007968015422,0.0004410190628267161,0.0,267.9007284185872,5.862954510581421,4,1,0.000926235628322957,0.0004377672390978623,0.0,1.0,1.0,0.0,1.0,1.0,1
72.45358769213892,3.3691798455479556,5,7.602746304468012e-05,0.0024156954906231773,0.0,85.80276634502474,8.3936084934294,1,1,0.001144889996191038,4.2732200262880365e-05,0.0,99.0,0.0,0.0,0.0,0.0,0
175.0513435425647,4.172992326209065,5,0.0038577058340290393,0.0009183684592374989,0.0,116.53251162716408,3.4809556292920925,5,2,0.0013498929368803653,3.148685680944289e-05,0.0,4.0,0.0,0.0,0.0,0.0,1
115.4086223304379,5.463277053583282,2,0.009578222542865803,0.00033829751506564524,0.0,43.81513110939661,1.3762041253440347,3,1,0.007900950073596534,0.00025116977251501813,1.0,1.0,1.0,2.0,1.0,1.0,1
141.42350608590058,5.061174976200198,2,0.0010348059731527315,0.00010632556755621971,0.0,11.027956231562229,3.2880363166257296,3,1,7.032298348602605e-05,0.0005104514916484648,0.0,1.0,1.0,4.0,2.0,0.0,1
96.01901721363221,3.2099152320062108,2,0.00407997291525106,0.0009212067127854291,0.0,82.81059271894208,2.351582964948818,4,4,0.007723891954458751,0.000369871878516438,0.0,4.0,0.0,0.0,0.0,0.0,1
104.28430689132257,8.045070590544654,1,2.9288511485106183e-05,0.002559934080460063,0.0,22.784820945391335,3.8339551356871575,3,1,0.0054061294547908595,0.00030494308943852984,0.0,4.0,0.0,0.0,0.0,0.0,1
161.34175904402235,6.036301507726621,4,0.004087958352539356,0.003251952311177186,0.0,34.49020565831975,3.5733840730113693,4,1,0.0015687370484297435,0.0010795483132524171,0.0,2.0,0.0,3.0,0.0,0.0,1
32.97916124320961,5.002862811295813,1,0.0017087301599089386,0.0002176250809361196,0.0,77.86144225904192,3.049325601580689,3,4,0.02477806426066062,0.0009955426546008883,0.0,99.0,0.0,0.0,0.0,0.0,0
63.77741329369931,2.2364487149760324,4,0.0016641020276288302,0.0021334131624465,0.0,146.09676862583814,2.2865702806245025,4,3,0.01876887152594355,0.0005151421005499294,0.0,1.0,1.0,1.0,3.0,0.0,1
30.001050328489786,4.626957156659123,8,0.021266589602613004,0.000175621969951091,1.0,44.9609997246233,5.911917459839585,2,1,0.004681954822658193,0.0025336026309305424,1.0,3.0,0.0,0.0,0.0,0.0,1
361.64467339242634,2.963611316586775,3,0.004941030231443426,0.00033922432466103455,0.0,200.59057775724483,2.1039214441113447,3,4,0.0006185075020401543,0.002115078898536168,0.0,2.0,0.0,1.0,1.0,0.0,1
240.67710298563316,5.778653421306695,3,0.007264614183579345,0.0035427046613472173,0.0,49.02609275322182,3.912395740322927,4,0,0.007032166442055936,0.0015423728027186704,0.0,2.0,0.0,3.0,4.0,1.0,1
13.218008096430328,1.0605956726138948,3,0.0063997300435430825,0.0006942114502922872,0.0,12.84141384761049,7.979281964893065,4,4,0.00012553594081172887,0.00024085637994480946,0.0,3.0,0.0,0.0,0.0,0.0,1
107.81852505565831,3.7143050932297768,5,0.0018218032921476666,0.004229791604960285,0.0,48.84268746068114,5.688237249229633,3,6,0.013276095959462967,0.001337907414938189,1.0,2.0,0.0,1.0,1.0,0.0,1
217.48668459802045,3.1281596627070347,3,0.010838148108286195,0.000848857424106224,0.0,123.23639310546693,2.207296066461064,3,3,0.017526332539517225,0.00020698693277702284,0.0,1.0,1.0,0.0,3.0,0.0,1
25.932226031028,6.846867308894517,4,0.004188762322974059,0.0011307610124164948,1.0,51.33728500506386,4.041205431066692,5,3,0.009360185561291581,0.0005565432274024232,0.0,3.0,0.0,0.0,0.0,0.0,1
77.13623341167218,1.4684805874768836,8,0.0008156113798037292,0.0004055970405722514,0.0,87.64134923702176,1.669441716637296,3,3,0.0025856262785882577,0.0005010181020542495,0.0,3.0,0.0,0.0,0.0,0.0,1
207.66922113004242,4.452176871479955,5,0.002144170149984941,0.00046552017956138147,0.0,52.63875946828349,2.05683824609546,5,2,0.0013617267500491412,0.0012165561611439085,1.0,99.0,0.0,0.0,0.0,0.0,0
12.762841883536945,5.992765031268039,5,0.0024219664841097967,0.0009082687086007298,0.0,52.38669591172685,2.968985984597651,4,3,0.0007629951165072883,0.0008225576585698884,0.0,3.0,0.0,0.0,0.0,0.0,1
105.63283655143083,11.792492798450454,1,0.001418694255028556,0.0025492031189766687,0.0,25.108303304513782,3.1501081012879957,3,5,0.0010166746270102642,0.00037388629549238287,0.0,2.0,0.0,3.0,3.0,1.0,1
38.231597179617026,3.237735454223054,5,0.010563529262427325,0.002466997139645317,0.0,18.48322397485517,5.487055879710226,3,5,0.004049508173561848,0.0014683794528491051,0.0,3.0,0.0,0.0,0.0,0.0,1
216.57989370845405,5.243223940811744,7,0.0014426391410175773,9.970996252903124e-05,0.0,24.6202112549968,3.108547375113336,10,3,0.005732012800107494,0.00023500145836933227,0.0,1.0,1.0,1.0,1.0,0.0,1
293.3975938097803,1.5082755758933772,7,0.0013254663101405694,4.384310003539275e-05,0.0,39.8789509712629,3.5058446851604472,4,0,0.014553708708600403,0.0008185787158125586,1.0,1.0,1.0,5.0,5.0,1.0,1
240.97389449927795,4.318997318247378,2,0.001992295997024412,0.0005274434758951992,0.0,104.5145731044815,5.355112928624481,4,1,0.0046416982717576265,0.005898449647488133,0.0,3.0,0.0,0.0,0.0,0.0,1
61.42891241587666,8.39608521465132,3,0.005952335696461623,0.0002459156464934193,1.0,110.96238318563901,2.262102972342018,3,4,0.010893637587446797,0.00015956051824684124,0.0,3.0,0.0,0.0,0.0,0.0,1
168.46485653882866,11.861412524930794,2,0.00191574010677146,0.0016276396903119863,0.0,15.702962213515438,7.827541401343504,1,2,0.0018219910918675743,0.0006193711418693469,0.0,3.0,0.0,0.0,0.0,0.0,1
158.9141818639263,5.538685806597394,3,0.0010109598301566464,0.003051276356221315,0.0,53.29232961177411,6.930320202574081,5,2,0.0031055911278511446,0.0014974709417761786,0.0,3.0,0.0,0.0,0.0,0.0,1
40.747241721562744,1.7000281111015316,7,0.005943645526751183,0.0009423221277554633,1.0,37.27410608650838,3.726474897734928,5,5,0.002350474221371985,0.0006745760261056477,0.0,1.0,1.0,1.0,4.0,1.0,1
151.24780331157226,9.201385357304106,3,0.000982829766091441,0.0008120923982086975,0.0,55.76891285535817,5.078157420513955,0,4,0.00044389859498114993,0.0003915935917770221,0.0,99.0,0.0,0.0,0.0,0.0,0
13.016783621512777,1.7072110754834853,4,0.01003994364788917,0.0011460453574543784,0.0,67.58328512581409,3.7197198009957617,1,1,0.0019863672179984714,0.001212853709099915,0.0,99.0,0.0,0.0,0.0,0.0,0
82.56069122302455,2.1212546353464763,4,0.004838716244657627,0.0006176815396300603,0.0,24.677918787462055,3.31859564958892,1,2,0.0051793060848319,0.0009881787879446166,0.0,3.0,0.0,0.0,0.0,0.0,1
30.910099295782857,9.669791562589774,7,0.008086603621480178,6.603935087066902e-05,1.0,155.97817880291774,4.088397155600666,2,2,0.009638018422351336,0.003554941155879548,1.0,3.0,0.0,0.0,0.0,0.0,1
20.278221397731524,4.135395193317573,1,0.00394559720293579,7.379182002945692e-05,0.0,169.41719477810125,5.963571258241424,2,2,0.0034562771551211006,0.001141771541175734,0.0,99.0,0.0,0.0,0.0,0.0,0
16.406027464350622,3.03044219367191,4,0.0032031799564336523,0.0014069722127982957,1.0,11.679881177547086,5.627196296677322,4,3,0.009676361660237038,0.0003964299128796011,0.0,3.0,0.0,0.0,0.0,0.0,1
105.33423597505896,6.482354239567383,4,0.002960776851003496,0.00017494488988602062,0.0,77.84512208576537,2.4145285230358926,4,2,0.008640678269083718,0.0021698412824912795,0.0,2.0,0.0,2.0,0.0,0.0,1
43.226081045485365,4.775790229584374,5,0.0029134218368723807,0.0017502211392180272,0.0,7.027807603950484,3.4189737996179828,4,6,0.007668726265715491,2.4242085296036797e-05,0.0,3.0,0.0,0.0,0.0,0.0,1
113.21091497763021,7.952115272025665,1,0.0004991035618421797,6.57525858827892e-05,0.0,7.860965921872376,1.890046832124569,3,1,0.005263071882472232,0.00032034717555247746,0.0,99.0,0.0,0.0,0.0,0.0,0
15.407194839157945,4.907400903524934,1,0.011116526329284794,0.00040244691034742043,1.0,194.9199813196937,4.701369350921447,3,2,0.0011367429848926954,0.0005098918386617005,0.0,2.0,0.0,4.0,1.0,0.0,1
40.300830513414255,4.97431668038743,2,0.0028694311747258254,0.0006584051940294357,0.0,76.21772559532002,5.112499364376205,5,0,0.007419581019759313,0.0008075492865687715,1.0,99.0,0.0,0.0,0.0,0.0,0
72.03388115200397,7.785296076320795,1,0.0024064068383373924,0.0017802650017010935,0.0,28.541825100765465,4.483645431462405,5,3,0.006129377876737516,0.00040275632709724967,0.0,99.0,0.0,0.0,0.0,0.0,0
135.127786667039,4.102111808142643,4,0.002402016356379667,0.00019581238380989485,0.0,71.49751936489744,12.85806345507092,0,4,0.0075757810802512164,0.0025744534367143357,0.0,4.0,0.0,0.0,0.0,0.0,0
40.70636856321272,2.526399424565761,2,0.00024161391969822595,0.0025432184893863243,0.0,117.18392900810248,3.894300128391373,3,2,0.00046775778739021197,0.001046651085355312,0.0,2.0,0.0,2.0,1.0,0.0,1
88.65672691217301,6.704106741291954,1,0.0006698301133416256,0.0026253454757788727,0.0,127.83169457254911,1.3396581962095238,5,5,0.0011337243025318856,0.0026818269339736536,0.0,1.0,1.0,4.0,3.0,0.0,1
183.70893269794158,3.635339523216392,3,0.001201177332236329,0.0019401577006096492,0.0,6.243994086900996,3.5597014354913656,3,1,0.00610170185886585,4.690578803687211e-05,0.0,3.0,0.0,0.0,0.0,0.0,1
86.5405207257669,5.142252778684498,2,0.003452127486912846,0.00012779955999945574,0.0,107.30012991612189,2.1720716768624704,4,4,0.0024180029808953817,0.0007793696180063138,0.0,1.0,1.0,2.0,2.0,1.0,1
31.217251437267958,1.3797065444839975,2,0.0053226899727332215,2.2300804885747875e-05,0.0,120.12215947588548,5.396577656946194,3,5,0.0030724850481230097,0.0002290441406955504,0.0,2.0,0.0,3.0,3.0,0.0,1
11.976273099532417,4.003665803352064,4,0.002988539801029612,0.0004587625133214193,0.0,59.31662703479073,6.068784675652014,6,1,0.0027430238783624794,0.002284736183442208,0.0,2.0,0.0,1.0,2.0,0.0,1
173.2785349099345,3.155685248061083,5,0.0007153790495324054,0.0005948290843697793,0.0,44.22449409509656,3.065482814138991,1,1,0.0014835425049802408,0.00018798198456148075,0.0,2.0,0.0,0.0,2.0,0.0,1
11.719909132820906,1.3639913957535583,1,0.004278227824169155,0.0021678957673245593,0.0,12.05940952811325,3.5525569705045914,5,4,0.0045402134613615605,0.0009549821536726573,0.0,2.0,0.0,3.0,3.0,0.0,1
176.16462132833362,4.078606554352047,1,0.0011934612784812318,0.004184379362244601,0.0,21.43573214269607,4.177287400533368,3,2,0.010610403284839741,0.0010667758339021776,0.0,99.0,0.0,0.0,0.0,0.0,0
70.22109763756436,4.160515133513587,4,0.001144186601732569,0.005383560002911104,1.0,45.4577732591672,4.093984255044593,2,3,0.0009192433245012398,0.002783211696604239,0.0,2.0,0.0,2.0,2.0,0.0,1
233.83934742341302,5.36418443963292,5,0.010104420317432422,0.0026357043984400162,0.0,125.18426768401531,6.081707993199276,6,3,0.011714619870637082,0.0035618142162838215,0.0,1.0,1.0,4.0,1.0,1.0,1
138.26980184185,8.312368988895344,4,0.0011386662048087672,0.0003082717893008735,0.0,102.514027827884,4.001274386433449,6,6,0.001075851624085912,0.0010258056750745614,0.0,3.0,0.0,0.0,0.0,0.0,1
504.5755528677861,7.5300260507647625,2,0.0020652859514823404,0.0008440248409664366,0.0,46.10235801628531,3.446389389753525,2,4,0.0008160076665013476,0.00010970948363303725,0.0,4.0,0.0,0.0,0.0,0.0,1
44.550289347862694,3.2858490209944695,3,0.004576455577713576,0.0003433736503494015,0.0,97.40227382302263,3.0774842057267984,4,1,0.0002734545915643037,0.0008108741496549367,0.0,2.0,0.0,3.0,0.0,0.0,1
126.60202072891663,4.836133383679188,7,0.0005056693782244354,0.0006683404620973446,0.0,92.07772335605218,1.7706872194724843,0,1,0.005091770932553824,0.0006265626399728282,0.0,3.0,0.0,0.0,0.0,0.0,1
51.12392020983527,5.826558542315644,2,0.0011013576986935072,7.480620558953986e-05,0.0,56.90953460109707,2.0986344061743964,2,3,0.00153733348228475,0.0023899716052020563,0.0,2.0,0.0,1.0,0.0,0.0,1
62.294984342815305,3.341151753355873,6,0.008054763293120886,0.0005889182745439466,0.0,19.932721661621862,2.0364664774704853,1,2,0.0008308745618006004,0.0012320699823010987,0.0,1.0,1.0,2.0,2.0,1.0,1
89.00263261024924,1.7822585518685492,9,0.009861528086935148,0.002896943737162552,0.0,30.662989842722467,11.2476801941976,4,2,0.008791482612401006,0.0008390626980425916,0.0,3.0,0.0,0.0,0.0,0.0,1
175.5131251225912,3.823523561407086,4,0.0031025648042371915,0.00010365409471786355,1.0,15.752232921640978,3.392240177691075,1,5,0.002201660172717354,0.0004080125353743218,0.0,4.0,0.0,0.0,0.0,0.0,1
341.2317629473047,8.520179732082724,4,0.002511770988669928,0.0006102489489855754,0.0,5.430571629139021,5.08421615061387,1,2,0.0017725548897820954,0.0018323707026600409,0.0,1.0,1.0,1.0,0.0,0.0,1
126.97576882713801,1.7406676997180202,2,0.009350351105130541,0.0022317223565475916,0.0,10.03717358684515,4.7077955479320845,1,3,0.000976864190118579,0.0010788264167167247,0.0,4.0,0.0,0.0,0.0,0.0,1
53.27073548729135,2.3825525294846663,3,0.006446830033970733,0.001619893793888414,0.0,90.53346285545851,1.3943099749577073,2,1,0.019360499658247425,0.0012172681550132003,0.0,99.0,0.0,0.0,0.0,0.0,0
53.76556606552193,2.6772142185826744,4,0.0008867588512594054,0.00028129239939154966,0.0,7.0435790704164845,3.1776101038984965,3,3,0.006270381163400406,0.0008420579942687783,0.0,99.0,0.0,0.0,0.0,0.0,0
117.02542207789324,2.3977331192640072,3,0.0034522557678734926,4.188353771279774e-05,0.0,35.634803116685625,4.432507277565971,1,2,0.004767714386191599,0.00030154793785420976,0.0,1.0,1.0,4.0,0.0,1.0,1
31.826329604767544,6.499421332928569,2,0.007164529509342137,0.0010541627874627436,0.0,260.1877507524599,1.250416124242748,6,2,0.016993804749203405,0.0003304866759636496,1.0,1.0,1.0,3.0,1.0,1.0,1
19.365333566452918,2.9568880281087138,1,0.0002067992889224418,0.00135484544081275,0.0,100.15477384207497,3.175424347127597,5,4,0.006554465456860974,0.0028131802166872374,0.0,99.0,0.0,0.0,0.0,0.0,0
45.03354652752932,6.602907579151517,4,0.00339072472563169,0.0002649183846817842,0.0,88.32607026796342,5.325459779801555,1,1,0.0007865823899340798,0.0011833306115867446,0.0,3.0,0.0,0.0,0.0,0.0,1
37.08872851342608,4.449184066162594,3,0.005919458363119974,6.045352366008318e-07,0.0,24.27092032638025,2.896782850002189,1,4,0.008720549399162973,0.0008766655504756556,0.0,1.0,1.0,3.0,1.0,0.0,1
38.11317517858444,1.5523486855255024,4,0.0032938128676618544,8.40762283156883e-06,0.0,66.58813932241358,4.901237122899793,2,4,0.0010628560146404115,0.0006476386589912798,1.0,2.0,0.0,3.0,4.0,0.0,1
31.28489327675974,3.3842578079802226,4,0.006344742795646088,1.538246533972313e-05,0.0,46.43445133475223,2.2046268616845297,3,3,0.004059395779210549,0.00011171801210210517,0.0,4.0,0.0,0.0,0.0,0.0,1
13.440382474987786,7.663612056499923,4,0.001619028141752533,0.0011160610594776266,0.0,63.661953610445245,2.7918460943675347,3,4,0.003459596377373013,0.00023212933894605303,0.0,1.0,1.0,3.0,3.0,1.0,1
11.442848226555924,4.748358037416944,4,0.00502958619517699,0.0004839896347806693,0.0,39.34250302801913,5.087499056519915,3,2,0.004884951351252276,0.0015851364960744714,0.0,99.0,0.0,0.0,0.0,0.0,0
361.99823832898414,3.53768278539534,4,0.010297804730482717,0.0002864444750645811,0.0,50.4244224990223,3.249889497725421,2,0,0.0008457537754852731,0.00042238317151023204,1.0,99.0,0.0,0.0,0.0,0.0,0
54.65757975136816,8.581078492341216,5,0.002708220048388259,0.0005769124757424516,0.0,272.3856123556925,1.8879763906642029,5,2,6.416972502926446e-05,0.0009279597961285148,1.0,3.0,0.0,0.0,0.0,0.0,1
48.803098196425424,2.254570612974587,1,0.0055534673225666135,1.4469587936041105e-05,0.0,28.96715015686519,5.346713620189581,1,6,0.0012913441151761748,0.001761703834439575,0.0,4.0,0.0,0.0,0.0,0.0,0
101.06661189011577,3.0199910712641147,6,0.010558331966919753,0.0010771017684772421,0.0,19.635436559505237,4.076358595005838,1,5,0.01499850551685088,0.0005711130266892295,0.0,1.0,1.0,4.0,1.0,1.0,1
29.698020475274667,7.241042212812957,2,0.002543301095334415,0.002450715518399255,0.0,40.706201832588164,2.25305051233296,6,4,0.012884215512335886,5.654078832419069e-05,0.0,1.0,1.0,2.0,0.0,0.0,1
249.59650029918208,6.420256358156779,2,0.00034758180087847966,0.000410873671035084,0.0,49.58065958975921,5.034339536373086,1,1,0.0037772464999876903,0.0009015418654145131,0.0,4.0,0.0,0.0,0.0,0.0,0
133.4714225500469,2.153742640363564,5,0.004714573047915174,0.0016638530976709354,0.0,10.37112216190457,3.0002804259932785,4,5,0.0028534526109353607,0.0004898711625840086,0.0,2.0,0.0,3.0,2.0,0.0,1
17.493091091280554,5.709963120628,4,0.00040868055640347253,0.00012318871528480086,0.0,103.38517488454966,6.977157399102946,2,4,0.0071898389526284705,0.0014219337987987234,1.0,1.0,1.0,3.0,2.0,0.0,1
53.24518192267118,2.928878143342372,6,0.0015174987173031693,0.0009943650538899035,0.0,37.89636456033731,6.052881994957389,5,2,0.004552083743306313,0.0013038084685338435,1.0,2.0,0.0,4.0,1.0,1.0,1
179.03543681126826,1.3399972146200207,7,0.004116598247509601,0.001226864628135958,1.0,36.982927743855534,3.573114243391394,3,3,0.0024793602387667892,7.023874618683404e-05,1.0,3.0,0.0,0.0,0.0,0.0,1
241.64492824966658,3.5792449443879377,3,0.0018073343449212553,0.0011207724413676487,0.0,69.52419489623854,4.560783484786988,3,1,0.015597704032706872,0.0004255672777489556,0.0,1.0,1.0,2.0,0.0,1.0,1
60.398995448111386,12.318988464994975,0,0.0014423946495490294,0.00031612939106147753,0.0,94.03293197326545,6.733267651069719,4,4,0.0029865967057749717,0.001169576029704579,0.0,1.0,1.0,0.0,7.0,0.0,1
86.03153380611492,7.742528701077242,5,0.002902502551060713,0.00017642907504366256,0.0,260.8664348250743,3.551606384239142,4,3,0.0008381134195648092,0.00014022079347257447,0.0,1.0,1.0,4.0,4.0,0.0,1
24.620991140543886,4.212512595092845,10,0.005908087475018218,0.0006780895339132108,0.0,16.434751738109387,1.3598702770553799,0,0,9.583366494623298e-05,0.001116850832930108,0.0,99.0,0.0,0.0,0.0,0.0,0
388.355574887425,1.6897744824084198,9,0.00526308570655697,0.00196840835159577,0.0,30.438126506159335,4.530795629541184,6,4,0.004734793962961947,0.00010197434688748991,0.0,99.0,0.0,0.0,0.0,0.0,0
31.083053201414664,1.3555503516767815,5,0.009427097583055506,0.0007165985482862056,0.0,16.053926192589266,5.468905867721854,2,2,0.0008231001438682702,2.6385320312801344e-05,0.0,1.0,1.0,1.0,0.0,0.0,1
238.80074651951105,4.457470840800383,5,0.003279513255271416,0.00058469975721593,0.0,132.64485662864826,5.588113868582607,1,3,0.007056675511097112,0.000801249949174452,0.0,3.0,0.0,0.0,0.0,0.0,1
93.9050447574848,5.489721239723868,3,0.0006519706759969535,0.0009145907173263654,0.0,52.709895857580115,2.1821592447899967,3,2,0.017289573618168873,0.0002647394716081268,0.0,2.0,0.0,2.0,0.0,1.0,1
84.86577782977551,6.544407869425731,2,0.0071757809220490635,0.002568372436248999,0.0,119.81126329036532,7.036806194284415,3,4,0.001056150276415339,0.0024574676778632326,0.0,1.0,1.0,0.0,3.0,1.0,1
67.50814020739529,6.105503712713288,5,0.0035832868268771733,0.0021838356708586346,0.0,257.8903048712097,11.571256798705704,2,3,0.0011948457656272976,0.0037675305123708344,0.0,1.0,1.0,2.0,2.0,0.0,1
30.97880224415701,6.416180121381657,4,0.009900295566987636,0.0024249753604735583,0.0,52.93802554804108,5.526502540573298,3,3,0.004395461579806239,0.0008017429123447022,0.0,1.0,1.0,3.0,1.0,1.0,1
25.53806160186938,5.099732994118943,4,0.006628852377096444,0.00021594712234649082,0.0,12.544122103594274,2.97666214139811,0,1,0.0068106340055873755,0.0002956134690928086,0.0,99.0,0.0,0.0,0.0,0.0,0
29.92679188964054,8.470866130507318,3,0.005395679307512347,0.0002901510554677625,0.0,31.89619285615061,4.23365497277791,2,4,0.004053082545891093,0.0003643370357757069,1.0,3.0,0.0,0.0,0.0,0.0,1
26.506677084364014,3.1520193386923467,2,0.012910781783268287,0.0012593822456884616,0.0,7.21162220691673,4.899698307525977,1,2,0.002479577844766553,0.00017312111065844325,0.0,1.0,1.0,4.0,2.0,1.0,1
130.97926060582373,4.417709977791874,3,0.0005676572763945825,0.00034349721150693144,0.0,118.54822741726105,5.198770558209453,4,1,0.00860740883671229,0.0008512289300301627,0.0,4.0,0.0,0.0,0.0,0.0,1
44.47805128584595,1.5550683617998473,6,0.009791713032409426,0.0009525306351163646,0.0,6.082930790490172,3.905174683585682,3,4,0.0011408876921258529,0.0021942753416973725,0.0,3.0,0.0,0.0,0.0,0.0,1
14.766640666621479,3.1128923394597163,8,0.0019069510221661184,0.0019590610733467226,0.0,58.81649687475923,2.00361273966719,6,4,0.005089115356609169,0.00026273296822821836,0.0,1.0,1.0,0.0,3.0,0.0,1
288.16673732214196,7.616696178497646,2,0.0013595813136931926,0.0004324474031726772,0.0,11.731916258322894,5.133378275219,3,2,0.002126048804523873,0.0005071117304529781,0.0,2.0,0.0,4.0,2.0,0.0,1
182.18567760208003,6.294998763359073,2,0.00661336037753607,0.0010188017712677703,0.0,5.4551927961098885,2.4863062596866614,3,3,0.00016644802466952378,0.0015084224449224796,1.0,3.0,0.0,0.0,0.0,0.0,1
220.21236430454036,1.1941623973705218,2,0.009402603478478795,0.0009834690024415847,0.0,22.754988316178213,2.9611427807915316,1,2,0.016564497242302897,6.468559805090789e-05,0.0,2.0,0.0,1.0,1.0,0.0,1
432.40398152397654,12.87456687078292,4,0.013274545622903009,0.0009293037680435973,0.0,53.157930483524574,2.2608620417188825,3,0,0.003074360512505125,0.00028474009494776435,1.0,99.0,0.0,0.0,0.0,0.0,0
25.282695726094826,4.755717919030177,3,0.005254436838369607,8.724679412544116e-05,0.0,9.683395172447604,1.9151347362821893,3,4,0.00738401275959329,0.0001046355002264053,0.0,1.0,1.0,4.0,2.0,0.0,1
50.36654839151046,4.809262557253526,4,0.00783000735311575,0.0005103573898797178,0.0,62.25324644301105,2.899890095389969,2,5,0.007976451998685389,0.00010407318008188818,0.0,1.0,1.0,1.0,1.0,0.0,1
123.58427803850165,2.99799930666309,5,0.0036145466379234343,0.0008946874083137759,0.0,71.88307729008314,4.109721956977305,1,2,0.002840351334711176,0.000636794307680804,0.0,99.0,0.0,0.0,0.0,0.0,0
105.263632193707,3.394487293676626,6,0.0013893766777402729,0.0008816673932912893,0.0,214.79269195437195,2.6374338140013025,6,3,0.004279628619093314,0.002301910779375548,0.0,2.0,0.0,4.0,3.0,1.0,1
23.369030783480547,4.7242382983043445,5,0.0005781178847966425,0.0020644544003673836,0.0,142.8779947190573,2.212818462760402,2,4,0.006417010849743192,0.0012092051291328414,0.0,1.0,1.0,3.0,2.0,0.0,1
145.3530402389052,6.084458323587733,5,0.0042941697141327005,0.0009311456544944567,0.0,55.19211351417199,3.496178354211747,2,9,0.004480209695699334,0.00061658723326304,0.0,2.0,0.0,2.0,1.0,0.0,1
30.333653379246904,5.2428648939037155,5,0.011358982700788153,0.0007403891630358254,0.0,99.60802408517664,1.4437882596314202,5,4,0.005262701245970542,0.00038708981648358286,0.0,1.0,1.0,0.0,0.0,1.0,1
30.269420317571445,3.138364992215242,4,0.007514520455049652,0.0015178730787983189,0.0,32.11955226723457,1.1726897200830018,4,6,0.0016706618613234747,0.00012086944153963794,0.0,3.0,0.0,0.0,0.0,0.0,1
71.59783874326696,2.5066938838282447,3,0.0019120295467375033,9.576622914840327e-05,0.0,57.87166498200242,5.712787224705612,3,1,0.0029323020992647036,0.00026989883623246627,1.0,4.0,0.0,0.0,0.0,0.0,1
81.90356193495352,2.4121341307695547,4,0.0006857615315681104,0.00020081874873281448,0.0,35.98589546639066,1.7506217310519863,2,4,0.021174285160648884,0.00017841819869530295,0.0,4.0,0.0,0.0,0.0,0.0,1
79.41646764235739,7.971997234217459,7,0.009596746761668965,0.0018724298190687686,0.0,29.66259678726762,3.676254045558921,3,5,0.0007093807172168141,0.0007997766060487406,0.0,2.0,0.0,2.0,2.0,0.0,1
17.6756722376811,7.408251839278488,3,0.003968580407918168,0.001469938298011373,0.0,83.03772024211324,5.753707266116616,5,4,0.002993845115654698,0.0001349553973360329,0.0,3.0,0.0,0.0,0.0,0.0,1
177.9459849033139,5.756500622996932,5,0.0050812285165437905,0.002701985838864213,0.0,26.115791263954186,3.7198350785483028,4,3,0.0006189727504730645,0.0028860544317305882,0.0,99.0,0.0,0.0,0.0,0.0,0
34.69611981336124,7.937737724711605,4,8.027644016189162e-05,0.00038469165984816666,0.0,33.73561735858551,2.318067529857921,6,2,0.0019402789645379733,0.0006111363459224434,0.0,1.0,1.0,2.0,0.0,1.0,1
21.096372877552025,4.020467572065067,4,0.0019118728063819237,0.0007639234328410903,0.0,32.45335627631261,3.5448986449300524,1,1,0.0037894569218447013,0.00044822084395498927,1.0,3.0,0.0,0.0,0.0,0.0,1
185.6766478784027,7.032963692177959,2,0.007770304614262826,0.0004779956147374704,0.0,127.59973638510934,2.461862088750621,1,4,0.008073869066604341,3.9090080960329105e-05,0.0,2.0,0.0,1.0,0.0,0.0,1
259.2541082202623,5.9340883808133,4,0.004690720626548166,0.0004245198900468356,1.0,16.209020609668045,2.83101787262742,2,8,0.0029237869871800363,3.9815098472457406e-05,0.0,2.0,0.0,3.0,4.0,1.0,1
168.51414275799698,7.145966754243929,6,0.013559042338911365,0.0007500572513363842,0.0,33.82513688033065,1.577399174984953,3,2,0.0021786089264222417,0.0008888963571689897,0.0,1.0,1.0,2.0,1.0,1.0,1
142.65499757868898,2.2792793451608433,3,0.00044688769543845875,0.00010140929516745511,0.0,136.28567054617432,1.1818171275877016,2,3,0.000232691368226918,0.005288569663114811,0.0,1.0,1.0,3.0,1.0,0.0,1
95.1930000958896,5.056805641972451,4,0.0015818687521705378,0.0002911569834606323,0.0,5.92536484310955,2.7253504444494263,1,0,0.004239315868983687,0.0003192088151063463,0.0,99.0,0.0,0.0,0.0,0.0,0
74.0331825255919,3.5070295321440836,7,0.004439932574515713,0.002518836204589782,0.0,182.23742262839653,1.850757604053785,1,4,0.010922653329638005,0.001235062028658438,0.0,1.0,1.0,3.0,1.0,1.0,1
17.280391740188065,1.259925529894305,4,0.0034217699281251165,0.0007691137312028178,0.0,142.4989583146454,4.500560128663108,3,3,0.005715584055531537,0.0028118012109364186,0.0,2.0,0.0,4.0,3.0,0.0,1
52.00115999282119,8.738988784797627,4,0.006467029303509045,0.00046439007717019695,0.0,37.46143690764485,3.452199049664954,2,1,0.008646496044551888,0.0023230015888956747,0.0,1.0,1.0,3.0,1.0,1.0,1
47.30496629044929,7.420559703911163,4,0.00124309160699621,0.00051610416933856,0.0,68.51020136351215,2.836394009556405,4,4,0.002586963952111844,0.00047804611129178485,1.0,1.0,1.0,2.0,2.0,1.0,1
34.06179387810276,5.322292744111492,6,0.00032152078712789655,0.00024081243491007494,0.0,288.07790020954224,8.281308743844898,3,0,0.006275610788373916,0.00022871645273623613,0.0,2.0,0.0,3.0,1.0,0.0,1
112.82044639976547,2.5940176461584756,5,0.0005991716929009381,0.00034313855996715386,1.0,53.573899816483625,4.066185015856728,3,1,0.005898541198965129,0.0022181154326374286,0.0,2.0,0.0,3.0,1.0,0.0,1
64.79459871341228,1.5251917089543143,2,0.009052366772136469,0.00017108748878442266,0.0,11.115232446077997,3.7887154224219066,0,2,0.006363749836110346,0.003938692426709386,1.0,2.0,0.0,1.0,0.0,0.0,1
16.761555778844684,1.2542553788166912,1,0.001220672563141646,0.0015550822702026634,0.0,120.30157182614589,6.874332264950396,4,0,0.007952594344630469,0.00251969899651025,0.0,2.0,0.0,1.0,5.0,0.0,1
29.89570089443332,3.099492484439741,5,0.008165376716813486,0.0033505102138806477,0.0,13.642727617608141,2.102763873114553,4,2,0.0009040203859482321,0.0010694178910593754,0.0,3.0,0.0,0.0,0.0,0.0,1
101.97361020777991,6.472197381156118,3,0.0045800560572740266,0.0015759506168542521,1.0,22.845495262814694,2.6005357797640496,3,1,0.0018498640773665625,0.00036586883161732854,0.0,1.0,1.0,3.0,0.0,1.0,1
16.334787215592986,3.5289824721740484,3,0.011364697833531893,0.00023183721696235751,0.0,129.05806077424802,1.9838098632492156,4,0,0.004565400782320672,0.0014335516398053282,1.0,1.0,1.0,1.0,1.0,1.0,1
162.41588984353638,5.798637476004078,6,0.00871292097196922,0.0005709484754027686,0.0,22.74521048853358,3.4161582437460085,3,6,0.015078867891686706,0.00037294967276138287,1.0,2.0,0.0,4.0,1.0,1.0,1
64.67896354496628,5.970993595792339,3,0.006671166119509839,0.0001880742936339429,1.0,87.0097264140309,9.691229795397025,1,6,8.139711296254929e-05,0.0014974093411917937,1.0,1.0,1.0,2.0,2.0,1.0,1
62.404410994847275,6.416215264771286,2,0.0012702641363018764,0.002612983642760785,1.0,40.6169747422124,2.615991166187282,1,4,0.00015199425038001996,0.0002867958913982509,0.0,99.0,0.0,0.0,0.0,0.0,0
81.79904612704598,1.4164981956253864,3,0.002544021180152615,0.0002393895501729351,0.0,90.56425055085059,3.212796085155059,7,2,0.022428373160043858,0.0008581428051927054,0.0,1.0,1.0,5.0,1.0,0.0,1
149.29183303555814,2.7286413653427752,2,0.00680029323605692,0.0006796612208610169,0.0,20.865458206545327,1.7428917238720387,2,1,0.006428131047437513,0.0007601426484048105,0.0,1.0,1.0,3.0,1.0,1.0,1
44.19345071561722,5.735062472758591,7,0.008655845560209402,3.067368740614916e-05,0.0,37.63870165848634,5.778987029246141,6,3,0.007477508678731587,0.0006318024385027748,0.0,3.0,0.0,0.0,0.0,0.0,1
100.66031183382808,9.883628922888983,3,0.017314899021789214,0.0013013137782340286,0.0,27.977732958490126,7.622702342969549,4,4,0.011920624574659476,0.00044443508149129486,0.0,99.0,0.0,0.0,0.0,0.0,0
76.72746728279789,8.270126966263785,5,0.007443618451814652,3.32909758818418e-06,0.0,22.184496403266092,2.64434125207903,6,2,0.0009647181009931005,0.0028734050153148318,1.0,1.0,1.0,3.0,0.0,1.0,1
34.851851648085656,5.159227049121571,5,0.005458685794040476,0.0006015286059871003,0.0,27.65026844668,11.48804721696221,2,1,0.00239427265087876,0.00023496928310215112,0.0,2.0,0.0,0.0,0.0,0.0,1
178.71291483522867,8.794569377264846,4,0.004041327904339891,0.0004970096407520201,0.0,28.404348985469515,1.4068619343508935,3,2,0.0010190839730820367,0.0013454553028830578,0.0,2.0,0.0,4.0,2.0,0.0,1
137.7320107002186,5.135782785353923,3,0.0101674407821268,0.0006301176236378504,0.0,191.57195647830105,3.0508712161177245,1,4,3.679096630079223e-05,0.00022116886653493744,0.0,2.0,0.0,2.0,3.0,1.0,1
95.94132555079008,1.7178466857329389,2,0.007296638006699912,0.0009953735241337856,0.0,50.71516163444774,2.6099981143701694,3,4,0.005992422819919897,0.000426225359441179,0.0,2.0,0.0,2.0,1.0,0.0,1
162.08045748332853,6.351602379491158,3,0.012032253191246671,0.00021862555999117882,0.0,42.19962367111071,3.560694270492872,3,2,0.009065509560943251,0.0009052525014800254,0.0,3.0,0.0,0.0,0.0,0.0,1
171.5696510576424,8.440467371205813,3,0.0024276634363639533,0.0004497197793498124,0.0,46.98838664756299,5.226067222961168,2,1,0.0021520434125787353,0.0009380425512820718,0.0,1.0,1.0,2.0,5.0,0.0,1
108.57962567274487,11.751376765050273,5,0.0037398305491894977,0.0013338965492010013,1.0,338.2851811463457,7.352070902024783,1,3,0.008110183860237959,0.0008276374291265661,1.0,99.0,0.0,0.0,0.0,0.0,0
155.12694804967458,3.0488209088846028,7,0.007569730118035571,0.0005686117886121565,0.0,68.60777902376108,2.4081933150326855,2,3,0.0008163771398884494,0.0016347672682463733,1.0,1.0,1.0,1.0,1.0,1.0,1
105.6463731497587,2.1502794809512435,7,0.00015111734804648934,0.0032809129093913122,0.0,77.93978044845376,4.126801014893378,3,2,0.014923260135927766,0.0002699365468293908,1.0,3.0,0.0,0.0,0.0,0.0,1
101.18994333830919,7.045232155960616,7,0.0110095253462053,0.0017483056739376762,0.0,27.57959205544833,3.8271272989255807,5,1,0.005052465952537635,0.0003234370036406886,0.0,99.0,0.0,0.0,0.0,0.0,0
87.11491352177505,5.5322661580959185,5,0.0032782809021639743,0.0004754932231527487,0.0,43.26702974253848,5.626530083782626,3,2,0.008192124460838432,0.0015817271469132231,0.0,1.0,1.0,2.0,0.0,1.0,1
121.77763133008513,5.239364087825516,4,0.004458414586997211,0.0014203533340011519,0.0,17.205263685143706,2.79240517968811,2,1,0.004978488635741592,0.0006979566342885197,1.0,3.0,0.0,0.0,0.0,0.0,1
23.81553403690232,8.868333753949454,6,0.0026091205966789865,0.0009672144589379707,0.0,74.34705606410736,2.3399695271844276,1,4,0.004536504785611152,0.00037809324037354943,1.0,1.0,1.0,4.0,3.0,0.0,1
180.20370544417227,7.028826196235858,2,0.008596235891390643,0.00023307945176737324,0.0,30.3409174735751,2.503628046116269,2,4,0.011115486540182727,0.00045310086154272356,0.0,1.0,1.0,2.0,3.0,0.0,1
174.36026577143483,5.844605201759746,4,0.0042216004122573635,0.0016373836656030753,0.0,87.76826931623103,4.842119137020846,6,1,0.001104733354254393,0.0012913796343445379,0.0,1.0,1.0,4.0,1.0,1.0,1
12.374680923441762,3.2787556066205816,4,0.0006097027307534808,0.002893288832721122,1.0,19.383921198733177,1.5400137832163392,4,4,0.0017542123711268072,0.0004036982187818777,1.0,2.0,0.0,3.0,0.0,0.0,1
149.8117901020251,6.693215676659,3,0.0014068301650708086,0.00015323465743927097,0.0,36.00086684438917,2.5540230164107314,0,2,0.012522767056061163,0.0013770308415964794,0.0,99.0,0.0,0.0,0.0,0.0,0
21.037112592300453,2.1025481109021937,2,0.012192629691773905,0.0017176147485079589,0.0,43.226922595357934,3.2505890740657066,5,4,0.002670146524750703,9.197252782501711e-05,1.0,4.0,0.0,0.0,0.0,0.0,1
42.651758600744685,5.127069428313961,3,0.016636506209953446,0.002854051179468637,0.0,15.929119741669492,4.061038361009997,3,0,0.0032918554468570286,1.3960664889361493e-05,0.0,3.0,0.0,0.0,0.0,0.0,1
118.85270425285933,4.246503816959191,7,0.0005722808271693153,0.00022823239925325403,0.0,9.327866364244983,3.9690036078256608,4,3,0.004172485281476633,0.0005237610419238412,0.0,99.0,0.0,0.0,0.0,0.0,0
24.020674778365056,1.6784737696881118,1,0.0030011757487577494,0.0005195811050156577,0.0,27.88157251522474,2.023316183133928,5,3,0.0006057878103452822,5.520584442947988e-05,1.0,99.0,0.0,0.0,0.0,0.0,0
146.28539377268578,5.541839495142948,0,0.0035812614710420266,0.0001790160250241562,1.0,52.23325045563363,1.7256242175226257,0,3,0.0005460310009112059,0.004198459602634839,0.0,3.0,0.0,0.0,0.0,0.0,0
152.7672237609779,3.0527348424527005,5,0.006356125313278511,0.0010615966688493584,0.0,68.45034239131073,4.276227325899944,5,4,0.0031149100205849194,0.0006305356935148051,0.0,2.0,0.0,2.0,1.0,0.0,1
66.65562442476775,5.462091919743352,4,0.0010012922891807418,0.00264551461436614,0.0,38.231435049944864,2.4322386296835288,2,3,0.004461556224625098,0.0023159590646593445,0.0,99.0,0.0,0.0,0.0,0.0,0
10.512507889393213,2.4218138368778113,6,0.008329955940357915,0.0028922277256751678,0.0,46.62215365791119,3.2142447397573126,2,1,0.00023206455276715603,7.263433808585134e-05,0.0,2.0,0.0,2.0,1.0,0.0,1
37.06618741694841,7.070699511209123,2,0.0026851521792586137,0.0005891410322752866,0.0,52.0096544446839,2.1455694327789376,4,6,0.0009860678987353398,0.0014329722382316595,0.0,1.0,1.0,1.0,2.0,0.0,1
86.76235954909907,10.810822458183482,3,0.0043839009194063345,0.0004729452237001374,0.0,48.035428764300754,2.1273765809846363,0,1,0.009299637831912514,0.0002537712504834145,0.0,3.0,0.0,0.0,0.0,0.0,1
327.85307743795266,2.1029600507941484,4,0.004848293289562098,0.0014044185054074869,0.0,10.680307681487406,4.564858889728051,4,3,0.0005132320438824485,0.0003041142949864324,0.0,1.0,1.0,1.0,0.0,1.0,1
89.93325992712508,2.4200449917668543,1,0.001145766277828047,0.0012408331216743904,0.0,36.15173654557096,3.6545948193296356,2,3,0.010753229560415278,0.0010516694947958777,1.0,1.0,1.0,1.0,1.0,0.0,1
34.06717576080936,1.9187320386745292,1,0.007944558675652342,4.7783989662367e-05,0.0,18.714352448228773,2.9655309989495047,1,5,0.00174248887377857,0.0004085785392053749,0.0,99.0,0.0,0.0,0.0,0.0,0
90.41100223532403,3.810600047261856,4,0.0035025710282668363,0.00017903318016846692,0.0,50.780193591457696,3.368337120530035,3,6,0.004494692298537463,0.00026804823588777986,0.0,2.0,0.0,2.0,1.0,0.0,1
72.1197605422137,5.412053158337793,3,0.008918793966183515,0.003837252072755709,0.0,90.14796167292191,2.6173105055311225,6,5,0.005587096981345544,0.00016041017477103046,0.0,2.0,0.0,4.0,0.0,0.0,1
131.07401841035724,6.45284896271369,5,0.0037709770017679287,0.00018065680065165453,0.0,56.976693091209064,3.47869815227104,5,1,0.004004253311303068,0.0018174346045343511,0.0,3.0,0.0,0.0,0.0,0.0,1
19.051761383666324,5.067263635327725,4,0.005692305102547767,0.0006640373167659056,0.0,20.04798789955156,2.9102355522835586,3,3,0.0006829310399076713,0.0009321990928609315,0.0,2.0,0.0,5.0,2.0,0.0,1
124.51267845891863,6.336434141172364,7,0.003388248616785874,5.841064776139503e-05,0.0,18.973218298502236,7.4336707873844,1,4,0.0009317100172503186,0.002034353250513955,0.0,1.0,1.0,1.0,2.0,0.0,1
72.34288152559117,4.157005612829923,3,0.006668728852291432,0.00022602367787608564,0.0,7.2619955461513594,2.543525365866247,2,1,0.0011541445436109947,0.001037717855551385,0.0,99.0,0.0,0.0,0.0,0.0,0
273.7297022214133,3.031890064248724,1,0.0023032491745862463,0.0010636820667102394,0.0,38.34737964034735,2.2287802016708835,2,3,0.000496585976377771,0.001747916752253744,0.0,3.0,0.0,0.0,0.0,0.0,1
43.468487199128894,2.4542041616804346,6,5.465333600971158e-05,0.0008153185386321187,0.0,39.02910804610028,6.041644979057235,3,4,0.005184914607350371,0.0001917408710040262,0.0,3.0,0.0,0.0,0.0,0.0,1
90.10909578760185,3.8947313863393105,1,0.007537987687672273,0.0012350122684632793,0.0,21.185527136765753,3.0019305181344187,3,0,0.002693793889640209,0.00038028457256847055,1.0,99.0,0.0,0.0,0.0,0.0,0
225.0928780454841,2.4883082312177818,2,0.001004626828544306,0.00048323115572010725,0.0,91.70115657032045,6.3240128739206485,2,1,0.00299963546055707,0.0012374426928288477,1.0,3.0,0.0,0.0,0.0,0.0,1
18.652239813221968,5.316067742021119,1,0.0014722981783918294,0.0002669209200683105,0.0,34.313199838298736,4.626852056659809,2,6,0.006427519440705871,4.09833431634493e-05,0.0,1.0,1.0,2.0,0.0,0.0,1
231.46031414710149,2.5110188879810624,4,0.0029530994485409347,0.0019205927621041485,0.0,71.41101935044149,2.1042489287233415,7,4,0.0005515461148584835,0.0006121000356668824,0.0,2.0,0.0,1.0,1.0,1.0,1
103.15087068463752,3.225998477840394,2,0.0013064532123093528,0.0009602892858499867,0.0,66.3107980344158,3.5402299711647736,3,4,0.0013688880377682585,7.880890601674247e-05,0.0,2.0,0.0,2.0,2.0,0.0,1
15.619812023288663,7.947857491249798,5,0.005669988126641208,6.22596355693953e-05,0.0,60.69275944650842,1.844063422670266,3,5,0.0023284686680702304,0.00016714083216870997,0.0,3.0,0.0,0.0,0.0,0.0,1
38.644193314259184,8.403183356459701,3,0.00030232863333365574,0.00039110574351111085,0.0,148.20116577983413,7.1122781800534405,6,4,0.0005355878701153574,0.0001289430770920614,1.0,4.0,0.0,0.0,0.0,0.0,1
108.52727960970499,8.246794415553786,4,0.0004033543872800006,0.002381606995070555,0.0,5.961063033091758,2.2194399594531804,2,4,0.002322807550824435,0.00017841421403568352,0.0,3.0,0.0,0.0,0.0,0.0,1
15.578074191580905,4.198083788623038,6,0.005238738316028852,0.0003881710158048707,0.0,9.227749891502913,1.1482636081917001,5,1,0.0001905099585863971,0.0013277890145102506,0.0,2.0,0.0,3.0,3.0,0.0,1
79.8145383275971,3.103494331782105,3,0.003812659531459969,0.00045034875100836107,0.0,81.83841378987843,1.9806687949517268,3,1,0.0026375677418771087,2.5921763493393465e-05,0.0,99.0,0.0,0.0,0.0,0.0,0
43.9575305209089,5.80090449942025,2,0.015854446863876263,0.002185611646517657,0.0,31.173330368136416,7.997088289049454,4,1,0.003301510943419822,0.00019059002808688064,0.0,3.0,0.0,0.0,0.0,0.0,1
87.59969523798678,2.540703119328021,3,0.006967237455775427,0.00047858640974191447,0.0,263.40355303028815,4.168819028081169,4,4,0.00044409865121532047,0.00019964905029451517,0.0,99.0,0.0,0.0,0.0,0.0,0
13.745699142236388,6.641334131021543,4,0.00770274383311058,0.0011532671322062435,0.0,19.63236974284021,3.5302605144535906,1,2,0.00103730488126268,0.0006566040766395989,0.0,99.0,0.0,0.0,0.0,0.0,0
174.169027590153,2.943229570127711,3,0.012386321468112322,0.001656352242391318,0.0,17.157752853241494,1.4686072411816602,0,3,0.0036719824783031357,0.0006499061551357145,0.0,2.0,0.0,3.0,2.0,1.0,1
300.4155500115473,3.7995564997131224,4,0.00031099818696533015,0.0016291016858535812,0.0,58.23622903015516,8.356475177793854,6,3,0.005325861943450944,0.0016713669634753616,1.0,2.0,0.0,3.0,1.0,0.0,1
287.5868531593401,6.728996224137977,4,0.002335961811392267,0.0023620750282753833,0.0,24.662369697047634,6.575378992596304,3,1,0.008343066220411803,9.071550739670152e-05,0.0,2.0,0.0,2.0,0.0,0.0,1
120.79221255689839,1.4956883387167434,3,0.0012064890334725666,0.0007542165368941844,0.0,29.975760208393936,1.9721039467306059,1,2,0.0009587950073069292,0.0009905031019316172,1.0,1.0,1.0,4.0,3.0,1.0,1
21.14889590670446,3.0160502044559365,2,0.0006413938743494689,0.0003141963164344885,0.0,157.31692234655605,1.4325123731784033,1,3,0.004604529117868585,0.0018252185638583556,0.0,2.0,0.0,2.0,2.0,0.0,1
123.5924584928288,5.383498891961229,5,0.004542430870297051,0.0013472025002244498,0.0,6.595589170238457,5.081255269760856,3,0,0.002671784868319125,0.0016860787084176246,0.0,3.0,0.0,0.0,0.0,0.0,1
11.991537782600904,6.081088108268503,6,0.013148939434194437,0.000280797583896239,0.0,50.46234786337001,5.735006258734789,5,3,0.00465740068315943,0.0002724317817430971,0.0,1.0,1.0,1.0,2.0,1.0,1
11.789755818757909,5.509707132384259,5,0.0005501841331526943,0.00028488934277895076,0.0,29.469020822027204,4.275286280852425,4,0,0.015692797859312883,0.001615842523925319,0.0,1.0,1.0,1.0,3.0,0.0,1
41.27886161737841,3.7716020140316515,4,0.006271673723922984,0.0010469313411666987,0.0,30.478139504937857,6.52023642177295,3,6,0.009556980023234539,0.0013344635248007327,0.0,2.0,0.0,2.0,2.0,0.0,1
63.655013993734414,7.132990131099629,2,0.005507160092000301,0.0009513107719757428,0.0,22.085884710594097,3.9065740799994426,2,2,0.0035294021987078874,0.0006688603786428444,0.0,1.0,1.0,1.0,3.0,1.0,1
127.71591380670854,2.4092863454301123,4,0.008130232377709925,0.0008833436347106265,0.0,13.691148619020176,2.4315919273124567,1,6,0.002444268518717306,0.0016100268441410497,0.0,2.0,0.0,1.0,1.0,0.0,1
101.98285815126552,2.35269070935455,5,0.003823803535849259,0.000385197246290909,0.0,7.105411024486454,6.838174328649789,3,3,0.008375602827783468,0.0006595909352615625,0.0,3.0,0.0,0.0,0.0,0.0,1
57.23319899165668,5.352432754251205,1,0.0033548658050859847,0.00029715319826870986,0.0,268.867444218877,2.379763423912032,7,4,0.004191558404254705,0.00022815707781693548,1.0,3.0,0.0,0.0,0.0,0.0,1
35.57529300467256,2.2633228855819554,5,0.0009174339838794219,0.0007038782751743011,0.0,69.79320714280209,3.3921230987137623,2,1,0.00103670562976249,0.00043308173528648934,0.0,2.0,0.0,1.0,2.0,1.0,1
478.12230093255835,11.033418495826226,1,0.005065584114436249,0.0007752317505193735,0.0,95.09027535544263,4.214168598274958,5,2,0.0022938580816475205,0.0030797274404254973,0.0,99.0,0.0,0.0,0.0,0.0,0
54.435343208802735,3.0663713045060734,1,0.0014881977865239585,0.0006852672297584745,0.0,9.032672530447652,3.240838969640314,3,5,0.0006617301913164095,0.000334993966692483,1.0,1.0,1.0,3.0,0.0,0.0,1
58.028963873963434,7.054411315070668,3,0.0023450564246294183,0.0002481315598986573,0.0,5.896915339979244,7.28543997767779,1,3,0.0001777686838462044,0.005512102045797006,0.0,1.0,1.0,3.0,1.0,1.0,1
24.294143396364454,2.0602969873975088,4,0.00077108637970512,0.0009889757182723294,0.0,60.02076264420765,6.19625794272657,4,2,0.0027977818843331315,0.0025154308105807665,0.0,1.0,1.0,2.0,2.0,1.0,1
136.70533605098467,9.664139094710176,6,0.004996364857975258,0.0004240483503798214,0.0,82.20462147316745,2.4454476615168605,1,3,0.0029511701967455915,0.0018169551877598963,0.0,4.0,0.0,0.0,0.0,0.0,0
104.65057904292591,4.370000208715416,1,0.0009267266908684177,0.0012080738025140995,0.0,35.13834786903968,7.257725756102767,3,1,0.0010104944080327348,0.0017574836559501328,0.0,4.0,0.0,0.0,0.0,0.0,1
29.95588235625408,3.018370914161054,3,0.008981808271248472,0.0010555640990968756,1.0,34.43737563793318,1.4403888433742935,2,2,0.004485954704404288,0.0010877403121155131,1.0,4.0,0.0,0.0,0.0,0.0,1
16.877844552190297,3.6189859219490526,3,0.01623556044113177,0.003302038311502473,0.0,34.11722373840939,1.416847852615317,0,2,0.0011911759635708059,0.00022652505215645,0.0,2.0,0.0,4.0,0.0,0.0,1
101.27966565897923,2.748714055767425,5,0.0013717684501080608,0.002768468226895182,0.0,14.945982248231704,13.073391012523766,5,3,0.002078446804358888,0.0038991233457943107,0.0,99.0,0.0,0.0,0.0,0.0,0
95.02360755385143,3.793423426732817,8,0.00023272787051732864,7.77296922420596e-05,0.0,89.12433346129372,6.1930006009126854,2,3,0.00011196611615391794,0.00284609884687966,0.0,99.0,0.0,0.0,0.0,0.0,0
35.534867893899175,2.1243765558205685,1,0.0114983833873842,0.00226587769688733,0.0,19.539026614962964,1.9080090224787911,2,5,0.012510208027745277,0.000999024465871444,0.0,99.0,0.0,0.0,0.0,0.0,0
251.05235251080873,3.074351788369885,4,0.001121249398231964,2.1026512664821173e-05,0.0,28.530177797245543,2.9857755077432078,6,2,8.009554520062836e-05,0.00010024626365264807,0.0,4.0,0.0,0.0,0.0,0.0,1
23.10114265557207,6.974616116931346,1,0.007596131372548349,0.005536030443125932,0.0,71.74923895401197,2.986932545863326,4,1,0.010033014444836539,0.0008247413892281821,0.0,99.0,0.0,0.0,0.0,0.0,0
55.29787780027293,4.903961935130429,2,0.001129610654886167,0.00044255024144703223,0.0,5.006282976842114,5.605460687248007,0,0,0.005765629548221225,0.002090011202417327,0.0,3.0,0.0,0.0,0.0,0.0,1
240.04547462397238,2.3827259120235316,1,0.003497521008536385,0.00039148555584038583,0.0,92.21203120163996,4.839039157373544,2,5,0.0019948048970261914,3.3214115209623164e-05,0.0,99.0,0.0,0.0,0.0,0.0,0
53.54057141548401,3.8704900294998414,3,0.009818731027883018,8.796725590422639e-05,0.0,142.61439824508088,6.99409722435412,2,2,0.004444263151524527,0.00012501805275046528,0.0,3.0,0.0,0.0,0.0,0.0,1
91.40520141840823,8.46040109910773,3,0.004982646326018692,0.0006621830557054635,0.0,8.179834733916667,2.336202737252566,1,4,0.0017843225396930234,0.0011221646954437782,0.0,1.0,1.0,1.0,1.0,1.0,1
50.54594424073117,3.28178847565767,6,1.6139427177277298e-05,0.00104888390588816,0.0,58.73398918453995,5.838126339623272,1,3,0.009273730708258173,0.0003906226648869744,0.0,1.0,1.0,1.0,2.0,0.0,1
35.6401384053505,2.2503177271007395,2,0.002237891169670087,0.0008061065763101389,0.0,36.501453898217136,2.206755417066984,11,6,0.0007740993414423777,0.0003154683694128232,0.0,2.0,0.0,2.0,1.0,0.0,1
340.7016423305419,5.950465802603955,4,0.012357537752197126,0.00015266270462155977,0.0,9.902766528220399,4.250618960244036,3,1,0.0025682672108691506,0.0006148087028031749,0.0,4.0,0.0,0.0,0.0,0.0,1
52.12036606763385,1.2825987825084169,5,0.00341459484013428,0.0015226931921757734,0.0,73.78583212167872,4.262796124665935,5,2,0.0008282770882540414,0.0010845620497291146,0.0,1.0,1.0,2.0,0.0,1.0,1
189.62020054785057,3.6668443204794348,5,0.0018184089929047893,6.9949820715188905e-06,0.0,61.854288149820285,3.2376362348622805,3,3,0.01329451155452701,0.00042073433580329443,0.0,1.0,1.0,2.0,1.0,1.0,1
30.904464998711237,8.90251709524591,7,0.018746659483086004,0.0008304849973632292,0.0,66.74410911068236,2.1987443568347462,5,4,0.0032748263673750113,9.121477719632613e-05,0.0,1.0,1.0,1.0,3.0,0.0,1
29.172806510308632,3.8062403820854427,7,0.0126945263957185,0.0004808768766866736,0.0,105.75795127152759,4.515704181364628,3,5,0.00474265583374924,0.0021806126317434594,1.0,1.0,1.0,3.0,2.0,1.0,1
12.5303239276444,7.387073400283867,7,0.00370968619602958,0.0006170910265050682,0.0,25.28961357970013,5.758203608976668,4,2,0.005810964205432593,6.1090927623442e-05,0.0,1.0,1.0,2.0,1.0,1.0,1
94.36766871007917,2.2338736314340766,4,0.0029104451913571465,0.0007755165090072506,0.0,72.818823526683,10.720907794997233,5,3,0.0008972552194126528,0.00021327236219358017,0.0,3.0,0.0,0.0,0.0,0.0,1
46.77592433377611,3.720308895841946,0,0.003696511775138831,0.0003018989739995085,0.0,86.59496746781974,3.3252548478572805,4,4,0.00409637682892815,0.002119661075581089,1.0,2.0,0.0,1.0,1.0,0.0,1
169.8190447061435,3.5191881731263863,1,0.0026128455863397497,0.0006644503068708932,0.0,16.09417057810115,3.0384994431671837,2,2,0.0005123300889492741,0.001269352080591787,1.0,1.0,1.0,1.0,1.0,1.0,1
61.27624917622509,5.762882757652825,3,0.0003405910426357625,0.0002908652919978425,0.0,193.88669647583785,7.072005368754528,4,2,0.0119675984246449,0.000143614336809352,0.0,1.0,1.0,1.0,0.0,1.0,1
285.84658729606406,4.511577578838244,2,0.005159086457381727,0.00011714572196661422,0.0,29.92920345227518,6.8131526089424685,7,1,0.0038748020402478885,0.0029243148170370083,0.0,3.0,0.0,0.0,0.0,0.0,1
26.41697426086707,9.614579829052301,4,0.0001791619912049854,0.002332483854169178,0.0,80.04462806435066,1.6125138679918853,3,2,0.004958240261294819,0.0005625020096114247,0.0,1.0,1.0,0.0,0.0,1.0,1
172.37484037839283,3.177688992966393,7,0.0013805514179995385,8.794158552886475e-05,0.0,89.15033363401939,5.88721184580843,3,3,0.004119392305883915,0.00036534313645068123,0.0,4.0,0.0,0.0,0.0,0.0,1
129.9021843739438,4.479663928775276,7,0.00012022186650404797,0.0020224527129649606,0.0,47.0745014906901,5.461421780177523,3,2,0.002232657030204751,0.0012044519818757372,0.0,1.0,1.0,0.0,2.0,0.0,1
127.8953635112029,3.5960396271311743,7,0.011444361174830353,0.0007660676612177442,0.0,13.267327542025772,3.1583745886758914,1,2,0.007984458943644076,0.0005031576864453798,1.0,1.0,1.0,0.0,1.0,0.0,1
159.03460886516712,4.290629286560074,2,0.001279952146306692,0.0008277838537721046,0.0,24.34990591868491,3.9132339228879367,1,2,0.004612315075652742,0.0016576836865953475,0.0,99.0,0.0,0.0,0.0,0.0,0
124.51136900829816,4.067507561670222,5,0.0004095010670063855,0.0008296883936176974,0.0,21.01373319770586,1.6643056791524882,10,5,0.014647908926754067,3.102595228558944e-05,0.0,3.0,0.0,0.0,0.0,0.0,1
88.72710003388511,2.52707454723946,9,0.0009588459572829546,0.0009563125513348185,0.0,48.86868130175608,5.763807066209084,1,5,0.004360034358087837,0.0006854175399369798,0.0,99.0,0.0,0.0,0.0,0.0,0
21.255518874206597,6.749593864400419,1,0.00458966817011044,0.001375810490825382,0.0,23.169275305093397,5.119527821432946,2,6,0.0033028429546085106,0.0002855226152283607,0.0,1.0,1.0,1.0,1.0,1.0,1
12.645353067998856,2.8903786258031507,1,0.00265135651884902,0.001424996762225155,0.0,52.48139650594255,7.388888128542389,4,3,0.0007065646551444047,0.000854034540140247,0.0,1.0,1.0,2.0,0.0,1.0,1
212.91066414514114,2.7763837653977523,1,0.011165104029643828,0.002680035711750031,0.0,25.398067706912276,2.3331153777255613,3,3,0.003389850365105265,0.0012958370890785642,0.0,1.0,1.0,2.0,0.0,0.0,1
86.70461515446242,1.7239632623026693,2,0.0024225317752420965,0.0008035887887871867,0.0,5.058776800484481,2.5368400219821656,1,0,0.0013179852868551022,0.00027020386644222385,0.0,99.0,0.0,0.0,0.0,0.0,0
137.38180311453115,3.1257536496380003,1,0.0036711416198013363,4.221264167295312e-06,0.0,32.0833244249719,3.2609296614001684,2,4,0.0014068377037314457,0.0008513813967878968,0.0,3.0,0.0,0.0,0.0,0.0,1
62.54866882158357,2.8691566825000203,6,0.012770072953646974,0.0029343113762428682,0.0,61.01397384100613,1.5218615627228975,3,3,6.201746313500287e-05,0.00010957738809335072,0.0,2.0,0.0,1.0,3.0,0.0,1
19.98233313392064,1.3666285039632897,2,0.002592209769392048,0.0014835981628143916,0.0,94.15276893458535,2.8328441063466174,6,5,0.00334294886322778,0.0012857229646131493,0.0,2.0,0.0,1.0,0.0,0.0,1
20.699499929307073,3.7839789626449907,6,0.0016091015190749004,0.003061468207642376,1.0,6.726470281559807,6.936956681747441,3,3,0.01043792250587169,0.0014133101265545506,0.0,4.0,0.0,0.0,0.0,0.0,1
102.5583051955769,9.359807877879506,9,0.005739347944569954,0.00011967647103415492,0.0,22.929677516456486,4.445663314052135,7,2,0.014616141705643374,0.0001325959968006238,0.0,3.0,0.0,0.0,0.0,0.0,1
55.012457593935224,1.8754414687453176,4,0.0040725568951996945,0.002854233855102517,0.0,258.8598575277747,1.5466613008789856,6,3,0.010507626744604929,0.0013214278712997344,0.0,2.0,0.0,1.0,2.0,0.0,1
27.90397399133089,4.2449174697773655,1,0.008386845354432293,0.0025313025339215624,0.0,23.213680077296278,2.3976719252868848,1,1,0.008470867581620278,0.0006286363431741143,0.0,3.0,0.0,0.0,0.0,0.0,1
64.11808107274648,3.7317348058281987,4,0.0005454051187700363,0.0006886486524665903,0.0,95.08821516528066,2.310740010465841,3,4,0.0037139546259388695,0.0011433102600074136,1.0,2.0,0.0,2.0,2.0,0.0,1
15.309044063476772,6.2271228545117046,2,0.0013643482344088747,0.00010370925044705888,0.0,47.72434246788836,8.334811661469267,4,3,0.013330043974764767,0.0006100687362907097,0.0,2.0,0.0,2.0,1.0,1.0,1
79.77643458599604,6.4994653737981505,7,0.0006302046272117193,0.0009188179257897542,1.0,12.818411869973573,4.811913821742156,3,4,0.002901093476468826,1.576500508399184e-05,1.0,99.0,0.0,0.0,0.0,0.0,0
35.06662372899659,13.567317071080074,5,0.006568567235029978,0.00035677205317741597,0.0,66.86845611734904,6.944839118399026,4,4,0.003141293118371023,0.001220413216425843,0.0,1.0,1.0,2.0,2.0,1.0,1
137.78458320255695,5.009944973345533,7,0.002366601106374989,0.0022543440490816495,1.0,208.48822460240137,1.3760320927132148,3,3,0.012823844405718954,0.000572234598821551,0.0,2.0,0.0,3.0,1.0,0.0,1
39.727071774415506,2.6613281805755524,5,0.009202890192930479,0.003844090608450928,0.0,135.73133714933482,3.372098679920799,3,4,0.005658627027577554,5.776030332740563e-05,1.0,1.0,1.0,6.0,4.0,1.0,1
58.589880735625,3.0758920794741127,5,0.0013189511452151765,0.0003303273981907377,0.0,75.3276742820804,2.301661880253314,3,4,0.0006583733208914481,0.00038479004123675314,0.0,1.0,1.0,0.0,2.0,1.0,1
10.935086884074472,3.2584864367650135,7,0.004766469047158578,0.0005920685492402209,0.0,48.06462469986116,2.5169298021679998,3,6,0.000901074623229319,5.768723447338515e-05,0.0,99.0,0.0,0.0,0.0,0.0,0
16.01641778453583,2.935888598078198,3,0.0018907643385122964,0.0009520563310797553,0.0,28.08092524177364,2.929721120796978,5,1,0.01768079372185237,0.0005808501141178502,0.0,3.0,0.0,0.0,0.0,0.0,1
49.87139976685738,10.747193406211945,3,0.0030729449644510236,0.0006591932382328957,0.0,31.49351920372192,3.0966727895016937,4,2,0.011334830449378426,0.0025940844648099023,0.0,99.0,0.0,0.0,0.0,0.0,0
62.30470790240101,6.31717506894322,6,0.0004061046977085424,0.0008025510616962904,0.0,30.497845703898946,2.83907840447634,4,5,0.001350269911156952,0.0003195057430002407,0.0,99.0,0.0,0.0,0.0,0.0,0
83.30736827935307,5.733483214836684,3,0.015516883113768615,0.0005458431532025014,0.0,158.12588243084946,1.70417659585825,4,4,0.005682055492199089,0.0005652864326462086,0.0,99.0,0.0,0.0,0.0,0.0,0
37.58677720595665,2.2838294651283486,6,0.0055372632631638585,0.0012842922850599282,0.0,19.243103337197805,8.444031936717495,2,4,0.025159281060791596,0.00023940254297488613,1.0,99.0,0.0,0.0,0.0,0.0,0
104.99072915113487,6.461084778929392,4,0.0017964207745174857,0.0006752100392962728,0.0,33.49178986266536,3.7075215099042165,2,1,0.002826797642260955,0.0002651586229464011,0.0,99.0,0.0,0.0,0.0,0.0,0
167.3590003522482,8.0814174078887,6,0.0005668573416525286,8.091979270014548e-07,0.0,38.93414818046853,10.037439884487013,1,1,0.0028765641327140557,0.0016003793195578783,1.0,4.0,0.0,0.0,0.0,0.0,1
131.07605109580567,3.7710735918179585,5,0.001529243189114716,0.00014649693632767238,0.0,36.54630530542505,6.663139458786096,3,4,0.004441239662488063,9.52685866012462e-05,1.0,4.0,0.0,0.0,0.0,0.0,1
13.234001311816252,3.0555417427613643,7,0.007007664998857584,0.00012708724281780456,0.0,5.252425113560841,2.559355165319399,7,4,0.004823494275137827,0.0001257475870286048,0.0,99.0,0.0,0.0,0.0,0.0,0
62.39214732016866,9.756803463544452,5,0.002580715143468728,0.001401644975672732,0.0,23.962718118362663,6.641458770555557,1,4,0.0021050111687638223,6.376865398654157e-05,0.0,99.0,0.0,0.0,0.0,0.0,0
18.868284064763692,2.8338022015113986,4,0.0008519741524729967,0.00030179203923616895,0.0,46.417302556995324,1.8149185341732699,5,0,0.004273990763295866,0.0032476747402094665,0.0,99.0,0.0,0.0,0.0,0.0,0
32.170502622777455,2.671319060339936,7,0.0034605361496202664,0.00021793421923615538,0.0,90.75043704819781,2.573846511521105,0,0,0.006408955940034336,0.00015272486436290354,0.0,2.0,0.0,2.0,3.0,0.0,1
355.3746124183547,2.4328231048034565,3,0.0008376945212869082,0.0008957026144603798,0.0,55.56485168547744,3.0043033347599812,1,3,0.005034682077879438,0.0002506356570194515,0.0,99.0,0.0,0.0,0.0,0.0,0
22.29831217384469,4.124292772476104,2,0.006217673087400582,0.00033869773620490916,0.0,34.15451921338598,3.5200036127066303,1,2,0.002667817418628433,0.001379224398054539,0.0,3.0,0.0,0.0,0.0,0.0,1
65.2740764967206,5.0012134381443705,4,0.003950925153296765,0.00019397934228641402,1.0,70.64272181957703,2.6479072720300256,5,2,0.001473786939573412,0.0021964676217082466,0.0,3.0,0.0,0.0,0.0,0.0,1
87.01939479690293,7.442315138956468,6,0.009375329049876473,0.0021782544258332173,1.0,70.77767601253515,3.271356525369131,7,0,0.009769652962327334,0.0014826493328101392,0.0,99.0,0.0,0.0,0.0,0.0,0
106.97786518861905,5.8872519494548525,5,0.0006772941822541633,0.0009751270231600561,0.0,22.095128247705517,4.13973003989731,4,4,0.0029632299795055075,0.0012879690297188642,0.0,99.0,0.0,0.0,0.0,0.0,0
75.61459392304884,5.831679588625923,2,0.00014323720845096165,0.0020825494119852354,0.0,11.57376979299878,3.360812957483583,3,4,0.004483872190175145,0.0014657058752233978,0.0,99.0,0.0,0.0,0.0,0.0,0
10.785511630765058,8.816964743727167,1,0.006031527561856891,0.002425546013407203,0.0,102.52900992933742,3.0657312830693177,2,3,0.003210515616592045,0.0030857922536919893,0.0,99.0,0.0,0.0,0.0,0.0,0
41.61678687982881,2.3707946622655323,3,0.002752417548760159,0.003113756975983293,0.0,50.27358012474148,6.112810390942618,3,3,0.005918045727895051,0.0011858868711085155,0.0,2.0,0.0,1.0,2.0,0.0,1
68.33704748581467,1.8210485065169253,8,0.007197736444481137,0.001532473115070836,0.0,16.65330793814941,6.568812316594274,2,3,0.006527342444589375,5.3014929480625894e-05,0.0,3.0,0.0,0.0,0.0,0.0,1
17.357513368324057,6.0573550433221195,7,0.0041846229166836325,0.0009345943165751901,0.0,23.234465246694004,4.579804138570209,2,4,0.003668122971025243,0.0002824865091566234,0.0,2.0,0.0,1.0,2.0,0.0,1
44.53983128669461,4.012049374601905,3,0.0011224421229008494,0.0006898953488636607,1.0,92.2549929149367,2.1835588834944346,2,4,0.012199397220003023,0.00026691138862695196,1.0,2.0,0.0,2.0,1.0,0.0,1
12.701347656441925,7.458204625196296,4,5.979334100443014e-05,0.0004802916757539042,0.0,68.55294664008443,1.8257238759980854,2,4,0.007903185232408717,0.0016022660279484066,0.0,99.0,0.0,0.0,0.0,0.0,0
16.54701516864698,4.234296946515595,3,0.0028997982262678364,0.0009399543504511397,0.0,179.20730754587964,3.478348883794524,1,3,0.0004580679411289519,0.0008159791686352249,0.0,99.0,0.0,0.0,0.0,0.0,0
50.45686828284759,2.9963872547773276,0,0.0038334211752745666,0.0007832065588983379,0.0,42.52341481476245,2.4262731522884846,3,3,0.008825937520469779,0.0037131209348998475,0.0,2.0,0.0,2.0,1.0,0.0,1
21.39108047397291,6.109237857122843,4,0.022243164706988332,0.000138030506679415,0.0,8.215859783716864,4.165226808938154,3,4,0.009118183488004007,1.556605975929055e-05,0.0,3.0,0.0,0.0,0.0,0.0,1
77.06139231344966,4.547628246241567,5,0.0053557398169548675,0.00041075315284460435,0.0,77.32300140577266,2.0127479033036266,7,2,0.0029875613466908784,0.0004038234925855021,0.0,2.0,0.0,3.0,5.0,0.0,1
103.55668505267472,4.23644795222512,5,0.0006631942771706114,4.049886017985472e-05,0.0,22.655076547329227,6.651200761530022,3,3,0.009587078943170646,0.001303468497639457,0.0,1.0,1.0,1.0,2.0,0.0,1
138.99005752886075,15.084677596585314,3,0.0015578355700663305,0.00012376825769846075,0.0,28.48082410850725,8.681083897132718,5,3,0.003316246007622292,0.0003012806382434117,1.0,2.0,0.0,2.0,1.0,1.0,1
27.866509940627775,8.42134373683353,2,0.006673659164149713,0.001019498424443412,0.0,18.137757248356337,3.563694673711101,4,1,2.9889977259977794e-05,0.00042895952302326665,0.0,1.0,1.0,2.0,1.0,1.0,1
24.664090810806158,6.569652791976283,4,0.005328266461482448,0.0005850673674479265,0.0,27.171318274086122,3.0008534537870033,5,2,0.013391031699095158,0.0010542496801882303,0.0,3.0,0.0,0.0,0.0,0.0,1
18.835905382806054,4.630410398157739,7,0.004527343600270864,8.89097176995285e-05,0.0,111.13432857702453,9.259250289595613,5,4,0.004099804381555947,0.0007598952713734175,0.0,2.0,0.0,2.0,1.0,1.0,1
90.94272917633043,4.401452539249821,0,0.0023816121447812794,0.00010765803496559387,0.0,56.58233381502246,5.148623998684787,6,4,0.00828637780658002,0.0007447954088028678,0.0,1.0,1.0,3.0,4.0,1.0,1
108.06359516092796,3.609362745264959,8,0.00366748290020063,0.0006359272269572113,0.0,11.935005066316352,8.138641741972707,1,4,0.0014606806906348492,8.931509972292617e-05,0.0,4.0,0.0,0.0,0.0,0.0,0
12.567659738882568,4.907206785250059,3,0.0026934826586648974,0.0005562988968751802,0.0,58.000911054704645,3.476105819539726,2,3,0.0017228727671015774,0.0003715036636036739,0.0,4.0,0.0,0.0,0.0,0.0,1
230.1755243559127,3.2244784823489567,6,0.016814458198865737,0.0009319648395372335,1.0,65.23577834289253,2.2113021709684824,3,2,0.011956115105321524,0.001964224243823506,0.0,99.0,0.0,0.0,0.0,0.0,0
14.269638854320643,2.1094278507415964,2,0.0020347083045795075,2.243533096722341e-05,0.0,134.67747232723275,3.576813178147013,3,3,0.0032465945108684684,0.0005984015122658939,0.0,4.0,0.0,0.0,0.0,0.0,1
72.34807104764977,4.206194894946142,1,0.005138272277120745,0.0006142961692675354,0.0,122.81501072788215,6.1263725422858455,0,3,0.00594993334132727,0.001800175792799748,0.0,1.0,1.0,0.0,3.0,1.0,1
108.77120032489913,5.142402916851479,4,0.0031318867238744894,1.7458118715168305e-05,1.0,8.896323511858458,5.0824680630839705,1,1,0.0033541647377787476,0.0010731270765796472,0.0,3.0,0.0,0.0,0.0,0.0,1
173.81628419638088,7.468524488372859,5,0.0026477587923396805,0.0016295049895340412,0.0,125.9083256389853,3.196321471765134,5,3,0.00436809453175941,0.0003727283990233313,0.0,99.0,0.0,0.0,0.0,0.0,0
110.1653978297621,2.6798971382039096,0,0.0020798667865243024,7.304521568404295e-05,0.0,8.133501636385363,1.8681017783627212,3,0,0.0066180324727478645,0.0015528091393777687,0.0,99.0,0.0,0.0,0.0,0.0,0
139.44926980773806,4.421915150735823,4,0.009447049714639338,0.000244703414940198,0.0,15.042807148930843,3.038383926313968,5,6,0.007035737107176661,0.0011099540491986864,0.0,2.0,0.0,0.0,1.0,1.0,1
43.17461993171469,5.860553141719687,4,0.00024455444407427314,0.0013044085147055633,1.0,12.096614595657359,1.8821724999200105,3,3,0.005686383455326862,0.0011774961703376215,0.0,3.0,0.0,0.0,0.0,0.0,1
144.91636554783386,5.784371317430197,2,0.005805848568445807,0.0022666200707539474,0.0,17.031373362126853,9.205267055830268,2,2,0.0006700811410175511,0.0005010046439923908,0.0,1.0,1.0,1.0,4.0,0.0,1
16.680515980653013,10.428590708072242,4,0.006023777893090476,0.0012586174726804096,0.0,102.5529413210419,1.251648237394678,6,5,0.013151587382368221,0.0031690720934865867,0.0,1.0,1.0,2.0,0.0,0.0,1
190.16402550281728,3.650079392590355,3,0.016413141362270216,0.0002601663608685687,0.0,74.5245466301701,2.3329936687955155,5,6,0.005792331930213774,0.0029210505931127387,0.0,2.0,0.0,2.0,3.0,1.0,1
73.45373463031436,2.5565207474474514,2,0.00023385147697159203,0.0016511710958507422,0.0,74.68592522640338,3.001479451332329,0,4,0.004038188433085447,0.0013946098182322842,0.0,2.0,0.0,2.0,0.0,1.0,1
145.9918087732415,4.592318158866786,3,0.0034791097851378594,0.00016369193278099753,0.0,158.16103574816896,4.914253092386453,2,4,0.009898203728343043,0.0006371597867422343,0.0,99.0,0.0,0.0,0.0,0.0,0
58.16487775480371,3.7605504947895825,4,0.014314531010203031,0.0011232775233952499,0.0,34.840124875541164,4.064682766722879,4,1,0.004968751622876199,0.00014314996199202393,0.0,99.0,0.0,0.0,0.0,0.0,0
92.5311201376071,3.389265478139307,7,0.007315724719842658,0.0007528183528941997,0.0,5.197571517522382,1.4321601359704437,0,5,0.00718561321505697,0.0005525436190918922,0.0,2.0,0.0,1.0,2.0,0.0,1
69.79182511670157,3.1344664179066375,5,0.0016639822462129795,0.00035067500388672064,0.0,66.26049593551338,2.492443770731639,3,3,0.009890085149837741,2.4466285638002216e-05,0.0,2.0,0.0,2.0,1.0,0.0,1
115.21902679895365,5.1544243867795085,7,0.0016862125495853372,0.003407138023248657,0.0,126.53102292608638,2.805896713114567,1,2,0.0030911753304873942,0.0009543780710232531,1.0,1.0,1.0,4.0,0.0,0.0,1
16.812391991116492,2.893505841532998,4,0.0038672754430817465,0.0005282262900903914,0.0,229.4360897361369,2.8189495166125353,1,4,0.0010661353838535002,0.00033612414056161593,0.0,1.0,1.0,0.0,3.0,1.0,1
14.980002505521206,6.566296232199703,4,0.010504972293239141,5.171168921633391e-05,0.0,32.1432840103292,3.928752151443263,1,4,0.015395382940992084,0.0006009964734590836,0.0,1.0,1.0,1.0,3.0,1.0,1
32.70617260319331,6.386700956454331,6,0.0025912500930176698,0.0011458634483384924,0.0,108.60962513941307,7.190431216337696,2,2,0.005670410801557897,0.0007399320560967648,0.0,2.0,0.0,1.0,4.0,0.0,1
23.904918921212005,5.427000331323263,4,0.014639603526772236,0.001145493742751537,0.0,118.5190773430932,1.6504957559341933,6,5,0.009613943466766273,0.0011660664004820586,0.0,4.0,0.0,0.0,0.0,0.0,1
174.32284456019187,2.3685648226570484,6,0.0014984069422016516,0.0017587951752715124,0.0,14.359791817798996,3.8308914566138013,4,6,0.003459978050431136,0.0014425308873615692,0.0,1.0,1.0,0.0,1.0,1.0,1
29.796332654444313,5.020071859543399,2,0.003428094045410995,0.0008974169854759708,0.0,64.89863880509921,1.8527005201575324,1,3,0.006011039125599032,0.00357028167275707,0.0,99.0,0.0,0.0,0.0,0.0,0
307.92822475472747,7.760318280782364,5,0.0003530234839801254,0.0011598472069857641,0.0,16.407200286047924,5.7088903650575125,3,3,0.007931709732082213,0.0006947908919827206,0.0,4.0,0.0,0.0,0.0,0.0,1
42.865849946514345,6.842580297325076,3,0.00648864418924448,0.0013891092160056755,0.0,40.50379411573894,4.470464621525245,3,2,0.003764512963413057,0.0015066447258948786,0.0,2.0,0.0,2.0,0.0,0.0,1
26.082968318308232,6.293527890885306,2,0.012684814146431224,0.00034761814801650124,0.0,131.85038683473454,1.4510519569076687,6,3,0.0038474549173747687,0.0019563174536868606,0.0,3.0,0.0,0.0,0.0,0.0,1
134.7370478075478,4.3836263131930995,3,0.014036792016424542,0.0009208924616096207,1.0,98.48680407690897,5.47539278995578,0,2,0.003090771507122228,0.0006972019102179084,0.0,1.0,1.0,3.0,0.0,0.0,1
96.00129642732149,4.271155095655647,4,0.002900665987262626,0.0005864042118538562,0.0,55.6855890211968,3.7638479410328123,3,7,0.0010500443790047935,0.0006371059340106675,0.0,4.0,0.0,0.0,0.0,0.0,1
65.16360869787471,8.501732316663816,1,0.004327681331228246,0.001236600398738126,0.0,104.2376185575874,1.5127449400339357,1,0,0.00452555793458756,0.0007327688280203811,0.0,4.0,0.0,0.0,0.0,0.0,1
74.83986392924965,5.107097185496335,5,0.006880864761375125,0.0006487768482949506,0.0,14.951057331741476,3.2758827302577003,3,6,6.249281816744484e-05,0.0022397405029983388,0.0,2.0,0.0,1.0,1.0,0.0,1
111.60951517831731,5.14424256701748,6,0.0035987310343210096,0.0002034558861741453,0.0,18.008770525462488,4.452809262610145,2,4,0.021685519893949796,0.0002540167595347229,0.0,2.0,0.0,2.0,0.0,1.0,1
30.748795654936536,17.708169950025702,1,0.009733692028298213,0.0006204905494696244,0.0,19.057183535937337,14.10867779714244,6,1,0.008157662592666017,3.677583597094801e-05,0.0,3.0,0.0,0.0,0.0,0.0,1
458.6904985638164,3.604877603993242,2,0.000126961752659892,0.0009204885441377816,0.0,94.77018464724934,1.972904822190582,3,5,0.0013589589907898579,0.00045283512277441093,0.0,2.0,0.0,3.0,1.0,0.0,1
304.45119823120757,1.3250591235547584,2,0.01865196386270871,0.0005763037970738166,0.0,137.96545848244708,1.380522978803642,2,3,0.005546847204805901,0.00011255854659939914,0.0,4.0,0.0,0.0,0.0,0.0,0
94.06024721060454,3.912770495025953,5,0.0017843802312674706,0.0002690850407468231,1.0,54.6468560747534,2.4899927233973562,4,5,0.0022377466714677305,0.0007386914812463155,1.0,4.0,0.0,0.0,0.0,0.0,0
27.805742277511467,4.046007200653859,4,0.001967634605033346,0.004291415016900785,0.0,195.16461723699234,4.0666138411515975,6,4,0.006286135704769422,0.001515722324316668,0.0,99.0,0.0,0.0,0.0,0.0,0
101.2118236220295,5.063288509872195,4,0.0024195988278852593,0.0014105699279518393,0.0,83.12386619230506,4.079181886891534,2,3,0.006794017981790632,6.830526314055562e-06,0.0,2.0,0.0,3.0,1.0,1.0,1
15.994989746743464,5.752834789752329,5,0.008746304839971629,0.0008139130246195255,0.0,54.7632888011598,3.52646087243439,2,5,0.012549775666333966,0.0021441203500417415,0.0,1.0,1.0,2.0,2.0,1.0,1
12.49056932188956,1.4084077855821175,6,0.002157137697974373,0.00018575788843710887,0.0,61.74170916073426,3.454298203469163,2,1,0.00499207115897644,9.229181377094477e-06,0.0,99.0,0.0,0.0,0.0,0.0,0
33.838300251111725,5.821312308373387,5,0.0056912297894400376,0.0013832788124165656,0.0,118.64114914496139,3.1667747437392633,3,1,0.0018260084909364144,0.0014749862777209196,0.0,1.0,1.0,3.0,0.0,1.0,1
59.68442414987511,4.187324441334768,4,0.00044678445111484116,0.00014081655758375563,0.0,10.670556726450656,3.0223486877216064,5,6,0.002291774280006986,0.00023720340105706095,1.0,2.0,0.0,0.0,2.0,1.0,1
172.16159401526724,3.6999072823047827,2,0.0009559754874066385,0.002497396839982454,0.0,16.036631384522906,7.4589676634174875,4,2,0.0037671454980550655,0.0005882332169772975,0.0,2.0,0.0,2.0,0.0,0.0,1
113.91223830543112,1.6774575525180175,6,0.005199535036755232,0.00011149511573734336,0.0,23.57889298383783,2.1156565766620328,0,3,0.0014574413360497434,1.4512281130881877e-05,0.0,2.0,0.0,3.0,0.0,0.0,1
118.60303237994574,9.543590741213903,2,0.0006097852670090783,0.0008836508827352063,0.0,140.09974995292083,2.631932009483757,1,4,0.01095256562622505,0.0002638010147507351,0.0,1.0,1.0,1.0,1.0,1.0,1
54.33948635259311,3.3634072869151463,4,0.006188805430632972,0.002436340739690622,0.0,178.96532413173674,1.6393030100344066,5,2,0.006233829428131908,0.002933336073301126,0.0,3.0,0.0,0.0,0.0,0.0,1
43.96388261515861,6.342401107653324,4,0.007198998903560887,0.001016846875882687,0.0,31.419284885917342,4.2070311895909205,1,3,0.007893248064617796,6.465176666299644e-05,0.0,3.0,0.0,0.0,0.0,0.0,0
47.09485204378376,2.658621731907939,9,0.006346216699258247,6.132861543413937e-05,0.0,159.50870575713907,6.01234944785403,3,3,0.003057698708670058,0.0028069517959884646,0.0,2.0,0.0,4.0,2.0,0.0,1
361.5251113213203,5.19153632236822,3,0.0002832197929270563,0.0014474813647327943,1.0,52.49163378337063,3.6008574396635638,4,2,0.00964148848457754,0.00041950744819104597,0.0,3.0,0.0,0.0,0.0,0.0,1
13.274859363514294,3.73368762008366,4,0.0025578410327416574,0.0007970560972780536,0.0,43.46445824390893,7.696007143720016,1,2,0.0004276278173518667,0.0003850614410230689,0.0,1.0,1.0,1.0,1.0,1.0,1
171.4114393404591,6.230583099152014,6,0.00923205698666606,0.000768069547041185,1.0,112.30120065446674,3.261049532683962,2,3,0.01529552265651407,0.0022878954570188024,0.0,99.0,0.0,0.0,0.0,0.0,0
79.14813930821299,3.6624781979987615,1,0.0022721815683975615,0.0011164109286738407,1.0,52.39051277105638,1.6156776598317921,4,3,0.005247548027061531,3.1851791470598936e-05,0.0,2.0,0.0,4.0,1.0,0.0,1
56.18792648277277,2.591888506682756,6,0.0027761686037061383,0.00045388162447043034,0.0,41.36120149184259,4.6693518263017975,5,6,0.001625865527398479,0.0008725893800970264,0.0,3.0,0.0,0.0,0.0,0.0,1
113.35372539910963,4.297062319649721,5,0.0007827002687342566,0.00025977079375935424,0.0,5.965537607690324,1.373973302312069,2,2,0.0025667902728847996,0.0010934154823316869,0.0,2.0,0.0,0.0,2.0,1.0,1
63.34674428793712,4.174178744438793,6,0.010818025258517952,0.0007683725179001248,0.0,5.778893564956064,2.2390307830163483,4,4,0.017646800153886026,9.205236401166032e-06,0.0,99.0,0.0,0.0,0.0,0.0,0
175.35250730142135,4.995816428816886,4,0.009210600602126764,0.000752698400872068,0.0,64.26581844393053,3.076411826573085,1,0,0.0021670662618747377,0.0010633897506653028,0.0,2.0,0.0,1.0,1.0,0.0,1
194.77027836962998,7.331593430399143,3,0.0035297267393041495,0.0012417694933606475,0.0,9.575094690750113,2.157784482348582,2,1,1.0488928849442321e-05,0.00213464035858861,0.0,1.0,1.0,3.0,1.0,0.0,1
53.81589610832198,2.2899684642663534,4,0.001526868196006036,0.0030374124108986673,0.0,85.1235990110096,11.568510110170045,3,8,0.004347855814294452,0.0005627302691368985,0.0,1.0,1.0,0.0,4.0,0.0,1
35.92863256681135,7.1172949639349445,6,0.0030485055172362312,0.000281476351922939,0.0,63.425890019851316,3.5436383287884525,3,5,0.0012438230776738233,0.0014296417245118476,0.0,2.0,0.0,3.0,2.0,0.0,1
81.78776975527273,2.1126886074856177,3,0.005205396487708111,0.0017432204062352897,0.0,41.71942309243337,3.4668222931526937,1,4,0.0010182320124596503,0.0008451394937244264,0.0,4.0,0.0,0.0,0.0,0.0,1
204.7644751618879,6.093209872432504,3,0.0030707896105471987,0.0003618012155080904,0.0,79.23184954442902,4.507274023748836,3,1,0.005828146438537918,0.00458554637678516,0.0,2.0,0.0,5.0,2.0,0.0,1
28.924871916001965,6.203200164414215,6,0.007295152841870456,1.4426164293826313e-05,1.0,303.3253695042547,2.1055298915758476,2,3,0.001902593024070017,0.0010401068259761911,1.0,1.0,1.0,3.0,1.0,1.0,1
88.03371661596604,3.264107202685249,4,0.0017260886958861321,7.25723104270124e-05,0.0,21.970171852132268,4.833949718334671,3,2,0.006846752181152373,0.0023066026016375636,0.0,2.0,0.0,2.0,1.0,0.0,1
89.87824001804347,2.7329615436419408,1,0.010152000632724433,0.00012610567525063183,0.0,53.858675048534444,5.45906419759225,6,0,0.0034500070143748274,0.0003967927003723016,0.0,1.0,1.0,3.0,2.0,1.0,1
115.67440121014843,2.654687465586994,5,0.0018882203035656695,0.0021745500950055507,0.0,116.0355259814803,4.5694579674718145,4,6,0.009558499955497773,0.00016562361069332235,0.0,99.0,0.0,0.0,0.0,0.0,0
21.285250376212836,4.5326215292555325,1,0.0017826382744631896,0.0006235297606237623,0.0,6.021134484249028,11.957392041587376,4,2,0.00715741774858235,0.0004100853274469296,0.0,2.0,0.0,6.0,1.0,0.0,1
110.6531927301688,6.435363889999399,4,0.0027366159633388253,0.0004836082044136358,0.0,18.652316378754996,2.5253204889298315,5,0,0.013209382320111566,8.216063062920852e-05,0.0,2.0,0.0,3.0,0.0,0.0,1
201.78025650313958,3.9808113998292955,5,0.005201106550913372,0.0007995730800280465,0.0,49.158102348641414,3.2466199423884254,2,2,0.00467866012018717,0.0018858754151611765,0.0,2.0,0.0,2.0,0.0,0.0,1
25.845164862411565,1.2793030754174832,6,0.007193332157426137,0.000488885825511657,1.0,53.210681612481686,1.6176508348770269,3,6,0.0014191316016960798,0.001107367631766998,1.0,1.0,1.0,1.0,1.0,1.0,1
31.696767334972957,3.144629241745265,1,0.021339140040744678,0.0003897775573133709,0.0,10.41736373120332,3.041577383252512,1,2,0.0073613403276465185,0.00020100797687351205,0.0,3.0,0.0,0.0,0.0,0.0,1
294.3341631089209,3.0829314558323953,4,0.006913921851181783,0.0017492318085816688,0.0,36.39712814139188,3.3721742158114885,2,1,0.0007259834388968316,4.1994804803540276e-05,0.0,99.0,0.0,0.0,0.0,0.0,0
25.97144438041263,5.730549460888089,4,0.0004349184746995018,0.0025076851913764103,0.0,49.01125128371997,4.253650693696689,4,2,0.0001570755217555843,0.0008382990863273888,0.0,2.0,0.0,4.0,0.0,1.0,1
164.14318142053264,5.90102119485042,5,0.0021596036545338884,0.0006021091565020085,0.0,37.992253814862025,3.4115186867597336,4,2,0.0003648575353323826,0.0025152432871541684,0.0,99.0,0.0,0.0,0.0,0.0,0
64.22567540428392,4.73269712150957,3,0.0007223394172164476,0.0006364558153430063,1.0,77.35773808456707,2.1052031318864506,6,7,0.0005374851085929453,0.00018379803869470054,0.0,1.0,1.0,1.0,1.0,1.0,1
32.71975759954964,7.124938619590149,2,0.013995689580493487,0.00035544727165246626,0.0,93.53741435972032,4.521799006050592,4,5,0.0005669462916394931,9.925003290076952e-06,0.0,3.0,0.0,0.0,0.0,0.0,1
173.68048013958793,7.432332314781354,5,0.004158663037920646,0.001148784284893405,0.0,42.00024421564193,4.14603762325946,4,1,0.002557517724129435,4.665735622098956e-05,0.0,1.0,1.0,2.0,0.0,0.0,1
57.14698604479646,3.2495754467967704,7,0.004333568290693937,0.0012883681915051809,0.0,38.271994979588115,3.103814791628266,2,4,0.00287016257526725,0.00039799072174069653,0.0,99.0,0.0,0.0,0.0,0.0,0
67.85838952808945,2.6229465235631118,3,0.0028775679884452377,0.0003313063355461684,0.0,78.32080792816248,2.60469045473474,2,6,0.00013321613821108948,0.0007142068440593227,0.0,4.0,0.0,0.0,0.0,0.0,1
45.60719673422463,4.141246681615703,5,0.0007313912910891797,0.0009291464699460192,0.0,53.62164115553146,2.2324086669769443,2,2,0.002340977704892968,6.774962449415222e-05,0.0,99.0,0.0,0.0,0.0,0.0,0
81.90570741480629,4.727293984177113,3,0.018260237306971808,0.00021238965290509425,0.0,127.61641480495356,7.0053924134679155,3,3,0.0022937837723528694,0.0007329000679191393,0.0,3.0,0.0,0.0,0.0,0.0,1
24.28458380941051,3.1587756404750174,1,0.006612161309942033,0.0008178340396316243,0.0,44.367982245714686,5.290719011001331,7,4,0.0023160957331445557,0.001072385515271081,0.0,3.0,0.0,0.0,0.0,0.0,1
49.68567250907788,20.260474066125123,11,0.0023465854428978937,0.0004476068532207446,0.0,56.2450970339802,5.17059457736516,3,2,0.008044077685014436,0.00032885494323624026,0.0,3.0,0.0,0.0,0.0,0.0,1
288.9726433456915,9.222781885945036,4,0.0008983916670865282,0.00038651872867948196,0.0,13.273380785897254,3.363536134694618,3,3,0.0019465466818164004,0.0027413364388338096,0.0,3.0,0.0,0.0,0.0,0.0,1
33.88687043392049,2.997019550509359,6,0.0010472458710453507,0.00046904953633984176,0.0,113.47232199684049,5.901556472081243,4,3,0.007780513942443459,0.001203105597295905,1.0,4.0,0.0,0.0,0.0,0.0,1
95.54059076136822,2.3401644582997183,3,0.0002692778084810135,0.00092273711559102,0.0,37.92121737287755,3.8773172896749717,2,2,0.002402970353163267,0.0003397395377271287,0.0,3.0,0.0,0.0,0.0,0.0,1
41.465936351114166,2.8653850676908226,4,0.008893509965367223,0.00047291230660290645,0.0,81.17755257572885,3.29608014235403,1,4,0.0002773490571720355,0.0022264945256450577,0.0,2.0,0.0,3.0,3.0,1.0,1
128.7913352565732,7.5087231396517975,8,0.0026025227271833807,2.7953748913774167e-05,0.0,38.672712313520236,2.2051262975846035,2,2,0.0026163287928498017,0.0003889797477623902,0.0,4.0,0.0,0.0,0.0,0.0,1
21.22134236881094,7.613983926219398,5,0.0016392010871927598,0.00013271342180019564,0.0,5.060764543245301,3.4020718339694644,6,2,0.005236860028365041,0.00016461433150177654,1.0,99.0,0.0,0.0,0.0,0.0,0
290.04883635395197,9.287998326630051,2,0.0034131386932975934,6.266435961853948e-05,0.0,35.690576484436285,1.184604468959239,1,6,0.005004134071790697,0.0002607138379242809,0.0,99.0,0.0,0.0,0.0,0.0,0
58.38007377317902,2.581320990363148,7,0.013475603857235858,0.00013272127687492165,0.0,14.575078681999901,5.782426709185367,1,2,0.0033044976944248024,0.00028078055570457047,0.0,2.0,0.0,3.0,2.0,0.0,1
31.540283479817617,5.717533839491822,4,0.006412990521119409,0.0006014796853952478,0.0,35.511204944377184,2.0614658325091457,0,1,0.0002924124206399598,0.0009807077659292867,0.0,2.0,0.0,0.0,0.0,1.0,1
16.107017804474964,2.711338683189209,1,0.005902939209754897,0.0002690980160825235,0.0,28.258449147266777,2.3189319989632575,3,4,0.0027024497570006197,4.64543722908181e-05,0.0,99.0,0.0,0.0,0.0,0.0,0
24.883035208367517,10.455374423814325,10,0.008908025690864725,0.0014304151309683134,0.0,18.579971305132464,2.778959377962713,1,1,0.01071594548640092,4.410895519180476e-05,0.0,1.0,1.0,3.0,1.0,0.0,1
68.67986763436652,2.629404485679865,5,0.003925833780091943,0.0019050985056419897,0.0,12.927743529805127,2.2184465588907445,4,1,0.0028467058159066597,0.0007767807767880597,0.0,1.0,1.0,0.0,2.0,0.0,1
42.87880638441333,2.072251790156491,2,0.017109374586912703,0.0021793549348794487,0.0,83.24111968105007,4.357634141167063,2,2,0.016235028371148666,0.0017096555825402817,0.0,2.0,0.0,3.0,0.0,1.0,1
151.2327907297726,2.271414911512229,3,0.00513385105897944,0.0008394598322333628,0.0,89.35562217448447,6.299688025558867,2,6,0.0035795384512140034,0.0021952190613377526,0.0,2.0,0.0,0.0,2.0,0.0,1
55.09417525484739,4.3079787054577965,2,0.008745338301884056,0.0007037125261812697,0.0,23.472883130761407,6.524696146553757,2,3,0.008809519067568912,0.0004767251959253204,0.0,3.0,0.0,0.0,0.0,0.0,1
32.87753895806809,6.383027542911689,2,0.00199591967572261,0.00021368744117658377,0.0,46.01441619662321,3.039497238222971,5,1,0.007883014490369752,0.0011425952998331235,0.0,1.0,1.0,2.0,2.0,0.0,1
86.80791332587742,6.1479856717163015,2,0.0012899132754770992,0.0007081175429256416,1.0,42.425209480215244,2.3933523319834302,3,4,0.009818018572202531,0.001744042841514546,1.0,1.0,1.0,3.0,1.0,1.0,1
108.1458085567476,2.322069121890421,5,0.004950552933457944,0.0009009488703605848,0.0,31.333332017870084,6.055031021478913,5,5,0.007910658393827387,0.0005038871540217513,0.0,99.0,0.0,0.0,0.0,0.0,0
24.621755814867747,3.4594609463869395,5,0.0002892931092622367,0.0011557606603927108,0.0,24.51366488133792,1.8664075810485985,4,3,0.004536622429949591,0.0005322905144761141,0.0,2.0,0.0,0.0,1.0,1.0,1
24.677221610460855,3.2086324407109434,7,0.006630450880143019,1.3601592033961371e-05,0.0,17.350034579804856,5.57184681214507,1,7,0.003029437472345219,0.001645399922990006,0.0,99.0,0.0,0.0,0.0,0.0,0
12.988858240758619,2.1539970433531552,5,0.004599559968936095,0.0005439067587560238,0.0,128.76338230977896,4.4683925722628075,3,2,0.004161474118194851,0.0020872684146610596,0.0,3.0,0.0,0.0,0.0,0.0,1
116.66640966318673,3.1662812896087598,4,0.009242197677416816,0.0001552526163118621,0.0,112.49806417959375,4.279644417214932,0,3,0.00201960016892175,0.0005739522292836631,0.0,1.0,1.0,4.0,2.0,1.0,1
97.20500201176792,9.05964120622209,5,0.0013711483833373315,0.0010639228364397308,0.0,37.392552574835065,2.434221379271305,2,1,0.0005105598090186362,0.0002606126488980655,0.0,99.0,0.0,0.0,0.0,0.0,0
61.49233357082342,2.0097064822155852,3,0.0022047604092721947,0.0016143648133382866,0.0,81.63590642117984,5.27953817094707,4,4,0.0019981191182834083,0.001289651592397906,0.0,2.0,0.0,2.0,1.0,1.0,1
158.71939925409202,4.90949130804908,4,0.009917174587201677,0.0001735602151048634,0.0,46.38901381484029,3.5322549641526946,2,2,0.01399329812003501,0.0036997663926508387,0.0,2.0,0.0,3.0,0.0,0.0,1
141.0558656935481,9.180421136822655,4,0.0023583000944124854,0.0004738327344926588,0.0,10.355010237751578,5.39728601896947,2,1,0.002471907451214478,0.0006332207666112733,0.0,99.0,0.0,0.0,0.0,0.0,0
80.42648109087372,8.909274006756961,6,0.003398007914751728,0.002521607774094042,0.0,108.69008038404972,1.5482272492689035,5,4,0.008187991659953186,0.0007068174374848988,0.0,99.0,0.0,0.0,0.0,0.0,0
172.1608501223202,10.73864737635978,2,0.0011215555720932083,0.0005905142455325,0.0,19.851672631872525,1.2738645182400279,3,7,0.0016285979480861893,0.00020032930570658566,1.0,3.0,0.0,0.0,0.0,0.0,1
28.437748029645885,5.185215121969044,4,0.005046194568070355,0.00020195606619249182,0.0,78.61760201383854,10.069738563988532,2,4,0.0014324117503167358,0.0009270006140858954,0.0,1.0,1.0,3.0,1.0,1.0,1
19.495441711222767,5.627078615021406,4,0.01058388084115299,1.0823664175837519e-05,0.0,49.970096485526284,1.5070786339984612,0,2,0.0005174324942187377,0.0008122252925810689,0.0,1.0,1.0,1.0,1.0,0.0,1
35.14942445824863,3.199417422412295,4,0.005765564944214816,0.0005126324572226503,0.0,75.37558030268733,6.938682728665112,4,2,0.002200466722659222,0.00010867364170923087,0.0,1.0,1.0,7.0,1.0,0.0,1
14.702488538397017,1.9881513244924123,5,0.005289821674429424,0.001114683271214686,0.0,43.22904614371346,4.994300768035566,2,4,0.0014080013102923993,0.0014469479619679095,0.0,4.0,0.0,0.0,0.0,0.0,0
70.6011234267155,3.9769537854912556,2,0.004735472898017555,2.8080036047242315e-05,1.0,77.75279697332205,5.316017438277419,7,2,0.001677696574379705,0.0005906866560265926,0.0,99.0,0.0,0.0,0.0,0.0,0
230.67049643215734,8.041868787692264,6,0.003953820132554681,0.0008678457965879106,0.0,7.001777504624454,1.349933876872684,4,4,0.005578838495244869,0.00023505648225634917,0.0,1.0,1.0,5.0,0.0,0.0,1
13.211073312750578,1.272904238059109,3,0.003734740919297393,0.0004586185103822693,0.0,7.502652060865805,4.678100880989999,3,2,0.000583882177971841,0.00019203797350843886,0.0,1.0,1.0,2.0,0.0,1.0,1
20.41871039864934,3.281572204164181,3,0.011262844333201247,0.0024295263486390144,0.0,140.9983178394408,3.4632085589993133,2,3,0.0012603935628645398,0.0014574922689309987,0.0,2.0,0.0,1.0,0.0,0.0,1
58.14745986415447,5.942417644367886,1,0.005985900599153775,0.0028199997938896226,0.0,88.1042704043195,1.8732557138972918,1,4,0.0032901216411830563,0.000606572568386511,0.0,99.0,0.0,0.0,0.0,0.0,0
227.29669231007958,4.341467336503698,3,0.004033970414593568,0.002789139035581127,1.0,110.77895851219877,2.520652123888091,3,5,0.0006368348087048966,0.0005969726150073102,0.0,3.0,0.0,0.0,0.0,0.0,1
40.402048884542964,8.624508458796118,3,0.00846824471787521,0.0018180928462787544,0.0,41.59296142485502,3.1504647608608023,5,0,0.011048547245891499,0.0006454956863222597,0.0,4.0,0.0,0.0,0.0,0.0,1
66.6178003017076,7.568835792658654,3,0.0004204121961038832,0.00389268946800143,0.0,41.93194362115899,2.960088884218877,1,2,0.00110780383584975,0.00012056730642813506,0.0,4.0,0.0,0.0,0.0,0.0,1
13.396938640084135,1.8676971500099482,5,0.00024161928246684185,0.0008262646859584956,0.0,50.81469829248994,8.509602715734866,6,1,0.005943709741970924,0.00020862565527817752,1.0,99.0,0.0,0.0,0.0,0.0,0
22.845732106913516,4.551812876837641,5,7.695244596380189e-05,0.0012349066284627892,0.0,21.756018475667602,2.861342966321985,1,2,0.0011921210706227594,0.0011383481795079395,0.0,99.0,0.0,0.0,0.0,0.0,0
355.18008676267027,2.7845375504352434,9,0.004748555762842714,0.0022479906143653416,0.0,84.34342463670707,6.404354550293305,0,3,0.003739598619507376,0.00029552914590575015,1.0,99.0,0.0,0.0,0.0,0.0,0
278.46434462559273,2.7648641287089495,6,0.005449903294042894,0.00012572176315536946,0.0,111.12515535653243,4.131042150545712,6,1,0.0003992321824339397,0.00012250551798756757,0.0,3.0,0.0,0.0,0.0,0.0,1
10.39617783790621,1.9384433081853787,3,0.0031596936586019268,0.0003017926703495377,0.0,147.65409752169717,1.486691766022883,4,1,0.004500533684232644,0.000173551339920338,0.0,2.0,0.0,2.0,0.0,1.0,1
252.61126389430524,4.992803283470398,6,0.0052664038545903276,0.004725982622547061,0.0,48.66852243425731,1.80365226992485,2,4,0.009224506599592381,0.0019770686595874656,0.0,4.0,0.0,0.0,0.0,0.0,0
91.53676908548007,8.72871315785802,4,0.00600570327574923,0.0030083445075615957,0.0,37.12518630930175,1.5764525226008435,5,1,0.00013766592309364726,0.0007882273621467937,0.0,4.0,0.0,0.0,0.0,0.0,1
171.94676535812084,5.250496907378817,3,0.0013199435621887208,0.0010915414561241982,0.0,111.6476982905956,4.104197092671411,3,1,0.006998768988625104,0.0011661301614963742,0.0,4.0,0.0,0.0,0.0,0.0,1
58.51938152736076,1.8790856657528017,4,0.00011340265004046543,0.00034312882443669946,0.0,88.82088439063435,4.677033487401549,3,4,0.00023114658198397292,0.0015821592330607908,1.0,2.0,0.0,3.0,0.0,1.0,1
67.98688549582168,4.202063597640387,10,0.0021426896254892985,0.00046006266082008286,0.0,126.16775283336567,2.46626475836349,2,6,0.017499926052709894,0.000590732352960443,0.0,3.0,0.0,0.0,0.0,0.0,1
63.686839960708795,5.808346362211661,3,0.001316020662670032,0.001371872251948649,0.0,68.97992703988415,5.072921427105256,1,4,0.0005487328536201609,0.00021943015967901258,0.0,1.0,1.0,0.0,3.0,1.0,1
97.93641896524667,4.024895164348534,4,0.004830910430085936,0.002261435195616639,0.0,133.89576460307612,4.085136979289491,3,5,0.00886103457621388,0.0009718985939036707,0.0,1.0,1.0,0.0,1.0,0.0,1
22.033396336756574,5.196657573319402,3,0.0037015425173010682,0.000604988612806215,0.0,10.59548716226697,5.531301209945586,4,1,0.005312699197916066,0.000712157112398729,0.0,2.0,0.0,1.0,0.0,0.0,1
12.4345584735977,2.9107979320157873,7,0.0009249759994244158,2.597574996736776e-05,0.0,73.28390906868242,4.15796424338788,4,4,0.0024462559212458466,0.0011262263104881989,1.0,4.0,0.0,0.0,0.0,0.0,1
39.44544704110247,3.761017956719728,4,0.0003973429738711445,0.0002374468468811002,0.0,10.57924860228825,4.856023193674325,6,3,0.007162049894747781,0.0006858429287051958,0.0,2.0,0.0,3.0,1.0,0.0,1
107.57586780326716,3.6293897520339335,5,0.022402182180416938,0.004392483567588412,0.0,87.91606715139662,2.6341412902128605,1,3,0.005285309988272979,0.0011753264107796663,0.0,2.0,0.0,1.0,1.0,1.0,1
28.037044354928828,9.66725286546039,4,0.009445704600412991,0.000694026463518169,0.0,64.4033201852072,3.572021320930632,2,3,0.005333734307169901,0.000809870419178915,0.0,4.0,0.0,0.0,0.0,0.0,1
99.52947274655833,2.348664978099829,3,0.014330872333197237,0.0018665259136363113,1.0,5.9672764288370095,2.311640023946958,2,4,0.0009579949319640434,0.001659176853759014,0.0,99.0,0.0,0.0,0.0,0.0,0
290.2904312183368,1.3274747557692146,1,0.0035811773928992987,0.0044252544478160785,0.0,59.86669409906049,8.654733495467552,6,3,0.004286019073500853,0.00043944515890932705,0.0,99.0,0.0,0.0,0.0,0.0,0
17.888511497742957,9.30960345138758,4,0.009195629796775977,0.002115566625293739,0.0,14.489107013786072,4.94796219395346,3,2,0.005071730780645826,0.0005352309461786215,0.0,1.0,1.0,0.0,1.0,1.0,1
99.3263267123629,4.641423842957293,1,0.003250546398109388,0.00040447120910366147,0.0,14.2178482836792,4.020476765936264,4,3,0.0016315195411257832,0.0017932945114513404,0.0,2.0,0.0,2.0,4.0,0.0,1
56.92302718057388,2.098301192940921,3,0.002807032014115989,0.0015698862041002655,0.0,14.7838278504448,1.5827203197743231,3,5,0.002379106757939273,0.0007481983881768845,0.0,4.0,0.0,0.0,0.0,0.0,1
172.0825297754813,7.188423011367804,8,0.00773228770397269,0.000605477270272224,1.0,44.67840294855742,6.276121636152858,3,0,0.03637596386096175,2.4374337526833245e-05,0.0,4.0,0.0,0.0,0.0,0.0,0
25.598487924691504,6.014788032376573,3,0.006126280473039419,0.0020179609911561464,0.0,12.365339869604345,6.979910228098965,5,0,0.002313106591793297,0.0006265040795379084,0.0,2.0,0.0,3.0,3.0,0.0,1
104.3751901104283,10.591983325461527,6,0.0028620913804114165,0.0005901715529967708,0.0,13.056866023297305,1.8884570256420705,2,2,0.0028193328614064036,0.0004149809293957134,1.0,2.0,0.0,1.0,1.0,0.0,1
155.66966892781164,4.855755399193349,5,0.000617825033251609,0.0015233759818857832,0.0,22.756403447438085,3.3878686506281688,4,4,0.00799772998736144,0.00036930543662256856,0.0,3.0,0.0,0.0,0.0,0.0,1
241.47459099042183,15.109915703929499,7,0.001402888537030975,0.0008398907643191547,0.0,5.051515538760377,3.8137547207911204,3,6,0.0034720743944036073,0.0025295384359451537,0.0,3.0,0.0,0.0,0.0,0.0,1
101.97089879876977,4.0456147578580595,3,0.007182805014023032,0.001160906368033264,1.0,24.36041309701943,2.092116349878343,4,4,0.00473814332468931,0.00019116673236366577,0.0,1.0,1.0,3.0,0.0,1.0,1
65.00100900892318,6.021331491138191,3,0.006050929090644785,0.002858677751181717,0.0,62.80416157219633,2.74235312332329,2,0,0.004804081891662955,0.0003929399998691735,0.0,3.0,0.0,0.0,0.0,0.0,1
86.95478844407532,6.5282495844842705,9,0.0017918502937303129,0.002676993106252125,0.0,60.21349171482737,2.563549638310614,3,2,0.005827443876652348,0.0002854236166080966,0.0,3.0,0.0,0.0,0.0,0.0,1
172.5466327494329,3.354539213378054,3,0.006725090958477612,0.00029007534752770685,0.0,214.4679453725148,6.075179961651818,0,1,0.0017085038315356655,0.0002124199361912918,0.0,1.0,1.0,1.0,1.0,0.0,1
77.63112736552047,3.2943309375715475,5,0.0025455163625547183,0.0027545854573661505,0.0,12.644785702562332,8.008484105192991,5,5,0.010952207077372288,0.0020798312687830157,0.0,1.0,1.0,1.0,0.0,1.0,1
12.468665418712416,6.606096880612585,5,0.0019226885659455743,0.000434520074528434,1.0,125.40329396552805,3.1232135068269042,3,4,0.007113835499664967,0.00012933687682203032,0.0,1.0,1.0,0.0,1.0,1.0,1
223.83244058393385,2.007015091122953,10,0.009083894932629694,0.0005161887615564764,0.0,34.774919145952275,4.553411529267875,3,3,0.013127659151241693,0.0009705768268535889,0.0,2.0,0.0,0.0,2.0,0.0,1
103.57260288089202,2.7742386836631305,5,0.0034527432223748628,0.00038871733198387394,0.0,34.36697252752845,1.4786386340034805,2,2,0.004936113820830261,0.00021370349987903512,0.0,4.0,0.0,0.0,0.0,0.0,1
100.28780351035913,3.9810964786690044,8,0.002070055404173076,0.0006486406811919787,0.0,30.737310656949152,6.828553616624911,1,3,0.0002589046367651253,0.0003246233005454739,1.0,2.0,0.0,1.0,3.0,0.0,1
29.434559841441917,10.397550527048404,10,0.007605102258835894,0.0006902959997862456,0.0,12.993819861546852,4.659398169999525,6,1,0.0009775298015150082,0.001798298615941486,0.0,4.0,0.0,0.0,0.0,0.0,1
96.0429594934471,6.608721764916326,2,0.0010405717083034414,0.0025601247893793726,0.0,44.06333980727521,3.8034670244888993,2,4,0.0024221893689425084,0.00034009100645522545,0.0,2.0,0.0,2.0,2.0,0.0,1
50.05212519166871,4.535075533588071,1,0.002346374301589402,0.0006222802813178271,0.0,97.89435161279144,3.320524150519951,5,1,0.010907025621624591,6.246661029813086e-05,0.0,1.0,1.0,2.0,1.0,0.0,1
94.26809085497892,3.1788763837376877,7,0.0015305216806217716,0.0006040997981897867,0.0,129.97440775554782,2.3095329926073913,5,4,0.006163078911624691,0.00031514489753355643,0.0,4.0,0.0,0.0,0.0,0.0,1
19.017045502615684,12.875218869532377,2,0.0026421487540308607,0.0032878673070270434,0.0,202.58244489358742,6.079045165777908,1,3,0.004649790418124786,0.00023429974401789895,0.0,4.0,0.0,0.0,0.0,0.0,0
95.79938547726853,4.18604056269218,2,0.0003889114823014833,0.0010897917852992825,0.0,97.30871453860965,4.834797066264884,7,7,0.0143687705202303,0.0032794220353569875,0.0,1.0,1.0,1.0,0.0,0.0,1
605.3378327763525,2.7727408953737003,3,0.0004628984727448593,0.00047208932435776073,0.0,63.545202331887495,5.522668972302858,4,2,0.015483083458313944,0.0005903651285427745,1.0,4.0,0.0,0.0,0.0,0.0,1
13.953039911544055,14.346948985374357,3,0.0004943467819683993,0.0031475469253374314,0.0,46.29361187624059,3.6889528732781622,3,3,0.0030701893222465347,0.0003993266001774616,0.0,3.0,0.0,0.0,0.0,0.0,1
312.3890490049783,2.0538990275494173,4,0.0013217094469054537,0.00027308396056256653,0.0,129.71719352824744,6.600664881578514,6,5,0.00236005533339512,0.0008980011973767697,0.0,2.0,0.0,5.0,1.0,0.0,1
51.79245459636778,8.887844605252807,2,0.0005703712159548227,0.00019180742123445964,0.0,85.71227916641095,2.398512232624827,5,3,0.0018245559940129282,0.0009229824094635244,0.0,3.0,0.0,0.0,0.0,0.0,1
173.68267688126025,4.370935924297803,6,0.00046413845468157674,0.00030397731292310283,0.0,15.551140312930377,7.58253896169295,3,2,0.009666538907128154,1.689297449958748e-05,0.0,1.0,1.0,3.0,2.0,1.0,1
132.0024045547434,6.599422861135911,3,0.01915656054107727,5.0273611156595314e-05,0.0,73.84619034352312,6.365372666914932,2,1,0.004437899140123879,0.0019595948984525006,0.0,3.0,0.0,0.0,0.0,0.0,1
76.9644084741242,5.925797784435626,4,0.006739529011782455,0.001626509171810302,0.0,38.836560909894246,4.1086840475357755,1,1,0.015516309632294854,0.00018111344942705606,1.0,1.0,1.0,2.0,0.0,0.0,1
117.29014286821268,6.543905850961366,6,0.0017725003546819628,0.00031405658106824403,1.0,59.350680556829744,2.093624338147845,3,2,0.0073240235350518785,0.00043761852191203396,0.0,1.0,1.0,2.0,2.0,0.0,1
178.63752807666717,15.12513847855219,3,0.003623172436139372,0.0004413407524918721,0.0,142.1750046183082,6.204057198820399,1,3,0.0013476100377528182,0.003329552358502451,0.0,1.0,1.0,3.0,0.0,0.0,1
51.420006291896215,13.756939350275873,7,0.003052844391590108,0.0014857201649263064,0.0,68.43161915165084,2.3399496992814095,2,0,0.0004724259438167104,0.0006692220770345711,0.0,1.0,1.0,3.0,0.0,0.0,1
41.68473798328051,2.8560461207342414,2,0.0069834391494757566,0.00014281975892943555,0.0,172.5423010283735,3.034751917791173,2,6,0.0007167090633312361,0.0021232857758659712,0.0,1.0,1.0,1.0,3.0,1.0,1
98.11170537378456,5.7951909636576,3,0.0017638915104259264,0.0013077729192170848,0.0,125.76068372478134,1.75484949473276,2,0,0.0005855509640666439,0.002169719459964248,0.0,99.0,0.0,0.0,0.0,0.0,0
141.95662743768588,1.5950275913480707,6,0.007403022369708358,0.002134835281851965,1.0,13.279996067672752,2.1137669160016332,2,1,0.00629008051783414,0.0004988734640544644,0.0,99.0,0.0,0.0,0.0,0.0,0
124.93466950564097,6.961071008191426,2,0.001220283813308494,0.0021968776345617927,0.0,5.703219757601386,3.891277408087326,0,5,0.0047072432687069975,0.0007646852465718132,0.0,4.0,0.0,0.0,0.0,0.0,1
137.88523811582203,7.93416334963556,8,0.002985360471882703,0.0002092123747294705,0.0,34.11058458543059,7.9873207719719215,3,2,0.0025111501796238078,0.000709056555487413,0.0,4.0,0.0,0.0,0.0,0.0,1
55.75699973935092,1.3337882206367704,4,0.0016627300624443458,0.0024809972466726445,0.0,125.29567106462609,4.441503416068488,7,2,0.006606293919770529,0.00010989729385210725,0.0,2.0,0.0,0.0,3.0,0.0,1
146.22704851086905,4.276762635406316,4,0.0008345557266061206,0.0012327923594873313,0.0,20.6917042651443,4.587108077343455,1,2,0.001444569156211773,0.0007503163664820484,0.0,3.0,0.0,0.0,0.0,0.0,1
20.245677012285718,6.592358489707333,3,0.0014435454721331792,0.004260189171582673,0.0,75.54254515838339,4.371194896110462,8,3,0.005538255060408245,0.0010040522642156655,0.0,99.0,0.0,0.0,0.0,0.0,0
72.90685026754264,5.32473484792599,4,0.0010402545136700741,7.980234137362282e-07,0.0,43.77528544036865,4.8462964698019935,3,7,0.0015227910032427558,0.0014449353505489517,0.0,2.0,0.0,0.0,0.0,1.0,1
10.462024441300308,2.0755324503491024,5,0.0017398731172142247,0.0003345889853724291,0.0,87.24363213539522,5.142985678149784,5,4,0.0010109006953064666,0.0006958888345758502,0.0,4.0,0.0,0.0,0.0,0.0,0
41.39433527545503,2.195166046469752,9,0.011800691781340758,0.0023874660891153106,0.0,15.817751880072828,6.118155728473482,0,3,0.000661114155920515,0.000759439405775664,0.0,2.0,0.0,2.0,0.0,1.0,1
46.51476501033489,3.9883342058220093,2,0.010183600507347628,0.00010614299489722508,0.0,21.394493540237782,7.132298245447583,7,2,0.007496692150369501,0.002158062676820928,0.0,2.0,0.0,4.0,3.0,0.0,1
50.357362815093396,3.354272260405189,2,0.011360678731500824,0.00405382250240524,0.0,21.665842705175695,2.6272595839413544,4,1,0.0029758416836669676,0.0008722867659119265,0.0,99.0,0.0,0.0,0.0,0.0,0
105.11812016249154,3.540500717321473,1,0.005349894304280609,0.0007939983316392582,0.0,52.70625148410445,5.8906180321845,4,1,5.920078059395049e-05,0.0021474062273402175,0.0,2.0,0.0,2.0,1.0,0.0,1
49.35482741691252,1.93130319149067,6,0.0027693739359091582,0.0002851450458969538,0.0,25.51769096680262,8.066741667551794,3,3,0.0005537597542277206,0.0002525069882631742,1.0,2.0,0.0,2.0,2.0,0.0,1
57.63716684511428,4.415056018804828,5,0.00554666207492308,0.0007621416413757027,0.0,105.19025991318514,2.818782323803706,2,10,0.004707955038941978,0.00014367659238017052,0.0,1.0,1.0,2.0,0.0,1.0,1
31.696851898558233,10.445328341280215,1,0.008251463684499858,0.0009544887017853645,0.0,30.551784068533898,2.215981542761458,3,2,8.929555956978785e-05,0.0005462210100777072,0.0,3.0,0.0,0.0,0.0,0.0,1
47.3768320440541,2.121924359968672,5,0.0016494500673101056,0.001233053586813831,0.0,69.87897073155206,6.317959589116791,1,2,0.0033283447759628556,0.0004279762225676128,0.0,3.0,0.0,0.0,0.0,0.0,0
30.626007802643905,3.7977108188917077,4,0.006493607380416673,0.0017305488644979905,1.0,182.97260571332177,7.7231139123197865,2,3,0.0029275717307500216,0.0003849761290570852,0.0,2.0,0.0,3.0,0.0,1.0,1
16.081047060430976,6.167797423871089,1,0.00881455859328101,0.0006209565355525537,0.0,61.02509500130093,2.9921869937771786,5,2,0.0012940186582940188,0.0012200961806478911,1.0,3.0,0.0,0.0,0.0,0.0,1
83.9959676254765,1.7142704889784126,2,0.004772684390940662,0.0017116372030028448,0.0,21.636466985305898,7.0863640978252835,2,0,0.013173403839405757,0.0010760729227533602,0.0,2.0,0.0,0.0,2.0,0.0,1
98.26091800568551,4.4410775595355645,6,0.000274896938835253,0.00201129437521667,0.0,111.47880614635197,7.040686740418835,2,8,0.003584714012404982,0.0006001317895052888,1.0,2.0,0.0,4.0,1.0,0.0,1
87.29949841187346,7.792412892437145,6,0.009157378229467784,0.00015647306297380756,1.0,5.757310524045519,3.216032696134874,5,3,0.006453565182333431,0.0012310785659525553,0.0,2.0,0.0,1.0,0.0,0.0,1
59.814209201355794,2.369761849451931,3,0.009025193523457415,0.00013040039423325815,0.0,22.786189764856715,2.5176002739805083,0,3,0.0012486080027706273,0.00032895994338988664,0.0,99.0,0.0,0.0,0.0,0.0,0
48.21522758239199,4.696750139394801,5,0.028508949566632122,0.0002244818130371385,0.0,34.411448466935,2.675647833524178,3,4,0.003498057886888397,0.0005662648134486627,0.0,4.0,0.0,0.0,0.0,0.0,0
169.21701775158039,7.46232164697845,6,0.0077969983527943435,0.0006430164606531293,0.0,18.087783099067217,3.9392975630516753,1,3,0.017709852047875667,0.0006590611115737461,0.0,2.0,0.0,3.0,2.0,0.0,1
68.56464438412749,14.659172670461972,1,0.005397660471162862,0.0006125150944396433,0.0,60.58320542007326,2.390136373349366,2,2,0.0029695825064447808,1.6509430211273992e-05,0.0,3.0,0.0,0.0,0.0,0.0,1
62.188351321219955,4.556355989533437,6,0.008564623723118963,0.0008655542999332713,0.0,53.986807561870265,2.045487949811194,2,2,0.0007158608520264737,0.00023965104144207627,0.0,99.0,0.0,0.0,0.0,0.0,0
12.078124315361158,2.809485687261989,5,0.005354147064099614,0.00010101057957873953,0.0,36.30273698258581,2.5597739050123076,2,3,0.0016765020447143068,0.0004493253365475242,0.0,2.0,0.0,2.0,3.0,0.0,1
43.39263051286381,2.822940023955431,8,0.001436344918985412,0.000883305412977519,1.0,25.9206587493578,5.963463102699609,2,4,0.004776701809902224,0.0007858910064554255,1.0,99.0,0.0,0.0,0.0,0.0,0
48.268109191904415,1.87626458531724,7,0.009824363519564571,0.001027949886016187,0.0,39.139839993208945,3.427032363517687,2,1,0.013653641844550774,0.0005008346214035323,0.0,1.0,1.0,1.0,2.0,1.0,1
50.70924113583993,10.953223278245664,5,0.0034721204098026592,0.0015685902364222426,0.0,25.651103812767815,2.3194237085193494,1,3,0.0001353132095427436,0.00012375969336390815,0.0,3.0,0.0,0.0,0.0,0.0,1
79.43288438922166,7.196515770719304,3,0.0008744413213826723,0.0034300115239254796,0.0,20.004568069894113,3.994612254069306,4,2,0.002524918373570581,0.0003407202852886016,0.0,2.0,0.0,4.0,3.0,0.0,1
71.01736834822951,2.1948781361873433,1,0.0022129072356089985,0.00031155534820000234,0.0,30.964332646698548,4.309947919073923,3,4,0.002219881583178945,0.000642649302242937,0.0,1.0,1.0,3.0,0.0,0.0,1
84.90010866198558,2.7194765466295734,6,0.0014783314659890152,0.00036814261486337757,0.0,60.328808005802465,1.911640396215904,1,3,0.005824563433869823,0.002290744963940471,0.0,99.0,0.0,0.0,0.0,0.0,0
125.8138503029505,4.5122024982344735,3,0.006258683204089139,0.00262611363130291,0.0,67.71410652370471,1.1925171023415113,3,3,0.0008943149122360521,0.000808576996849951,0.0,2.0,0.0,2.0,0.0,0.0,1
144.12563211881317,7.757653983796134,1,0.010529914215726514,0.002411091522692421,0.0,26.17354022694083,1.4926489582253217,0,5,0.001127331335148491,0.0005515766239742162,0.0,3.0,0.0,0.0,0.0,0.0,1
111.30277950651127,5.8037154218470555,5,0.0023001507958866226,0.00022987842903440223,0.0,181.70010966788323,2.7704297197130994,1,2,0.002181307952718299,0.0015289254570225144,0.0,3.0,0.0,0.0,0.0,0.0,1
259.02389800033643,5.477209023605848,2,0.0056191817567541776,2.3239779371592114e-05,0.0,23.225372713608323,6.983429538645756,2,4,0.0004234065837669779,0.0005108606196424179,0.0,3.0,0.0,0.0,0.0,0.0,1
11.472067566616001,4.881578653602605,6,0.005123951943238239,0.00030543020843440616,1.0,79.71521719912263,8.169801407175537,2,1,0.005732149646355358,0.0017141828176086853,1.0,3.0,0.0,0.0,0.0,0.0,1
27.430392857001035,2.258599968184254,2,0.0011484056886411052,0.0011289186742289084,0.0,10.099499712606363,1.4187784619634298,2,4,0.020496090944400698,0.0009562755097038009,0.0,99.0,0.0,0.0,0.0,0.0,0
10.607329482513254,4.547101064145856,4,0.004603514441171038,0.0007040830179742006,0.0,70.58964879761945,4.62063313437473,3,2,0.002076006661103562,0.003549443102685957,0.0,99.0,0.0,0.0,0.0,0.0,0
93.41063411262013,4.2313838755008355,2,0.00249565399785814,0.000668709742945037,0.0,41.965474042191346,2.3208201185950412,1,2,0.0023019233820159575,0.00058301690081646,0.0,3.0,0.0,0.0,0.0,0.0,1
192.64656080531813,1.863316244747041,3,0.0020087827280210863,0.0010546497124280779,0.0,55.513846386726705,2.49038631413777,2,2,0.0059954196651392545,0.0011651918956846134,0.0,2.0,0.0,0.0,0.0,1.0,1
32.32234754222188,10.789556942277969,2,0.00440862939992229,0.0010974349685271563,0.0,17.20579829027202,2.9283283947965413,6,1,0.0006681938921414874,0.0016212924748438317,0.0,3.0,0.0,0.0,0.0,0.0,1
219.4215332978975,3.031258510413802,3,0.012609774398483847,0.0011101383459747782,1.0,39.1034674298068,2.673038208319833,4,3,0.0007780052330082717,0.00015087025487722859,1.0,4.0,0.0,0.0,0.0,0.0,0
14.97279215509765,1.8883560313359673,1,0.015867052622371657,0.00023278802234659576,1.0,92.21733742111762,2.4320677993654427,4,3,0.002572836690900246,0.0006169208780497284,1.0,3.0,0.0,0.0,0.0,0.0,1
227.97831384000943,3.329245227500383,5,0.006124293120741996,0.0003285606017565558,0.0,92.42485885941252,5.482579061897127,3,2,0.00427405417197562,0.00015603704754271205,0.0,2.0,0.0,3.0,0.0,0.0,1
44.662598344523076,3.711424611321881,1,0.00020838900098992235,0.0006139650288714135,0.0,21.273569898381268,3.497992440252154,3,4,0.004289832601054054,0.0002681241273468588,0.0,3.0,0.0,0.0,0.0,0.0,1
18.55523691135495,4.156753702286659,5,0.00030937936602733424,0.00134552095824754,0.0,31.087389068068244,2.937606056945888,3,5,0.00016123838796021947,0.00014547824827139053,0.0,99.0,0.0,0.0,0.0,0.0,0
63.22260391195293,3.6753424379857416,4,0.00034871994011107535,0.00021883004002944692,0.0,5.229250732076566,2.4520047692821563,4,3,0.011879038868492347,0.0015880498178986074,1.0,1.0,1.0,3.0,2.0,0.0,1
33.74068504625375,4.29662303569483,4,0.018213820658072286,0.00026508008464700593,0.0,10.65614682042596,5.862461487329517,2,3,0.0009371564932182338,0.0011508738205831355,0.0,1.0,1.0,2.0,7.0,1.0,1
36.823599407332956,4.734705394227029,2,0.0006177244850781912,0.00012153468196548811,0.0,13.130653786061622,2.1384086727080303,5,3,0.0013477056246118484,0.0027146956917431216,0.0,99.0,0.0,0.0,0.0,0.0,0
39.37150297290229,4.592355834443088,5,0.0021237351862298135,4.444557900422167e-06,1.0,25.858777444109958,2.1374579081762297,3,2,0.003262705855700104,0.000498424479475986,0.0,99.0,0.0,0.0,0.0,0.0,0
139.97464159723387,5.453357635922178,3,0.0022456223388690817,0.00014742889751274813,0.0,90.38135647390715,3.0527300501220793,3,1,0.0012992226688629254,0.0001252107790632273,0.0,2.0,0.0,2.0,2.0,0.0,1
71.97657105106083,5.647000509883678,5,0.014192421843801206,9.532572189414387e-05,0.0,47.83162952007766,6.130975459554162,6,7,0.005862411215594289,0.0025643933941438216,0.0,1.0,1.0,3.0,0.0,1.0,1
39.8368556602762,5.731027476539648,2,0.003645481237357105,0.0004231921297560959,0.0,99.3887129097726,7.744011489573534,2,4,0.004353457695390049,0.0012453088041593614,1.0,99.0,0.0,0.0,0.0,0.0,0
85.39718087636099,6.591912100202875,8,0.004399183499930493,6.55536453105796e-05,0.0,89.36673653173123,3.278458913937085,4,1,0.0007110025766582155,0.00015190136370573943,0.0,4.0,0.0,0.0,0.0,0.0,1
110.74493797184812,2.8462153736312423,7,0.0009509596555177616,0.0008521560157926781,0.0,58.0785433847894,2.2165725149223965,3,4,0.01885378792094773,0.0013862761142967514,0.0,3.0,0.0,0.0,0.0,0.0,1
35.464939376643684,2.9048325404162387,6,0.004229038155539973,0.000565149888758375,0.0,46.57205732193374,8.25891600951903,0,5,0.00707079829965087,0.0008653418761792244,0.0,4.0,0.0,0.0,0.0,0.0,0
52.69330671672817,7.778818820879357,9,0.010525789066169692,0.0006308024457200695,0.0,165.69858724579476,10.165942711578886,3,5,0.00023917495207133947,0.002221576702476283,0.0,3.0,0.0,0.0,0.0,0.0,1
20.398316761712042,3.3880768747137116,4,0.0008681253461153915,0.0008307995570182487,0.0,55.536461127615475,4.356855130891832,4,1,0.0033631660921044286,0.0012650485142279263,0.0,3.0,0.0,0.0,0.0,0.0,1
25.988285417771095,4.022616650697771,4,0.00031491848641732376,0.0014319929274184135,0.0,44.56232042760176,6.98765295493155,2,3,0.020349038800592384,0.002172851153921348,0.0,99.0,0.0,0.0,0.0,0.0,0
101.43469541009361,3.816788510102585,5,0.0021270644574155843,0.0013340299164145873,0.0,127.00883549037277,2.488490484114412,2,2,0.0015287847751761893,0.0006836573472713997,0.0,2.0,0.0,2.0,0.0,0.0,1
26.01652491869178,14.338740302343085,9,0.001063037142887508,0.0008205937703940436,0.0,9.44713374756745,2.2423328823427084,4,1,0.0008330314941762014,0.0006982594759976332,0.0,3.0,0.0,0.0,0.0,0.0,1
69.582759978568,2.5815756245498713,2,0.000756580153808893,0.0006348850351277543,0.0,69.03140808573566,3.696136414946846,4,3,0.0027562122554521075,1.7922291807903225e-05,0.0,4.0,0.0,0.0,0.0,0.0,1
108.76727995517484,2.5549267720388738,1,0.0033632023858003223,0.0006625259130942186,0.0,12.196461131469603,3.461584747219619,1,4,0.003737153203365706,0.0007589545470848965,0.0,2.0,0.0,1.0,0.0,0.0,1
19.042470681637635,4.305353162304449,3,0.0005191154249919401,0.0001255203232063278,0.0,107.82847775459433,8.643318168737705,4,5,0.008747174679129483,0.00020694357405944659,0.0,3.0,0.0,0.0,0.0,0.0,1
77.01910980545175,3.8801190520065902,5,0.009315791697084238,0.00014375953150679913,0.0,99.40550912012333,2.8964379492848593,4,3,0.005164236214376558,0.002124929691393933,0.0,2.0,0.0,2.0,3.0,0.0,1
33.71767680739873,2.1839312176795436,4,0.0008092580922751867,0.0019012138375697097,0.0,47.022397679300255,3.2617641000923223,2,4,0.008995825965733902,0.0013681721541683048,0.0,1.0,1.0,1.0,1.0,0.0,1
273.5890377446341,4.1014946919201165,3,0.0002421770858442402,0.00020802903468088033,0.0,69.91312497950176,5.072784634390483,1,4,0.0005291017473992185,0.000577011643689171,0.0,1.0,1.0,4.0,4.0,0.0,1
62.86146970614457,4.374881876880929,4,0.0014669293283296053,0.00011155752017143418,0.0,93.86840543217929,4.860365079968416,5,4,6.746781846551046e-05,0.004807103022725644,0.0,1.0,1.0,0.0,3.0,0.0,1
141.18869739482872,3.1948501729972043,1,0.01065983752635183,0.00023381095488980583,0.0,44.61802001528529,1.8548694399429446,3,2,0.007328640465345345,0.0006222508522596429,0.0,3.0,0.0,0.0,0.0,0.0,1
73.9208999994889,3.9593766370403625,2,0.01135764452712811,0.0004558783979892575,0.0,146.8407722759539,5.931321962276643,5,6,0.0066257346532913475,0.00020876832203076237,0.0,1.0,1.0,4.0,2.0,1.0,1
13.55064394238929,2.720711109780181,2,0.0033503382795758273,0.0006072835758464209,0.0,39.471737280575994,2.431687684414211,3,1,0.0069317452536726476,0.0006126988829065576,0.0,3.0,0.0,0.0,0.0,0.0,0
90.22447868594818,2.1866736719794244,5,0.00030860332051286095,0.00010888887242676061,0.0,138.54995284477116,7.667296865922607,1,3,0.00042686834145615595,0.0014554536120246961,0.0,4.0,0.0,0.0,0.0,0.0,0
251.93604160997862,3.37329167558008,3,0.0008362638441862171,0.0014197808924800385,0.0,57.44332722476027,4.192695422633129,2,2,0.0032285982861477366,0.0005411790755625918,0.0,3.0,0.0,0.0,0.0,0.0,1
83.62627382030597,2.3675018765711027,10,0.001323691246070554,0.0021269809324482177,1.0,38.33298663595481,3.5242619241601245,1,3,0.0017015539171102115,0.0008168756601864606,0.0,4.0,0.0,0.0,0.0,0.0,1
146.82417717661832,1.9755475130491664,4,0.010523611753678754,0.002179555015111862,0.0,5.246357132556406,8.901782651233242,3,2,0.007976622999456836,0.00012774196094413845,0.0,2.0,0.0,3.0,1.0,1.0,1
182.47572241232265,1.4729043424654333,4,0.003086235642449356,0.00047663847131739303,0.0,26.020779621639527,2.046358144646016,3,3,0.0009717730095021745,0.001171262581601118,0.0,4.0,0.0,0.0,0.0,0.0,1
30.70992526692002,4.930383684937544,4,0.0033268436108865535,0.00033430853905879,0.0,126.46152669229882,1.7959768037522443,7,2,0.0030173791725312126,0.0008231898188694116,0.0,4.0,0.0,0.0,0.0,0.0,1
29.06512753441246,3.308638735057604,4,0.008662827775683698,0.0032075160791692793,0.0,38.59179196403492,6.988967291084413,1,5,0.0029810816743951643,0.0004188996759451099,0.0,2.0,0.0,5.0,3.0,0.0,1
85.53016517676242,7.806000816971946,4,0.003148933065429172,0.001209160801928698,0.0,37.83573977808322,6.225499454958824,3,2,0.0035981875826668268,0.0012840956550220382,1.0,99.0,0.0,0.0,0.0,0.0,0
52.35019458668618,3.468598580782712,4,0.002055479234912322,1.468755115258126e-05,0.0,45.33138158313183,9.46760304801137,2,4,0.012386416416806852,0.0012096053018808674,0.0,99.0,0.0,0.0,0.0,0.0,0
156.5371985735139,4.91642221266283,6,0.006437148004710257,0.0001778994402246628,0.0,25.237893307079894,6.550844144474847,1,3,0.005205180932133999,0.0011228203355869305,0.0,4.0,0.0,0.0,0.0,0.0,0
194.22530829702848,2.9471560255327236,1,0.004712136264452249,0.000728111506323363,0.0,45.583453643510204,3.9629406605501027,2,1,0.011680037544560066,0.00074048182376203,0.0,99.0,0.0,0.0,0.0,0.0,0
44.88483827388117,4.227848758120694,5,0.0008475876609410571,0.0014320341980789218,0.0,33.27352169365663,2.476446316600736,2,5,0.004889310644509905,0.00033936282293432757,0.0,1.0,1.0,3.0,2.0,0.0,1
31.626209168675445,1.4774457243056385,2,0.0015487027458387977,0.000749721298980911,0.0,149.10623641836727,4.837790511330097,4,2,0.015175150178283935,0.0017130599466894112,0.0,1.0,1.0,3.0,0.0,1.0,1
131.32154366339591,3.344529346530891,6,0.00598298485614874,0.00013793379458701868,0.0,54.80220954111287,2.810957758506439,4,1,0.007676913482514657,0.00018271609410780632,0.0,99.0,0.0,0.0,0.0,0.0,0
35.70528981873326,2.5906879993567276,6,0.011107055417701213,0.0002562305727731874,0.0,112.80064142562719,1.6229372144232164,3,5,0.00219574355391921,0.00017827817017353125,0.0,1.0,1.0,1.0,3.0,0.0,1
148.3543140415228,7.340165429141529,2,0.005495333114656576,0.0007980487970009885,0.0,74.66899512609362,2.2217093529517653,4,2,0.009724599393080296,0.002305992060049957,0.0,3.0,0.0,0.0,0.0,0.0,1
54.09546406043282,4.734310262902738,5,0.006758068857727651,0.0018903919499894798,0.0,19.341361414310295,2.3794231105898587,4,3,0.0019419246036048788,0.00046959156532339926,0.0,2.0,0.0,2.0,1.0,0.0,1
98.10124025642962,6.745710449837848,4,0.0026483476630054627,0.00017208557147243062,0.0,126.34539799088128,4.552643466142575,1,2,0.0004070445159547985,0.004724046041785476,0.0,2.0,0.0,2.0,1.0,0.0,1
18.032961383290065,8.314369711062799,2,0.00017158052230964232,0.0006662291716304362,0.0,10.47896264732353,1.5745314077520194,1,2,0.00040040568676341355,2.519915759014362e-06,0.0,2.0,0.0,2.0,2.0,0.0,1
88.22336552522994,3.1901700765945393,5,0.007894747158869463,0.00029176401964738633,0.0,40.721806722648935,1.6895917895715549,3,1,0.01111161377199395,0.0005918999130032211,0.0,1.0,1.0,1.0,1.0,0.0,1
58.0844910370228,4.617772417169057,4,0.002141627174767061,0.0019468752488897697,0.0,21.399570831443764,2.6245254365467736,3,4,0.0055677057000931805,0.004044379452457969,0.0,3.0,0.0,0.0,0.0,0.0,1
80.66880832532838,2.2521042611525917,4,0.004657353982032302,0.00012730206159369868,0.0,51.27371371570707,2.2792235451806877,4,3,0.017123024991069696,0.00039181055360407884,0.0,1.0,1.0,3.0,0.0,1.0,1
24.715193193852635,5.353139802463542,4,0.0005326583592702066,0.0007238223012836163,0.0,26.404746453525124,3.9757743420157667,2,1,0.0021477593769112795,0.00027905642914265475,0.0,2.0,0.0,3.0,2.0,1.0,1
116.80970437988262,5.812294762738989,4,0.0012750528469891952,0.0006472337958399587,0.0,81.98664478406856,2.869822952228035,4,2,0.0077391965603220945,0.0009429418295633454,1.0,4.0,0.0,0.0,0.0,0.0,1
168.90354105695022,5.142454745114575,4,0.0002623547744270282,0.0006103728491378813,0.0,170.79985559837675,2.966103046671997,4,4,0.0041133410358186245,0.0009065177532092935,0.0,3.0,0.0,0.0,0.0,0.0,1
29.54322613508315,3.1881364143946684,3,0.0017635071764287053,5.6119608152526286e-05,0.0,79.08447578676115,5.449866741207413,6,4,0.0020423073270735928,0.0016937192971724264,0.0,3.0,0.0,0.0,0.0,0.0,1
18.048816901024075,11.39142356820442,3,0.0002033240919154756,0.0002612170175854128,0.0,31.33917600767273,5.969257311175015,3,1,0.002617512529212933,0.008463718259695073,1.0,3.0,0.0,0.0,0.0,0.0,1
11.913796794525918,4.368182773271728,4,0.0037748339817857053,0.0009354832864212905,0.0,59.98793907899319,2.419482963221061,3,7,0.010642235005444865,0.0009734711741922023,0.0,1.0,1.0,2.0,0.0,1.0,1
92.17141504396699,2.259086458467867,3,0.0002034208431783899,0.003336484582378449,0.0,136.6378833574368,4.595826908341879,3,4,0.0015662600388974331,0.0012035623805045515,0.0,2.0,0.0,1.0,1.0,0.0,1
84.73479786591344,6.135653698232358,4,0.0016396741343662068,0.0016746506088270328,0.0,23.884978142899357,2.1385584649298437,3,0,0.004999223105768383,0.00023870170828193613,0.0,2.0,0.0,1.0,1.0,0.0,1
73.29563307068526,7.4688957661301725,2,0.013101508252810154,0.0006735308753559441,0.0,12.547724501702,5.3492830125687565,4,7,0.001674719270417079,0.000570534904863417,0.0,1.0,1.0,3.0,1.0,0.0,1
31.111733035303107,2.282568146655434,6,0.010441817765728629,6.497990039369396e-06,0.0,13.4084360575948,1.9971952109969546,1,4,0.0007552279357967265,0.001654715481943199,0.0,3.0,0.0,0.0,0.0,0.0,1
49.66261320521642,3.7129444014044775,3,0.004356684559834776,0.0015653695599104251,0.0,45.97434940591987,6.264777920469682,4,4,0.0006527668333611779,0.0009004451130674124,1.0,3.0,0.0,0.0,0.0,0.0,1
82.20608380314576,1.870083826480018,3,0.00045514448288612696,0.0004974750506860335,0.0,84.03661188925274,1.3210283634694098,4,3,0.00029945568292950327,0.0007773768733734546,1.0,2.0,0.0,2.0,3.0,1.0,1
64.93613719935327,8.502287738750592,1,0.003123565984372082,0.0018761769324583525,0.0,69.2465929363386,2.0594224113120054,4,7,0.011743414273503259,0.00015044515123790406,1.0,1.0,1.0,2.0,2.0,0.0,1
362.4106530705061,4.076858508826029,2,0.0025204329557653934,0.002242464940030984,0.0,41.29603661891777,2.600425658562377,2,3,0.010623177152161685,0.0006574949711270668,0.0,1.0,1.0,3.0,1.0,0.0,1
21.735329009226184,2.5970059183399243,4,0.0029492524414002556,0.0019075378007305734,0.0,83.40421055422655,2.9084429431948853,4,5,0.00031018395307494243,0.0006281555255996055,0.0,99.0,0.0,0.0,0.0,0.0,0
105.03340499363709,7.525804231967211,3,0.0035099058357888086,0.0014893472595098474,0.0,65.30239171419959,1.8479294453132762,1,6,0.005550320384813453,0.00015211662809879264,0.0,99.0,0.0,0.0,0.0,0.0,0
51.44396806483195,4.299098786252802,6,0.002642790290886477,0.002725527271167345,1.0,64.36891567617636,2.4944639052337,1,2,0.0011728407809090497,0.00024177081206390745,0.0,99.0,0.0,0.0,0.0,0.0,0
54.71722605213726,6.928091367048177,4,0.003956365633575717,0.0007468541247303756,1.0,18.567108116817664,3.0758856342636425,3,6,0.0004344089881131992,0.0013020707700620495,0.0,3.0,0.0,0.0,0.0,0.0,1
111.15382891352424,5.551969650882936,3,0.014181354276571462,0.00044556594139322887,0.0,27.488888836095214,1.333231498233761,6,4,0.0120538503156813,0.0012507241275512252,0.0,99.0,0.0,0.0,0.0,0.0,0
104.32580602558517,2.4098305146167966,1,0.013849742376442454,6.456021290658653e-05,0.0,30.334492199520998,4.113510192016639,6,5,0.0073796258395328225,0.00022398897462339056,0.0,2.0,0.0,2.0,3.0,0.0,1
389.1509446291496,3.1271529978202275,5,0.0004450342123274063,0.0003398379752333784,0.0,104.0752360138262,4.158255315413662,2,1,0.001424117547977391,0.00012460659750979572,0.0,1.0,1.0,3.0,4.0,1.0,1
20.993449930926648,2.636454150090305,4,0.00510874725381432,0.0010957681087938335,0.0,94.52876410098251,6.189572653796234,0,2,0.0015945895778151317,0.0008342456069536097,1.0,2.0,0.0,3.0,3.0,0.0,1
18.794980003252434,2.1792088371731015,3,0.0022218752073934153,0.001812706852952328,0.0,22.475126841601586,12.211621677605692,3,1,0.0004084537632775695,9.001301771410741e-06,0.0,1.0,1.0,0.0,1.0,1.0,1
113.08662125388338,1.650067714112612,3,0.006695434085234051,0.0019191131326638294,0.0,8.403890078497193,2.051908956223194,2,3,0.0003181264309981196,0.0024819460193035896,0.0,3.0,0.0,0.0,0.0,0.0,1
79.09338003743844,12.757637001333345,3,0.002534510702864139,0.0004578361176555344,0.0,92.60518906137038,6.869068775843371,2,0,0.0010944727088461152,0.0015597695729488669,0.0,2.0,0.0,3.0,0.0,0.0,1
35.63412739600209,5.087357986563627,4,0.008841942755337923,0.0002002972643465472,0.0,36.64435713189751,1.7088294092582874,3,3,0.0001918244213472748,0.0016579636952563804,1.0,2.0,0.0,3.0,1.0,0.0,1
16.6200549878238,5.531582774129007,5,0.003245174980926311,0.0025090919860898237,0.0,19.89254262106448,2.9607046141467395,5,3,0.0024058650057823955,0.0013728343941745897,0.0,99.0,0.0,0.0,0.0,0.0,0
17.164069685112636,8.023009669427971,6,0.001153433394438628,0.003309724255622843,0.0,12.466951071813735,4.238547875494325,2,4,0.0018189774516151084,0.0015811550572801692,0.0,99.0,0.0,0.0,0.0,0.0,0
189.68948099724713,3.1093438720267077,6,0.0029468477309629085,0.00012782948297984818,0.0,5.7738479893186865,4.221382443425458,2,2,0.007750810221316447,0.0007950590611156831,0.0,3.0,0.0,0.0,0.0,0.0,1
27.042322548797124,1.9370556141939934,3,0.03231807304749664,0.00026014291707061014,1.0,38.488623971877736,6.0218817625867125,2,4,0.008610556730821589,0.0021886853779301374,0.0,2.0,0.0,0.0,0.0,0.0,1
41.25063943580646,6.574415687357072,2,0.008715455220961251,0.002355741955126417,0.0,29.90945905925289,2.769551087156857,2,3,0.018565491390203564,0.000431371473982181,0.0,2.0,0.0,2.0,0.0,0.0,1
30.562546407650665,2.0961362028641553,1,0.004645236804456184,4.8148692548905485e-05,0.0,76.53651938573175,3.6647417201311807,4,3,0.0009359752877321896,0.00013503390012436576,0.0,99.0,0.0,0.0,0.0,0.0,0
45.07993878483366,6.48318486580604,6,0.0020639738476500506,0.0007886094582187725,1.0,230.46916524478638,3.859522809226564,4,5,0.0018727752698770958,0.0009295563728267875,0.0,1.0,1.0,2.0,1.0,0.0,1
15.756108858530386,1.7956621165422617,5,0.01104339270980955,0.0031640518533496763,0.0,18.899478250822774,7.55854857968753,4,1,0.0018663458112732952,4.586084722504954e-05,0.0,1.0,1.0,2.0,0.0,0.0,1
68.56098576204278,2.02039891091877,3,3.504512133443725e-05,0.00027565180904036624,0.0,21.706386095692977,3.4271639656328,3,6,0.0029110684541140096,0.0010154670425776848,0.0,99.0,0.0,0.0,0.0,0.0,0
15.60054771019531,2.9369412080050576,6,0.011828497020842994,0.0019561072165331086,0.0,29.68620609969713,2.718703372488357,2,6,0.005623463502693246,0.00022888003159758546,0.0,3.0,0.0,0.0,0.0,0.0,1
138.89776337274017,6.340997756984984,4,0.0023725665169352333,0.0005707246239881921,0.0,42.6345594939895,5.534933319004161,0,7,0.009615698618435127,6.339023330441333e-05,0.0,99.0,0.0,0.0,0.0,0.0,0
31.295784614736483,10.503402240010518,3,0.0039764306957534076,0.0005903605606635505,0.0,76.77986368572687,3.4163089375503484,1,3,0.0032010284165251927,0.0003578882651432573,0.0,3.0,0.0,0.0,0.0,0.0,1
72.12437529188757,5.526393118214812,6,0.0047613180351925195,0.0020126420183551952,0.0,31.03479371754345,6.153242677991877,2,0,0.0003965270595674386,0.003473735602136316,1.0,1.0,1.0,3.0,1.0,0.0,1
179.67382531917934,3.0022535440810905,1,0.0032350839808183564,9.059010500646125e-05,0.0,11.602322680315453,6.14687136904837,3,4,0.0015986538321487703,0.0033386570421745825,0.0,4.0,0.0,0.0,0.0,0.0,1
94.18656323282113,7.279896079714718,3,0.011808077196877096,7.862564957563062e-05,0.0,83.63596665924719,1.4306129193408372,2,4,0.007290972541199258,0.000890151515257911,0.0,1.0,1.0,2.0,1.0,1.0,1
70.90685060597853,1.770430063249207,3,0.0016070675424820686,0.0001924988773306572,0.0,99.97993481337934,11.52323873942198,4,1,0.002167257025589855,0.0006352184104925995,1.0,1.0,1.0,0.0,0.0,1.0,1
41.364483398731686,2.480176209817814,5,0.009211067334337393,0.00032796043586201155,0.0,22.07311104971059,1.7656553496120035,6,3,0.0013516341072757122,0.00034564189205224283,0.0,3.0,0.0,0.0,0.0,0.0,1
42.39744809790774,4.543041525376681,2,0.004487146832629829,1.9647385199232093e-05,0.0,13.823490534217282,3.832283991359519,5,5,0.00044177394987825517,0.0011501724562138851,0.0,2.0,0.0,1.0,1.0,1.0,1
98.56873204557888,6.701556539486398,6,0.016128441187417488,0.00020501413551267104,1.0,50.021292864280696,2.443108216880965,1,5,0.00041063295865607295,4.746198486785485e-05,0.0,2.0,0.0,1.0,1.0,0.0,1
421.15973397658433,3.8230609128660253,7,0.0006405838187869719,0.00020492007257069024,0.0,19.01544862795223,2.3583809540517326,2,4,0.0030640254487747966,0.0013834082127126132,0.0,3.0,0.0,0.0,0.0,0.0,1
96.7386981572185,3.5894473928109636,4,0.0008760257569651242,0.000494839684268564,0.0,33.119961056300134,1.9753802981167699,4,2,0.012158514584354926,0.0006522450316867059,0.0,4.0,0.0,0.0,0.0,0.0,1
75.2764408774385,3.712145740314659,3,0.001064926970170444,0.0054309311807536195,0.0,95.1322785233855,5.701969760353258,1,2,0.002379210797477374,0.004661881880923451,0.0,2.0,0.0,2.0,2.0,1.0,1
114.9396419354249,7.980684111608587,4,0.007242832936572054,0.00016982337010645844,0.0,19.877461722169098,2.82540356058041,2,3,0.011783561244867234,0.0011460888601706476,0.0,4.0,0.0,0.0,0.0,0.0,1
60.06983423859271,2.7326186025236847,2,0.008424533253513984,0.0019981388079515026,0.0,103.47406467280905,6.717263611026667,2,2,0.00863097664849667,0.0008109055296230437,0.0,2.0,0.0,0.0,1.0,1.0,1
14.962147478657403,2.391062396452826,6,0.0028677086461898274,0.0025244440052280917,0.0,72.25515270890463,2.775130778458482,1,4,0.008384703530196536,0.0012915159192678257,0.0,2.0,0.0,2.0,2.0,1.0,1
76.09714081151688,3.678285298301664,1,0.005296533088365462,0.00011589910365814135,0.0,19.886597857920428,2.7452487853528216,8,3,0.00039577689203168926,0.00041152145288191814,0.0,3.0,0.0,0.0,0.0,0.0,1
262.8962741836268,8.641257553870666,3,0.0007958403965125426,0.0036561134567601773,0.0,49.84411463036967,2.0968192520691016,0,3,0.007751874580710564,0.0014928828265329639,0.0,2.0,0.0,2.0,2.0,0.0,1
25.419133035256284,2.9090138472039757,3,0.0012513059454773486,0.003168286070249141,0.0,62.12607493268216,3.207119806568553,2,3,0.002236259829938167,7.015456071473803e-05,1.0,2.0,0.0,2.0,0.0,0.0,1
103.69590067746063,3.705380075687547,4,0.00990374947412373,0.0006754867883169429,0.0,18.40931948742616,1.3277160925341698,3,5,0.001366846777686617,0.001191788606741142,0.0,3.0,0.0,0.0,0.0,0.0,1
27.944907499380637,1.757009127300462,5,0.01008409760821036,0.0009613711773651555,0.0,14.395673326480173,6.57838007570351,2,1,0.022919990002299287,0.0027585781883168858,0.0,99.0,0.0,0.0,0.0,0.0,0
71.39995408211573,3.7957153634953027,2,0.005285975063390244,7.545630387909613e-05,1.0,50.45063862782457,4.248325617262211,3,0,0.004727105478474502,0.0007164179446880202,1.0,3.0,0.0,0.0,0.0,0.0,1
18.13395869618887,4.943717116143081,9,0.007782486581274471,0.0004801813994424063,0.0,76.01907480687262,3.4786008968160225,4,4,0.007039098183158964,0.001004824547063236,0.0,1.0,1.0,3.0,1.0,1.0,1
57.880932627670454,2.0977769333774092,6,0.009155303854090774,0.0005842701193176992,0.0,42.53703280376879,1.3617148569685524,1,3,0.010565237341010322,0.0001829199545445487,0.0,4.0,0.0,0.0,0.0,0.0,0
122.90053268339653,7.989503733305293,8,0.006087471138277535,0.0005329310296931994,0.0,9.356773786873422,2.1734196984484537,1,4,0.002898401555062009,0.00013458253573824183,0.0,3.0,0.0,0.0,0.0,0.0,1
44.16430091883633,4.906352037804412,2,0.004903814287832898,4.265529291729331e-06,0.0,160.58643704347074,1.2371715673761532,3,2,0.0064126259828179225,0.0017217384090987581,0.0,2.0,0.0,3.0,1.0,1.0,1
97.46890183008708,3.167240725249184,11,0.000915660721590052,0.002348800473793662,0.0,76.23981299069108,1.8425457710475763,4,6,0.0029519346015033643,8.344579393683362e-05,0.0,3.0,0.0,0.0,0.0,0.0,1
136.95541143330803,4.927914624927798,9,0.005435038238528467,0.001023154557956155,0.0,63.24422675056723,3.282580783474371,3,0,0.0052465081637030056,0.002931562035931954,0.0,1.0,1.0,2.0,2.0,1.0,1
219.57877541633673,5.71825910749934,4,0.001164138495749288,0.0017706310812663354,0.0,66.90664263854316,4.379704285167192,1,2,0.001956009874111188,0.0013652652063504125,1.0,4.0,0.0,0.0,0.0,0.0,1
31.39293501724445,1.5514236059987434,5,0.005140021042119278,0.001052305791081826,0.0,35.510259295235215,2.1571387878052857,5,2,0.0012674102319673393,0.00030185733648736336,0.0,4.0,0.0,0.0,0.0,0.0,1
50.774890633162784,5.0394764736732975,5,0.008013930413270715,0.00178528395280779,0.0,254.63098232241651,2.014495970316509,2,7,0.004086884624427931,9.669699264133236e-05,0.0,1.0,1.0,2.0,1.0,0.0,1
23.229227625792223,8.46127613106075,11,0.007019385796775322,0.00023925533035283662,0.0,13.540782356967108,5.104535619848681,2,4,0.009757337247949922,0.0006922083443529595,0.0,99.0,0.0,0.0,0.0,0.0,0
401.2523969638444,2.7113902402101733,4,0.0001280310606309933,0.0007620538706088034,0.0,85.62660167599584,3.583624716887491,1,2,0.003030341969804286,0.00014650720287680806,0.0,1.0,1.0,1.0,1.0,1.0,1
219.38472777268578,3.2058272004694714,2,0.001957968067247942,0.001526270913980086,0.0,37.77431560286745,5.459871850226472,1,3,0.0021071608075436048,0.00032916736965167835,0.0,3.0,0.0,0.0,0.0,0.0,1
72.11484790392981,3.5148594215085276,6,0.008356026286580777,0.002301000030774747,0.0,132.766354071615,7.430352293283589,4,1,0.003911617906768448,0.0005775077310878668,0.0,2.0,0.0,2.0,0.0,0.0,1
157.62967936495772,6.7459035099252596,4,0.0031360900274889853,0.00040186564850368787,0.0,80.79392229365304,4.04082473274585,5,3,0.004468916951713665,0.0013085260814375383,1.0,4.0,0.0,0.0,0.0,0.0,1
68.87735642386289,2.2855690732430167,3,0.011686856550221274,0.001092018878721879,0.0,54.56674321350582,2.583922624937273,3,3,0.0029213232592941725,0.00016237190950988043,0.0,1.0,1.0,2.0,2.0,0.0,1
88.16518788973846,5.5644548293249585,2,0.00403704147504982,0.0018161063286446896,0.0,171.54150089922132,2.9832071741678674,4,0,0.006508617743180484,0.0007611636429111444,1.0,1.0,1.0,2.0,2.0,0.0,1
17.467918363441743,3.5529186663554597,2,0.008201445506571136,0.00012435067355042134,0.0,151.12816348899688,3.165225005892524,1,3,0.010021041497009983,0.00116108472264689,0.0,2.0,0.0,4.0,1.0,1.0,1
122.6081148124591,10.797479157012988,1,0.0032310421188616574,0.0008828724103568877,0.0,8.225189312626613,2.941795075687098,1,1,0.004460874387405964,0.0008833997091384008,0.0,4.0,0.0,0.0,0.0,0.0,0
20.93098681831257,3.672950336239714,3,0.007022012669802307,0.002244453265996675,0.0,17.835275962398768,4.275131721683106,6,3,0.007696525527965,0.0001657501265858171,1.0,3.0,0.0,0.0,0.0,0.0,1
149.92709879482715,1.2680698427532089,2,0.011750607964180464,0.00101097040683597,0.0,72.62933324581469,3.5331157837662106,7,2,0.003146009344853023,0.002274333322204132,0.0,99.0,0.0,0.0,0.0,0.0,0
131.87112536149323,6.182492608358549,2,0.0023155207148863946,0.0003347117399583842,0.0,157.9393960303749,2.04728871879989,2,2,0.00032048943586336604,0.0007701773581014079,0.0,3.0,0.0,0.0,0.0,0.0,1
108.68440552748872,5.39977107278339,7,0.008014042578077736,0.0004132398855925871,0.0,38.76188225761383,1.7307977393069645,10,2,0.004587469339902584,0.0005572117458695584,0.0,2.0,0.0,2.0,2.0,1.0,1
12.946429444124249,4.784987292899979,5,0.0030689096377761495,0.00022074373365085447,0.0,7.343490892225063,3.27020539417278,7,3,0.027394586910015215,0.00020892747176963342,0.0,2.0,0.0,1.0,1.0,1.0,1
38.89232320412401,8.324924375230514,5,0.0004667551840977776,0.001102244000272816,1.0,66.8511503039443,1.182123731883828,2,2,0.0014945748369683911,0.0002992078402300317,0.0,1.0,1.0,1.0,0.0,1.0,1
34.4256111343302,1.6457272139488892,6,0.005010498194003266,0.0005090123176673514,0.0,17.991455229970285,6.240160219122668,3,4,0.001703041266152631,0.002092024790889733,1.0,1.0,1.0,3.0,2.0,0.0,1
45.72002096156136,2.5001999129608183,2,0.007045635628076432,0.002799730035648965,1.0,53.22082755731152,2.392763544132311,1,4,0.007672732804779928,0.002132686784875185,0.0,3.0,0.0,0.0,0.0,0.0,1
17.33789124579021,4.215308436865582,7,0.0005919199594132374,0.0003446596364132761,0.0,34.137087027774186,8.179371123410888,1,5,0.00618671194640766,0.0007833826023033527,1.0,99.0,0.0,0.0,0.0,0.0,0
231.11610407136592,4.636706787713438,3,0.00445265803549169,0.0008018887365097163,0.0,53.99039439287934,6.9092879486903875,2,5,0.000293198077453316,0.00035216727171849457,0.0,1.0,1.0,2.0,2.0,0.0,1
74.55944150105452,3.8658662534807906,0,0.0022555956363573136,0.0003266388587511348,0.0,166.6810826289913,7.00732068530818,5,2,0.0019451911150562,0.0005602962874262104,0.0,4.0,0.0,0.0,0.0,0.0,1
39.16784975580818,1.7691783952965916,9,0.0014446931308605268,0.0031401842019467205,0.0,44.908647945556574,2.621908383228897,4,4,0.0032094100309072015,0.0013124854339646788,0.0,2.0,0.0,0.0,0.0,1.0,1
50.46459448852793,3.2236700820014725,4,0.007829835816150347,0.001387785387631085,0.0,7.10834187709146,1.782308439992164,3,3,0.0038910503728711815,0.0036247858447427794,0.0,1.0,1.0,4.0,2.0,0.0,1
57.42108817941042,10.349292293353546,4,0.0016789814347495842,0.0005541549215642574,0.0,57.181318484642674,4.20010940559939,0,3,0.0013592758621247976,0.0026873987042606686,0.0,1.0,1.0,1.0,0.0,1.0,1
83.42221361766336,2.228452329113922,4,0.0050866463933918376,0.0038427240126921477,0.0,28.64886125935155,4.783035520435815,2,4,0.008164576273119109,0.0025061890743212217,0.0,3.0,0.0,0.0,0.0,0.0,1
68.00066016363516,4.161143256478983,2,0.00039714501275469244,0.0009244171727310727,0.0,95.34114014806127,1.743573277365901,2,3,0.00010916681736251745,0.0028355478217903375,0.0,1.0,1.0,7.0,1.0,1.0,1
211.45256372141174,5.576619361043821,2,0.0018410754789186573,0.0007601307471285794,0.0,43.08459919005932,11.856550032950334,4,3,0.00021400593669977598,0.0001453498793298724,1.0,99.0,0.0,0.0,0.0,0.0,0
64.96740103366317,6.631133887580835,4,9.844668130207695e-06,0.004019643818969496,0.0,86.14157977655464,2.062390768636826,3,2,0.00024281425699542293,0.002396092681304184,0.0,2.0,0.0,1.0,1.0,0.0,1
397.8610612288188,6.165064001858418,10,0.0026618283069723687,0.0003487758542227988,0.0,148.69583723343797,2.5948703252157066,5,0,0.00310086007028358,0.0029207246647990318,0.0,1.0,1.0,2.0,2.0,1.0,1
162.53320906626243,3.0918357195626047,5,0.001531684075042604,0.00543796688038012,1.0,31.990792477037974,4.995952203234265,5,3,0.00010780214944358966,0.0009616636061492242,1.0,4.0,0.0,0.0,0.0,0.0,1
28.70709470715455,2.494412103693427,1,0.0030375021159653225,0.0010512157820270192,0.0,277.68918254694154,4.7234028968779675,6,3,0.005469295799291989,2.7879864595412512e-05,0.0,1.0,1.0,0.0,3.0,1.0,1
223.42395684710834,10.848774383097522,4,0.0038474741641585744,0.0002218648014512449,0.0,14.737927760661746,2.913377799509268,4,1,0.0013317865395465515,0.0008072276889524666,1.0,99.0,0.0,0.0,0.0,0.0,0
19.897022360795436,7.015399886647283,3,0.0035987911973747,0.0023392516462035964,0.0,66.95795970482374,2.8386507184886867,1,2,8.493869632413115e-05,0.0002869910188195663,0.0,1.0,1.0,1.0,1.0,0.0,1
146.05836592085805,4.393584510825641,7,0.0016594047971982006,0.002342731375585379,0.0,7.123182851977485,2.781410470904366,3,5,0.0013530712857360433,0.0023422680025333097,0.0,99.0,0.0,0.0,0.0,0.0,0
48.32332949336777,9.17995918505293,4,0.005371781994154904,0.00041418192603109795,1.0,19.37594213055019,6.211377956659272,9,1,0.007842981347702912,0.0008277893795581613,0.0,3.0,0.0,0.0,0.0,0.0,1
178.28190145945888,1.9427815709280534,3,0.001991478733974961,0.0030558117394707124,0.0,65.271031226514,4.087108373711913,2,5,0.00758613478196427,0.0016006784152466334,0.0,4.0,0.0,0.0,0.0,0.0,1
172.03063353245014,1.2794235244090348,3,0.010527694355129411,0.0006432351780362737,0.0,7.8375567559337815,2.329665131577368,3,1,0.00980861135288022,0.0013026581575472887,0.0,1.0,1.0,4.0,0.0,1.0,1
141.1610126685958,4.606028737673753,3,0.006744841635649635,0.0008609952404538212,0.0,11.44088839972362,3.3254379738048208,1,1,0.00037242702074731775,0.004181372617452938,0.0,1.0,1.0,3.0,2.0,1.0,1
134.86341548514088,4.733992272115373,2,0.0028211164912182313,0.0002928087791495177,0.0,25.634881761475363,5.595867798926026,4,5,0.004730857680991738,0.0009349400925873721,0.0,1.0,1.0,1.0,1.0,1.0,1
39.07054956734294,1.8561840123370654,1,0.0023085760526008734,0.00017214591877979277,0.0,56.42998270311834,2.604377174268048,2,3,0.005422685481208956,0.0005285684425540882,0.0,1.0,1.0,0.0,2.0,0.0,1
16.750506336059956,6.8668345320882525,4,0.00041467937415570733,0.0012892580621164983,1.0,5.966699229560005,4.442574669303113,5,1,0.009527403119950088,0.0002983194718395054,0.0,2.0,0.0,3.0,1.0,0.0,1
51.26439717938397,1.4455361556250992,4,0.002959823383295644,0.0004953841155081935,0.0,44.507849937400096,2.5609380468657816,2,6,0.0011230262789480546,0.00039591392220124144,0.0,99.0,0.0,0.0,0.0,0.0,0
25.246801869332604,5.204017757010957,5,0.00011844645943542349,0.0006164198009262285,0.0,63.968873144120366,1.8443070226788936,2,0,0.005932856390104091,0.001115561414679384,0.0,4.0,0.0,0.0,0.0,0.0,1
104.98265207819792,5.912176454797268,2,0.00534236138098855,0.0010418966765508326,0.0,35.902348172539114,2.8171089107668457,9,3,0.001307498249452206,0.0014902266544311142,0.0,2.0,0.0,2.0,0.0,0.0,1
43.98403409704851,4.574111414993808,5,0.0002244884112396733,0.0002955338895079859,1.0,9.202163977745187,4.007871884178226,2,3,0.007450779221584385,0.0012390282876898243,0.0,2.0,0.0,0.0,3.0,1.0,1
307.0872241701666,1.7365384534112156,1,5.917760735148393e-05,0.0018734505638857573,0.0,61.6312227634192,11.697628534808706,6,5,0.003134596427994881,0.00023909691818201035,0.0,4.0,0.0,0.0,0.0,0.0,1
91.94840916288994,8.272712638176099,3,0.005211817447566738,0.00023912172421903293,0.0,60.85920095593024,3.46596228573366,2,3,0.003957740303668819,0.001337107725762049,0.0,99.0,0.0,0.0,0.0,0.0,0
148.29401403279502,3.1502825183944996,3,0.015250521097903886,0.0019608008161385282,0.0,47.31833026437489,3.074794978643254,5,2,0.004694720785434026,0.00021036756814668306,0.0,2.0,0.0,3.0,0.0,0.0,1
21.373456701324756,3.1559851577785674,5,0.0027386021935429227,0.001315292531390559,0.0,75.88289033466089,2.482862685547922,1,6,0.00011008781132444634,0.00010875164098865598,0.0,4.0,0.0,0.0,0.0,0.0,1
168.44852346691607,2.8166316101690905,3,0.005768391540059728,0.0012225248080891453,0.0,18.976614894146007,3.8965070201609375,3,3,0.003731604314491519,3.349920110104814e-05,0.0,3.0,0.0,0.0,0.0,0.0,1
214.86411588929062,6.290041275021289,4,0.0011279951078774285,0.00408997219284912,0.0,73.09306814918467,3.2420153971516563,3,1,0.0003335686307861642,0.0006664768301387913,0.0,99.0,0.0,0.0,0.0,0.0,0
63.408011243859946,3.06698400820797,5,0.003817787618492216,0.0008153004146187648,0.0,15.565203285081228,2.85315800553752,2,2,0.006969381004256367,0.0012087554730135137,0.0,3.0,0.0,0.0,0.0,0.0,1
84.56372398599925,2.1216935955009832,5,0.008710661071828753,0.0008466310795511575,0.0,34.92331332725721,2.369979405015756,4,3,0.010912301697848972,0.00018341109456209478,0.0,4.0,0.0,0.0,0.0,0.0,1
125.78885874654702,7.341366078939252,5,0.011356470324537113,0.0011851518386333535,0.0,9.197456033501526,1.2355812953306333,3,4,0.0039558516967272755,0.003151757440812196,0.0,99.0,0.0,0.0,0.0,0.0,0
25.374104676366343,4.103663001699592,4,0.002180927692421422,0.00013379277390107813,0.0,107.59771924633223,4.381294424237404,5,2,0.009580840099910325,0.00031884334342721193,0.0,1.0,1.0,3.0,0.0,0.0,1
65.86340385731157,7.492927665968793,3,0.005972105625552903,0.00012664445603700308,0.0,51.36174535216168,2.8118272809215945,5,3,0.0010468361044639772,0.00023365709501679184,0.0,2.0,0.0,3.0,5.0,1.0,1
50.68798525356542,4.281707420106285,5,0.0007030976677139539,0.00014630869448152467,1.0,217.52945138830904,1.77224242239603,6,1,0.002153053096194711,1.0318202061944029e-05,0.0,2.0,0.0,1.0,0.0,1.0,1
22.660968883620882,2.7122852299447118,6,0.007223208626129915,0.0009380784989813889,1.0,176.177554138309,3.037729583812494,1,3,0.0020095430887059613,0.0016966765318502282,0.0,1.0,1.0,2.0,0.0,1.0,1
46.650358596538524,1.530624984509434,8,0.007272286187826123,1.98994098361639e-05,0.0,397.6340916052986,2.82872135002258,3,1,0.008132545225609234,0.0008997360775251077,0.0,2.0,0.0,3.0,4.0,0.0,1
15.648589016328817,4.6174657570740045,5,0.0008579709039200714,0.005138603440205401,1.0,11.406101724671021,1.2002957282991733,3,0,5.299656890515706e-05,0.0007042084391375698,0.0,3.0,0.0,0.0,0.0,0.0,1
12.092070397505012,3.519226357931374,2,0.0008522517639350637,0.0014490264756243075,0.0,60.97270985890146,1.5683573215424689,0,2,0.0006358903778066875,3.1870825094318816e-07,0.0,2.0,0.0,4.0,1.0,1.0,1
21.617442586285087,6.44374995661969,0,0.003398166404256466,0.0002896459669259223,0.0,36.41188120983706,1.6152928653814735,1,2,0.0038299954810312726,0.0007604044083651685,0.0,2.0,0.0,3.0,3.0,0.0,1
273.9962671981686,2.987900700954157,3,0.002046881077613742,0.0028255773285903608,0.0,50.64248305147743,8.714251694391379,1,2,0.0010521229404688046,0.002239891516385101,0.0,1.0,1.0,4.0,1.0,1.0,1
73.79702132464983,5.296110239441999,3,0.003931415101723053,0.0004581644349408473,0.0,27.156730944196948,4.220173184918298,1,7,0.0036117517475665,0.00016478410684080266,0.0,1.0,1.0,2.0,1.0,1.0,1
280.0942265507285,4.180707654711641,9,0.003890653837722244,0.0014452624960312845,0.0,7.9557533414054316,2.37608644370181,2,2,0.00030369021693424115,0.0019012270836201352,0.0,2.0,0.0,1.0,0.0,0.0,1
55.32086328065999,2.5841079965769325,2,0.0008038158657188825,0.00043344132804361,0.0,78.8087960691308,2.9119189906720693,2,0,0.009340157026981653,0.0011118998666284515,0.0,4.0,0.0,0.0,0.0,0.0,0
39.89593826645633,3.1224997033168367,5,0.0014057835177796484,0.0006887224981034837,0.0,207.56173966764953,3.282319663778177,3,4,0.001395605251647717,0.0005584687845353645,0.0,3.0,0.0,0.0,0.0,0.0,1
66.44055798218398,1.92172674914626,5,0.0008822074903803613,0.0025459221542316335,0.0,50.60619102604396,5.195062307207247,3,4,0.010993947233965932,0.00016480405113962972,0.0,3.0,0.0,0.0,0.0,0.0,1
56.31575125012387,11.30019412921338,3,0.0026959573886004024,0.0009213912301408485,0.0,28.991049405952932,6.060263353704679,1,2,7.080348980670788e-05,0.00017863952540696492,0.0,2.0,0.0,1.0,1.0,0.0,1
18.933960047871352,5.229611253594229,1,0.0021007837193962545,0.001993612752760332,0.0,172.107132649326,7.128293248457501,4,4,0.0016510177140649296,2.654353009359278e-05,0.0,3.0,0.0,0.0,0.0,0.0,1
91.91593635179942,1.8604827691514765,4,0.0015925976765698803,0.002214961481214714,0.0,32.216316049962785,2.973379285729168,0,3,0.0025457464043925487,0.0008195409876788327,0.0,2.0,0.0,3.0,2.0,0.0,1
29.471596959866453,10.955847046347868,3,0.0007310800151649881,0.0008082789104100397,0.0,152.57482381411086,2.5632462109620473,4,4,0.0021218989209826297,0.0005393517822956322,1.0,2.0,0.0,2.0,4.0,1.0,1
87.3200227604611,2.212736430341023,11,0.0004180490206654457,0.0016038885035025458,0.0,121.14784634509144,1.8207665327237303,2,3,0.012543886391254637,1.9264846126391473e-05,0.0,1.0,1.0,2.0,0.0,1.0,1
94.03174714596958,2.9593703821664032,3,0.0009220260141228506,4.726504478843543e-05,1.0,50.13702783328665,7.405534354657377,2,2,0.013728437560639198,0.0013871666421271791,0.0,99.0,0.0,0.0,0.0,0.0,0
23.192316124355713,3.666912495201266,4,0.001208435168003466,0.0003026588737537611,0.0,72.78252875620463,6.588319133691527,0,5,0.008119081115672588,0.000560103551622175,0.0,99.0,0.0,0.0,0.0,0.0,0
15.06497671604251,4.239748165847535,2,0.003613367212436146,0.00013744978108104865,0.0,77.3018905965423,5.28558631691307,5,3,0.0038982752500178832,0.0017279336768947528,0.0,3.0,0.0,0.0,0.0,0.0,1
131.4076394579144,6.3431039656830706,2,0.004517071084790436,0.0018996720834532988,0.0,66.48130213304364,6.822187752934836,3,6,0.0023647245213103494,0.0022665525853052797,0.0,2.0,0.0,3.0,0.0,0.0,1
59.2653297673109,1.397079015693874,5,0.002117682538015964,0.0012574664517126847,0.0,15.514795368156731,2.598236241343945,4,1,0.004450638854853151,0.0008410593557716189,0.0,4.0,0.0,0.0,0.0,0.0,1
14.793912008305268,4.278779892705119,4,0.00038631935155066443,0.0004355319008209102,0.0,75.8107306913856,3.938513737013765,2,4,0.003962374301422087,0.00024381444755017633,0.0,1.0,1.0,2.0,1.0,1.0,1
431.75455813893325,3.5590100001437293,3,0.014217690836690148,0.001690015519113166,0.0,5.193396396808184,6.760419089668923,2,1,0.008932335651257997,0.0009362955009719026,0.0,1.0,1.0,1.0,0.0,1.0,1
14.761366513953895,4.665928660581605,4,0.006306712315608339,0.0020116322587767376,0.0,79.28007943941228,5.57948457244613,1,3,0.0001637764335754208,6.059466677106452e-05,1.0,2.0,0.0,1.0,0.0,1.0,1
105.0047210800121,3.459249746820444,4,0.005230729130529035,0.0020455355171742997,0.0,53.558769668067505,6.023271729893654,5,3,0.0008093823038387795,0.0014213836303756514,0.0,1.0,1.0,3.0,1.0,1.0,1
339.2238462125562,3.201445986427688,5,0.0015302492619724325,0.0006059544682183221,0.0,23.046883479191894,4.6694297578885084,4,2,0.0008317413694246044,0.0007734940174253464,0.0,1.0,1.0,0.0,1.0,1.0,1
31.868689356571764,3.9137284852242966,2,0.015065950017716262,0.0021267966981197953,0.0,102.70634115363819,4.035088837611937,3,4,0.0002894870700148748,1.6719858026988846e-05,0.0,99.0,0.0,0.0,0.0,0.0,0
22.275348898686794,10.596905659725838,7,0.0010684189761031417,0.00040280161279112356,0.0,36.17976729166034,2.6629551027023792,3,4,0.01769128534835297,0.002155206287191863,0.0,1.0,1.0,2.0,2.0,0.0,1
20.35267248192075,3.2366516082867007,8,0.003808966780060366,0.0010926514055857412,0.0,44.905916869590776,6.201835585542728,4,3,0.008754026562423288,2.5129380479888704e-05,0.0,3.0,0.0,0.0,0.0,0.0,1
38.90917647528879,8.052230383428343,4,0.00041565173591456866,0.0010445305180012707,0.0,6.6838826279538335,7.180921370777251,3,2,0.002462800099250143,0.000557389177018836,0.0,3.0,0.0,0.0,0.0,0.0,1
18.52185628412492,4.551652160153109,5,0.006407046326472056,0.0003069855660244381,0.0,35.78165134664853,2.412806632928696,3,5,0.007788132139806042,0.0004986177358264115,0.0,2.0,0.0,1.0,1.0,0.0,1
104.25435759425467,4.429211040219574,1,0.003459738875105375,0.00017690108837206675,0.0,15.98943541242822,3.3078776747800402,6,3,0.006251836634921672,0.0004883436633642702,0.0,3.0,0.0,0.0,0.0,0.0,1
15.145317103962167,4.691888519275671,7,0.006503424248653209,0.0009010452409329779,0.0,24.389711042789,2.4022296317780687,4,4,0.0020048125560083265,0.0007665778978888477,0.0,2.0,0.0,1.0,4.0,0.0,1
66.97370019477094,5.566135044515152,3,0.0016443538025094067,0.0004780584750868511,0.0,22.432328838237698,5.251475606157975,6,3,0.00197928964912298,0.0009567977678052843,0.0,2.0,0.0,2.0,0.0,1.0,1
467.0303909439948,3.380714928260018,6,0.0036653932133778443,0.000724890655133053,0.0,7.82680424830216,8.019430350652806,4,3,0.0025640915463425395,7.216632287748278e-05,0.0,2.0,0.0,4.0,1.0,1.0,1
144.54790213413725,7.728142162645227,2,0.0004176807292480725,0.003791082151173349,0.0,42.026143014797036,4.238911868246211,4,4,0.0003395837409582193,0.0010354138964396879,1.0,99.0,0.0,0.0,0.0,0.0,0
86.40656612958989,5.574166350580277,5,0.0036768150994958304,0.0003162383027546238,0.0,49.363080388537234,4.1391882324527245,2,2,0.004330925833944232,0.0010057152818533457,0.0,99.0,0.0,0.0,0.0,0.0,0
39.25190664695882,2.00532978003252,2,0.0015962986826657676,0.000839872239456706,0.0,55.78666149880905,11.08448405376784,4,2,0.00805859181524862,0.0017775896955337695,0.0,2.0,0.0,3.0,2.0,1.0,1
88.2311314255219,1.2713839711920376,4,0.010952097331229689,0.00011096776149784197,1.0,42.218317856975105,4.066890411288346,3,0,0.00034862438444461727,0.0017288898737242153,1.0,1.0,1.0,2.0,0.0,0.0,1
69.89980447036274,10.403473043763755,6,0.0011487333041887285,0.001179718391542308,0.0,127.19528947278329,4.536498268505356,1,2,0.0022500845000655917,0.0011580536411879504,0.0,4.0,0.0,0.0,0.0,0.0,1
54.42169290533566,4.778902305072581,6,0.000565905433852112,0.0003550948476725448,0.0,7.304478705477867,6.8474874607014025,2,2,0.009794447232866729,0.0010319259015458525,0.0,2.0,0.0,2.0,3.0,0.0,1
21.20631406882761,1.8868397269690083,6,0.000601353457631625,0.0004971248857586394,0.0,62.08533154948777,3.7409589719567427,2,5,0.007080208478237367,0.0003524743078862062,0.0,2.0,0.0,0.0,4.0,1.0,1
184.1496847849638,3.2340729071010004,6,0.004416689836229187,0.001002750547658362,0.0,125.6539187638574,6.032774455762839,8,4,0.0034472135749313254,0.0006008216689703228,0.0,3.0,0.0,0.0,0.0,0.0,1
57.795642383422575,7.013423167938834,6,0.013168311088558439,1.0214204008772685e-05,1.0,7.514369978351448,4.989909760898943,1,6,0.0004349069965905727,0.0013935292958589876,0.0,99.0,0.0,0.0,0.0,0.0,0
27.315534564913087,3.780660811421777,3,2.1183421055529998e-05,0.0014622971955118764,0.0,46.14729934070172,2.124385018889183,5,3,0.0007572705221062649,9.45548865106513e-05,0.0,2.0,0.0,2.0,1.0,0.0,1
46.67881467063482,3.9805502571199383,4,0.00022467951688608857,0.00019752154323103845,0.0,58.3536937642659,1.1085680966856866,4,5,0.0034579152714736706,0.0019030294573027587,0.0,2.0,0.0,0.0,0.0,1.0,1
52.77255476961072,6.265524912101582,4,0.003797734547781296,0.0006372701744645055,0.0,17.71039197992681,1.7158223818364111,2,2,0.0007028699151048179,4.998277894793618e-05,0.0,1.0,1.0,2.0,1.0,1.0,1
150.60622008724266,5.047109525907098,4,0.0074388997857663,0.00018327857507845127,1.0,22.461267158709216,3.713449364910406,1,5,0.01217443469244325,0.00022940433745073584,0.0,3.0,0.0,0.0,0.0,0.0,1
115.82482582874226,5.813264354775359,2,0.004877566648462401,0.001232175501659171,0.0,97.39284652263339,6.619289808474073,6,1,0.001199876968069573,0.0011051549457989948,0.0,1.0,1.0,2.0,1.0,0.0,1
127.33266609361534,6.226860524699421,4,0.006346215686076687,5.439890212711455e-05,0.0,55.27619825999707,3.3789312549199564,1,5,0.00678828209377878,0.00013382013040415602,0.0,3.0,0.0,0.0,0.0,0.0,1
10.88740480172271,2.7544567826904913,4,0.005980627483627605,0.0002904851637985654,0.0,27.76843229865556,3.363410999208549,4,3,0.0027301436222733843,0.0006529855962526962,0.0,1.0,1.0,2.0,2.0,1.0,1
53.04944211527803,2.900387067334239,5,0.0002950117099756182,0.00027238505170859844,0.0,91.82772197622366,2.9487163512559036,1,3,0.009799556654292848,0.0006869190542230117,0.0,99.0,0.0,0.0,0.0,0.0,0
62.521177683052855,2.5751070635129505,6,0.01504788135112953,0.0002463763814603685,0.0,87.39453254461895,2.666861682548099,2,5,0.004557043196633514,0.0004508635875943009,0.0,1.0,1.0,2.0,2.0,1.0,1
11.550307157315704,2.9903705028461367,5,0.009727937982131734,0.0005039037947156853,0.0,30.424018654758925,14.156724251066144,5,2,0.0005511968264316292,0.00272862129783775,1.0,99.0,0.0,0.0,0.0,0.0,0
34.06821632174611,3.8915993300480793,4,0.0004589098832236147,0.000402818736923909,0.0,45.24178146975167,4.008816038245861,2,2,0.0002568417182812601,0.002537426145586117,0.0,3.0,0.0,0.0,0.0,0.0,1
124.26597453715024,4.057291449242244,7,0.009184997756901615,0.0002812509468736554,0.0,70.53138547735897,2.6331635689557116,2,2,0.004439393714065252,0.0032593456413607352,0.0,99.0,0.0,0.0,0.0,0.0,0
21.797417386711142,9.014293071152382,8,0.007838498395934675,0.00016611063048189084,0.0,30.227039571542594,3.943668607989756,3,7,0.002509131257619904,0.0010677365699409609,0.0,2.0,0.0,4.0,1.0,0.0,1
71.31080362118865,4.906906717668357,4,0.000140631476888398,0.0005877329052114308,0.0,64.49471499658586,4.178455499447793,5,3,0.009305058549503186,0.0010197129215444023,0.0,1.0,1.0,2.0,0.0,0.0,1
29.3863004861515,3.936051650947623,8,0.0028291914067250577,0.0007833711501287335,1.0,22.346884352273985,2.1594487486323755,7,2,9.182679997635568e-05,0.0010946211112153334,0.0,1.0,1.0,1.0,4.0,1.0,1
10.975586419902209,2.2831027154879653,6,5.227202063802554e-05,1.3949760349404821e-05,0.0,25.720436184644853,7.500179479152811,6,7,0.0010105733661172364,5.109405937763093e-05,0.0,2.0,0.0,1.0,1.0,0.0,1
32.081516948023946,3.5009777715101635,9,0.007889924548521941,0.0005600227579864672,0.0,27.322340139915088,2.922984854148374,4,1,0.0016664291893059,0.0024705432805881365,0.0,99.0,0.0,0.0,0.0,0.0,0
307.95640185143026,10.873591739917805,8,0.0012330408513986078,9.904521976575479e-05,0.0,169.98370098561514,7.386388885145861,0,5,0.006029094283565747,0.0001859841911902582,0.0,4.0,0.0,0.0,0.0,0.0,1
139.37225263692378,10.771346805153803,1,0.0010553554977933092,0.0018354052555847574,0.0,112.627663455405,2.709690511493054,4,4,0.0023670802916401852,8.965872502797308e-05,1.0,3.0,0.0,0.0,0.0,0.0,1
266.66780401529866,3.4764235314369527,3,0.004719034832263662,0.00016059832519052712,0.0,54.96745242691383,2.397670035965532,2,2,0.01651636080539513,1.158366076441914e-05,0.0,2.0,0.0,0.0,2.0,0.0,1
63.53164992889344,1.6124681242583834,7,0.003082156350022521,0.00010366727279857492,0.0,54.78919885387283,8.696654772833504,5,2,0.0018692130928508494,0.0017214875554028817,0.0,2.0,0.0,1.0,1.0,0.0,1
19.2989963356154,3.2176221881891234,5,0.007704873107044753,0.00030113507597915776,1.0,8.467060335502799,7.633279597802184,5,3,0.001411094279146259,0.0012296939962790673,0.0,3.0,0.0,0.0,0.0,0.0,1
73.51867816013555,9.0725825938382,1,0.004724621395414677,0.00012543223506403925,0.0,67.90505466941003,2.8927300117008783,2,0,0.006266809433684031,0.0024630645239267328,0.0,4.0,0.0,0.0,0.0,0.0,1
58.46621048695428,3.907178859117178,8,0.0006287515988623512,0.0008207206765824077,0.0,28.86051880917706,2.6594822059378744,1,2,0.01204998557064346,0.0015896344735760047,0.0,2.0,0.0,0.0,1.0,0.0,1
158.81527099198473,6.269277709468051,2,0.007438567197846569,0.0001428668572303535,0.0,61.8513073423912,5.026925047748406,3,1,0.0005187418716020058,0.00509319994980391,0.0,4.0,0.0,0.0,0.0,0.0,0
18.258585286929907,4.171866815075323,6,0.002911951638232752,0.0027421678152739094,0.0,115.04260733047188,1.9109630211810786,2,4,0.0029524869646606034,0.0005094054631585192,0.0,3.0,0.0,0.0,0.0,0.0,1
63.5921388503877,1.8152561884319445,1,0.0005557616165608294,0.0007295721904500274,0.0,7.793951655202502,4.4982244851775395,1,2,0.005602316506352088,0.0017936593947404718,0.0,3.0,0.0,0.0,0.0,0.0,1
23.00609469743396,4.258464532432368,2,0.002025448709973641,0.00016636943279972757,0.0,61.046435987402155,6.924420739580614,0,5,0.004806414162946688,0.0022391425473115485,1.0,3.0,0.0,0.0,0.0,0.0,1
41.40500760109636,6.761927854058011,9,0.0024579122517547885,0.000907015935224754,0.0,54.83439600057741,2.965950028530209,4,2,0.0009406370481050338,0.0019513712334182352,0.0,4.0,0.0,0.0,0.0,0.0,1
116.95679024198327,2.96688784886864,4,3.5632465362829923e-07,0.0003433677334404807,0.0,18.898263131907044,7.0875049097864,1,5,0.004653872091843488,0.0004895191114690296,0.0,3.0,0.0,0.0,0.0,0.0,0
61.70385546332942,6.657931478315203,1,0.0008482603359265842,0.000500015062828899,0.0,67.38092804129042,6.4661605314103845,3,2,0.002438055692520237,5.70105769738707e-05,0.0,99.0,0.0,0.0,0.0,0.0,0
47.71407171372741,4.415307135064481,3,0.004203381744398135,0.00016076870930469984,0.0,53.55864827290469,4.644259353419052,3,3,0.005647375782861057,0.0019646461964360497,0.0,99.0,0.0,0.0,0.0,0.0,0
50.13292321268626,6.4514187638617075,3,0.00040192415386109347,0.0007455639750430094,0.0,92.48550157738312,11.224531482850981,7,2,0.004704227309444444,0.0005090931823264667,0.0,4.0,0.0,0.0,0.0,0.0,1
59.212972873353856,5.0894201650190345,2,0.0016405315109885442,0.0010742593768644157,0.0,12.033744697227261,1.9264341352363747,3,1,0.0005145210728389895,0.002507022496889484,1.0,2.0,0.0,3.0,0.0,1.0,1
132.97553615155712,2.3631751542772212,2,0.0005588447091804839,0.0008631118402029974,0.0,40.17686213589364,1.9269333685534669,3,3,0.015374750030489598,0.0005800708382293372,0.0,3.0,0.0,0.0,0.0,0.0,1
188.11268130589974,3.521547017632519,5,0.0016305831475879847,0.0040317563658378115,0.0,375.8974973783413,7.003819614957429,4,2,0.004970453274929038,0.0004329393514100272,0.0,3.0,0.0,0.0,0.0,0.0,1
258.684645041784,3.4567930285975654,7,0.0013469814464957144,0.0003099716306059397,0.0,75.13194942117006,1.9092292710413217,3,2,0.00039940360960871507,0.0017653879143309983,1.0,1.0,1.0,1.0,0.0,1.0,1
133.68077043645582,2.8886915408757607,6,0.0013901013530714685,0.0010430534463177915,0.0,74.17743521126664,3.325017306048623,3,1,0.0003076662839030996,0.0033970482496690473,0.0,3.0,0.0,0.0,0.0,0.0,1
40.314450048324105,4.857982267570073,4,0.013770616615598584,5.7714440190874016e-05,0.0,27.95219819488772,3.9171084482814966,3,2,0.025315666807747647,0.000430573108789124,0.0,99.0,0.0,0.0,0.0,0.0,0
103.21471477448164,12.040871337654591,7,0.0019428024790689906,0.0009599925892346266,0.0,10.915548517440428,6.81243640303569,3,4,0.0008514686204898238,0.0002608333988051545,0.0,3.0,0.0,0.0,0.0,0.0,1
56.04379946919151,7.734055669453851,9,0.011230681854257914,0.0002248699758186566,0.0,184.1402340463004,3.7294213803567318,2,4,0.0014473122096263261,0.0014223882194591875,0.0,1.0,1.0,2.0,1.0,0.0,1
33.51432321991822,8.34786127327293,3,0.0019119941926037925,0.0003376282207262571,0.0,11.687504401624295,1.7630657553958957,1,1,7.960688473314772e-05,0.0004506510176044053,0.0,2.0,0.0,2.0,2.0,1.0,1
157.04349809524626,2.791709270385697,4,0.0027389293363371116,0.00196537840800204,0.0,300.2447462624646,5.005478738244014,1,2,0.001554319075724944,0.0004483651682549557,0.0,1.0,1.0,2.0,3.0,0.0,1
13.134729339500485,8.429662237194375,2,0.010388823770077696,0.0006079616857559118,1.0,13.065459865173105,5.249192181786733,1,3,0.0003638728781377703,0.0004537603041423451,0.0,4.0,0.0,0.0,0.0,0.0,1
195.62896744322978,10.101854900020816,2,0.008607293472853718,0.00028924353225075753,0.0,16.245402029341946,3.6521540678379187,1,1,0.0007686883881146519,0.001287445587632741,0.0,3.0,0.0,0.0,0.0,0.0,1
59.51407478714237,2.7411597607912888,9,0.006271943819596615,9.542236309751826e-05,0.0,27.121984752669686,3.0265414584938437,2,1,0.011408961864494069,0.0002097434655284509,0.0,3.0,0.0,0.0,0.0,0.0,1
91.1126105067646,5.422171219864544,6,0.012229065543197942,0.0002983454915550031,0.0,48.092540477316106,6.214265746443244,6,4,0.006306652794741247,0.00012626246298116545,0.0,2.0,0.0,2.0,0.0,1.0,1
96.15289885730098,5.506197306564097,10,0.0039777966945362606,0.0007512694471700106,0.0,98.75373252645002,4.472586212239149,5,2,0.0053553252814818415,4.931466604392339e-05,1.0,2.0,0.0,3.0,1.0,1.0,1
190.39335184472165,3.6687862351145815,4,0.0002768465079952969,6.454993222972966e-05,0.0,217.4447458156944,3.4481211222126635,3,6,0.005555816640144928,0.0013127811680553293,0.0,2.0,0.0,0.0,3.0,0.0,1
90.9954313603417,4.634772246267843,5,0.0017095895998912832,0.0033588831288680053,0.0,31.667159764316082,6.786691406722706,7,1,0.016934419006364217,0.0003989620701770844,1.0,99.0,0.0,0.0,0.0,0.0,0
86.13966912886977,5.664449416413894,3,0.006025696445704626,0.0010825069222533364,0.0,6.237459192964981,3.4291563478090863,4,3,0.00650221105447739,2.197801781830564e-05,0.0,2.0,0.0,1.0,2.0,0.0,1
15.518176062552431,3.811043747396134,3,0.005168349861019127,0.00034721222107742775,0.0,62.53303310631754,3.6188921404142813,4,1,0.002843332205144136,0.0034393725945343467,0.0,3.0,0.0,0.0,0.0,0.0,1
68.45264335913745,7.518772833020671,3,0.007406097118745868,0.0009718601152553632,0.0,79.43610388336351,2.382238717282036,2,1,0.009747225882186555,0.0002282713558595714,0.0,2.0,0.0,2.0,2.0,0.0,1
23.01742190052972,2.010833365703683,4,0.003131654389732778,0.0004746324134592881,0.0,35.39450177484896,6.4535587963622145,4,3,0.0007792450798774196,0.0027168394342375456,0.0,3.0,0.0,0.0,0.0,0.0,1
116.9801535314196,3.4482798043626417,3,0.016326612463833576,0.0002738569543203377,0.0,17.16194199388332,3.362188145984203,5,4,0.0020644331064357956,0.00013896484601119488,0.0,99.0,0.0,0.0,0.0,0.0,0
67.43157858603426,6.342684809673838,0,0.00169813441004574,0.005076843866884723,0.0,26.91834737191359,2.7281872296569705,2,3,0.006585640477781315,0.0008917054595657703,0.0,3.0,0.0,0.0,0.0,0.0,1
101.21170773372066,11.291117536774285,5,0.006822535293786435,0.0002852246704034311,0.0,68.99189304174772,5.514618301623573,3,1,0.010324038221772025,0.0010693977488596793,0.0,2.0,0.0,0.0,0.0,0.0,1
13.405289553308348,7.7984204642177,4,0.012623537801974703,0.0005099741194768213,1.0,45.89480466319172,2.2852833787074385,4,6,0.004088711561615504,0.0016723440607586603,0.0,3.0,0.0,0.0,0.0,0.0,1
17.08831477347828,4.579699165719125,6,0.0017688147920478668,0.0016032493083528712,1.0,86.61982841802245,3.8451675827010856,2,4,0.001988331485477437,0.0013242144364833282,0.0,1.0,1.0,2.0,2.0,1.0,1
110.79363039863412,3.9171937169348925,5,0.0018030849343863454,0.0009171142180695581,0.0,19.767095967907302,3.7300733656917906,6,2,0.0047047455738028175,0.0002956993959453687,0.0,99.0,0.0,0.0,0.0,0.0,0
15.985154370770108,3.5604406578173906,5,0.010469434163381466,0.003062479421693883,0.0,115.70415360220078,6.468602470459083,4,4,0.006241060810626791,0.00044636754384929056,1.0,1.0,1.0,2.0,1.0,1.0,1
15.913834149520966,3.572646782180954,7,0.006304312559800056,0.000791707439680677,0.0,15.167986450034089,3.485133472048507,3,0,0.0039254243457915936,0.0017465578849660745,0.0,3.0,0.0,0.0,0.0,0.0,1
10.974590400783677,1.5265180778753664,4,0.007602757655389288,0.0012399167341868868,0.0,29.021080943544746,6.116830951594432,3,2,0.0018142572448337927,0.00025244400901875113,0.0,2.0,0.0,0.0,1.0,1.0,1
260.8021188975831,11.016564003422822,4,0.002355972437412594,0.0031929744017287517,0.0,58.67287425777342,4.31357209091505,2,2,0.0021156197657397897,0.0005462626981571616,0.0,99.0,0.0,0.0,0.0,0.0,0
117.00288344125286,4.087811453147252,5,0.001660691880348712,0.0008848207954355175,0.0,85.10487189332997,3.084760118698102,2,3,0.0032754850612688557,0.0006808199454437503,0.0,99.0,0.0,0.0,0.0,0.0,0
44.863810858695935,2.6473863351871465,3,0.0006458016198991963,0.0013832183747242764,1.0,23.56961101449535,11.924339180172627,3,3,0.007133580082125736,0.0002924697148154954,0.0,1.0,1.0,1.0,3.0,1.0,1
38.139038498407906,5.372976727206262,3,0.006019488629143563,0.0005855093711632646,0.0,182.5290092535857,3.8055161913713382,4,6,0.003228603234323912,0.002527007093236801,1.0,1.0,1.0,1.0,1.0,1.0,1
44.426116053350405,2.763649517903507,4,0.005992855879437688,0.0007062108807079713,0.0,78.47324585439927,6.274265860434452,3,3,0.00329871042449843,0.0009995244729475994,0.0,99.0,0.0,0.0,0.0,0.0,0
129.20929597853203,7.102027608634372,6,0.000689856037417648,0.00036900979996762725,0.0,19.729103860852497,3.194751394177848,5,6,0.002415918053603259,0.00014894711982533715,0.0,2.0,0.0,2.0,2.0,0.0,1
96.62792141028027,2.693477817641761,6,0.0016858253275168534,0.0012965369248235737,0.0,82.62630974719012,1.1619349883737828,0,6,0.0006011960615710737,0.0026483647981113633,0.0,3.0,0.0,0.0,0.0,0.0,1
26.384572408799972,6.512425823825771,3,0.015898763732634102,0.0028074823552569138,0.0,76.50955162765347,4.638207677906358,7,3,0.004354955234772198,0.0012037254397068461,0.0,2.0,0.0,4.0,2.0,1.0,1
25.303430516401754,3.530786428804134,1,0.00967474696635396,0.0008709655642085319,0.0,88.825321889888,1.596110223119754,0,2,0.020300909816572038,0.00030196333398355206,0.0,3.0,0.0,0.0,0.0,0.0,1
18.286359295547157,4.967815460587664,5,0.0027880581288667414,0.0004664807007800651,0.0,153.53117261436316,3.3386201563959004,6,3,0.01911018749169581,0.002341715305248125,0.0,2.0,0.0,2.0,1.0,1.0,1
96.37603280268102,6.80402030265938,5,0.013183467150237839,0.0007921302614761577,0.0,79.62879712861738,3.4134049694398065,3,1,0.0013828253645031268,0.0004386532889084737,0.0,3.0,0.0,0.0,0.0,0.0,1
125.64030393789727,3.087267126891311,5,0.004257603076769408,0.0018747109851015087,0.0,31.023569318247482,1.4517177208006093,3,1,0.0031683865593091914,0.0023767036380744023,0.0,2.0,0.0,2.0,3.0,0.0,1
34.635835964287224,6.70776910875769,3,0.0005507812284039029,0.0004011336563022768,0.0,98.78689814592063,3.6754368296947195,1,4,0.0018412613656896362,0.0012460693502767566,0.0,3.0,0.0,0.0,0.0,0.0,1
11.69339347612921,1.5545013076685485,1,0.0005094068705673427,0.00020121234638411194,0.0,76.41637621215558,3.274027010278166,4,7,0.001130102603649532,0.00024498190871754074,1.0,3.0,0.0,0.0,0.0,0.0,1
16.859592596554887,9.64306354925049,4,0.00036807778091591317,0.0006349754726048479,0.0,56.235472122932286,3.0647879879750852,5,1,0.005293655513985623,6.756518392552842e-05,0.0,1.0,1.0,2.0,2.0,0.0,1
285.01240022698744,7.391705156170009,4,0.0040051964932636365,1.876120563768953e-06,0.0,31.20182777574892,2.7299181353917152,4,2,0.0041893639837396945,0.0030795418958307974,0.0,1.0,1.0,1.0,1.0,1.0,1
38.01508522429003,4.006583298204392,1,0.009192932554916999,0.0011707281799686403,0.0,157.3358063912498,3.2505236218806006,2,3,0.004794359397870945,0.0005365639315581617,0.0,1.0,1.0,2.0,1.0,1.0,1
127.30432346432161,8.177456180774819,5,0.012008742716833993,0.0005442536129551437,0.0,48.139260461387124,4.699903220082837,4,4,0.0031448660725599147,0.001204597690851396,0.0,2.0,0.0,4.0,1.0,0.0,1
88.39460043904305,7.681451949923149,3,0.009822327289427267,0.0002593382194592049,0.0,64.34836151542508,7.919679853082105,4,7,0.0011214363962926196,2.759280373037955e-05,0.0,2.0,0.0,3.0,1.0,1.0,1
48.49353246634606,4.2200994977891195,0,0.010640867421203836,0.005091022936197392,0.0,37.20585726415787,4.363401382830684,2,5,0.001113908014232326,0.004909578267966058,0.0,1.0,1.0,3.0,2.0,1.0,1
28.422241516472283,4.193887229714566,1,0.007197786290504821,0.0005951309313986814,0.0,96.0704339498408,5.2640103710809445,5,3,0.000418293333827848,0.00021575474965682885,1.0,3.0,0.0,0.0,0.0,0.0,1
20.352807124568095,2.4738720511525134,2,0.00335152094629032,0.0006367051147693515,0.0,30.025501716243987,2.180167774558708,2,2,0.00768398197657105,0.0003155946686798677,0.0,4.0,0.0,0.0,0.0,0.0,0
86.36365027835845,4.3523798573105275,4,0.006142543208879208,0.0013313293275558041,0.0,104.84454176448246,8.759804702245114,8,4,0.0015094871875219514,0.0009547206930325665,0.0,3.0,0.0,0.0,0.0,0.0,1
129.2022846672734,1.7876835571077057,3,0.004452562256564855,0.00032147796393580376,0.0,11.853409138016378,1.7788987493576884,2,4,0.003552676693466935,0.00024163268814260524,0.0,1.0,1.0,1.0,1.0,0.0,1
92.60445068509671,6.465227437847128,0,0.003977295663246017,0.0015068112469058268,0.0,79.05806434148721,5.874914757861897,1,3,0.006632570237656042,0.0007254066694225869,0.0,3.0,0.0,0.0,0.0,0.0,1
70.45325021491779,6.547005716729894,6,0.0016093645212427417,0.0001093932552300327,1.0,43.876910253399295,1.8700987959163284,5,1,0.0012833741222662489,0.0007310591431604627,0.0,2.0,0.0,1.0,2.0,0.0,1
13.428526984728723,1.5644669269865994,2,0.0013356869676692058,0.00030927907320258086,0.0,76.98959728243274,1.24785949402547,5,4,0.002208738107614462,3.480668478856183e-05,0.0,1.0,1.0,3.0,1.0,0.0,1
286.59292238028434,9.099754088575763,4,0.00507983319055619,0.001147092899237029,0.0,50.47978730855554,1.5710385780609193,2,3,0.0011447620485218514,0.002811182227992663,1.0,99.0,0.0,0.0,0.0,0.0,0
138.24235590754878,2.9368818873543114,2,0.009928783554181106,4.226757321199183e-06,0.0,13.65344960817931,10.365947296067102,4,2,0.00038862643904822767,2.177901911435755e-08,0.0,4.0,0.0,0.0,0.0,0.0,1
37.717834291011776,18.236291399042436,3,0.025024480421779835,0.0003796354883812841,0.0,43.889458640976336,2.9068770530129537,5,2,1.2336386938678501e-05,0.00016188720244930037,0.0,1.0,1.0,3.0,1.0,0.0,1
322.84324581737746,4.818958011114819,6,0.00637701796078226,0.0007419163206999849,0.0,205.39310655301645,4.481255400624855,2,4,0.021226603598806466,0.0006145468247142978,0.0,2.0,0.0,3.0,4.0,0.0,1
83.6804643575584,9.152424428588795,5,0.003783749938595893,0.00021123709708924227,0.0,89.3508003676242,3.1309890674357965,2,4,0.02777139342140632,0.0006065891780165471,0.0,99.0,0.0,0.0,0.0,0.0,0
79.86284016358803,2.4311753721464227,1,0.005623326366751481,0.0023832541771815294,0.0,26.416723003517994,1.9932474713849244,2,4,0.0006241475005318201,0.00023334451261905974,0.0,2.0,0.0,2.0,3.0,0.0,1
120.28933025640116,3.5263563471271326,2,0.014943772602280326,0.00014714060048869607,0.0,178.0666414400164,5.237343263652249,4,1,0.0012976187159620403,0.001266668465918326,0.0,1.0,1.0,3.0,0.0,0.0,1
143.60716270751016,3.078491986747502,3,0.003126464121880044,0.0037184173126322824,1.0,95.5609710418302,4.0947096602530735,2,0,0.009695995455170135,0.00034569619028488376,0.0,99.0,0.0,0.0,0.0,0.0,0
95.48047125984397,1.7724944429910128,4,0.003269596980469738,0.00040590515495454857,0.0,32.195599006399675,2.9764836429436023,3,0,0.0007296223563844329,0.0002810655143808244,0.0,3.0,0.0,0.0,0.0,0.0,1
20.966052958430797,2.0141175192353287,7,0.007039321348137721,0.0007894320571857542,0.0,60.51594812201234,3.264125873910377,1,4,0.0036462302920165627,0.0006080038275696469,0.0,3.0,0.0,0.0,0.0,0.0,1
43.03151138524066,3.917490883055051,4,0.0025338832288093957,0.0012258461581380548,0.0,38.37926172105731,2.1139358031665,2,3,0.01777572215415245,0.0002985174717553896,0.0,3.0,0.0,0.0,0.0,0.0,1
220.5801205139365,5.2650637278471795,2,0.008480948395153813,0.0003229370524709229,0.0,11.101395225351936,5.830392575654068,3,2,0.0020237967414171963,0.00023933251665863542,1.0,3.0,0.0,0.0,0.0,0.0,1
30.351711029675513,2.2947264019452884,3,0.0010044658942208059,0.001217663163971965,0.0,103.40292263556525,2.919129427330559,6,2,0.000758440683035303,0.0038002321431103367,0.0,99.0,0.0,0.0,0.0,0.0,0
47.23848875301437,3.4037399252161267,5,0.002749971984014602,1.812023094547949e-05,1.0,17.723176195025857,4.197003412113785,3,1,0.0006916326711537218,0.00016558733789309862,0.0,99.0,0.0,0.0,0.0,0.0,0
55.261538137498476,2.7557604855582896,2,0.007316552883567983,2.5878593548273356e-06,0.0,41.75359622952992,2.303170915978725,3,2,0.0011572858485360059,0.0010690185839405762,0.0,1.0,1.0,2.0,1.0,1.0,1
56.30052327386664,4.0695869971652385,6,0.009230226083811858,0.0005575686456802271,0.0,77.76832602190389,1.5617124167434087,3,2,0.00904933185228089,0.002532433564305336,0.0,3.0,0.0,0.0,0.0,0.0,1
85.93395844417854,6.179097063449906,3,0.0029016541690113366,0.0011201977676602308,0.0,166.48370027129783,4.075575705626668,2,0,0.007154206729340924,9.267737457356906e-05,0.0,3.0,0.0,0.0,0.0,0.0,1
239.28283070241565,4.486327580902504,2,0.007611017325258967,0.00011904338676628698,0.0,8.886782801936706,3.9566418135908092,2,3,0.0007110020354597619,0.00030972777133318573,0.0,99.0,0.0,0.0,0.0,0.0,0
32.02789794193492,3.0046391325971387,7,0.006674196546766382,0.0017469255552132095,0.0,34.97668005578571,3.6522846411546377,6,5,0.006535006705446975,0.0006353816645535764,0.0,99.0,0.0,0.0,0.0,0.0,0
20.36327504039619,7.532551575729763,4,0.005636365026780204,0.00015943559451009426,0.0,62.21584176540579,4.730729214679916,6,1,0.0023338268510049434,8.1410955247997e-05,0.0,1.0,1.0,4.0,4.0,1.0,1
27.59893215150918,5.165876603565005,2,0.001843005673810292,0.0007363399114276455,0.0,95.65958779766393,2.8114708979470726,3,3,0.0032090115262164926,4.2367083825718796e-05,0.0,1.0,1.0,0.0,1.0,0.0,1
184.37624648804416,4.563094636262352,7,0.0053888169670860755,0.0008458657481482494,0.0,157.2461970307038,2.860058238355372,3,2,0.009185229033788015,0.0016439417958708622,0.0,1.0,1.0,3.0,0.0,1.0,1
93.03392648609822,2.309924541727769,5,0.00014135051844049886,0.002809928970394582,0.0,5.029846325316108,8.496463753748948,4,6,0.005726301538239638,4.819965580694579e-05,0.0,3.0,0.0,0.0,0.0,0.0,1
36.93934223032147,7.07083405667577,3,0.009819486369802703,0.0024303766918547655,0.0,64.29353353402826,2.4612472380037165,4,2,0.0021795443187889014,0.0024109780504758486,0.0,99.0,0.0,0.0,0.0,0.0,0
145.40249502197764,5.470336333494566,2,0.023608183189787035,0.001054860817563269,0.0,5.4176658507687225,3.0713683809612085,5,5,0.016357781736255732,0.00020143192741141613,0.0,3.0,0.0,0.0,0.0,0.0,1
168.07573913597562,5.637051714510418,4,0.005996043323102676,0.0002869973849541851,1.0,97.85974190859469,5.840948550649346,2,2,0.00375732673496095,0.0001286542441936433,0.0,3.0,0.0,0.0,0.0,0.0,1
159.93185023848605,3.7021255365821997,2,0.0057369564382838785,0.0013488314554107282,0.0,14.727606055801047,4.999001670847532,1,3,0.006407761365282325,2.0899683327499993e-05,1.0,99.0,0.0,0.0,0.0,0.0,0
210.99196346193855,3.333888012440057,3,0.004935266117156358,0.0022469498865092187,0.0,140.01130887547907,3.391382701647772,4,2,0.00653899343612034,0.00018022043523852134,0.0,99.0,0.0,0.0,0.0,0.0,0
33.25396579316923,11.050192210670346,3,0.00012734564589727765,0.0004725476585642016,0.0,15.11394121913943,3.1403524153282842,1,1,0.006644595930997594,0.001111960452342593,0.0,99.0,0.0,0.0,0.0,0.0,0
122.53345766584444,3.3053239171451434,2,0.019904565555203837,0.000989082410150193,0.0,91.71910625726493,2.649159302415293,3,5,0.00632665535054423,0.0009302696517697742,0.0,3.0,0.0,0.0,0.0,0.0,1
59.37485662816914,2.07768949021788,10,0.0001643540228744992,0.005520955150808918,0.0,25.49062435088259,4.809943365779949,3,5,0.008039959682412279,5.066850923129626e-05,0.0,99.0,0.0,0.0,0.0,0.0,0
157.61208696587613,4.696569930226866,7,0.0017276453079908601,0.00032487722850979236,0.0,53.885526194117816,4.28620359076154,5,4,0.0057239848254108045,0.0010058960431811078,1.0,4.0,0.0,0.0,0.0,0.0,1
114.30070415478055,4.19959537900738,3,8.22081168913746e-05,0.002027206943731329,0.0,61.25610774835158,2.0709019063497385,2,2,0.0017982343866786987,0.0014370208747075657,0.0,4.0,0.0,0.0,0.0,0.0,1
129.84870030924742,7.733168224485088,2,0.003471936102257898,0.0012312258198514828,1.0,18.89781636100914,4.766230916641295,4,2,0.0026594971842703206,0.0023914459557293306,0.0,1.0,1.0,4.0,2.0,0.0,1
95.40673525473673,3.865386897259934,6,0.002163925258356808,0.0025114456252570967,1.0,26.28890477578277,4.8293431074744895,3,4,0.0023925773825024545,0.00024606698118793106,0.0,2.0,0.0,4.0,1.0,0.0,1
25.62561580991567,6.064119274790727,4,0.005344421383235199,0.000824778720169302,0.0,11.824249111036535,3.70858451155128,2,2,0.00044203098266636743,0.001385579870515264,0.0,3.0,0.0,0.0,0.0,0.0,1
73.00136193537637,9.469920856612159,4,0.0067768143693980295,0.0019758139861222363,0.0,5.318182500797067,3.4160367019336637,4,2,0.004048111267400747,0.0007291590620314033,0.0,3.0,0.0,0.0,0.0,0.0,1
344.2341276013556,5.285514970437393,5,0.020758352580420872,6.744889324656446e-06,0.0,21.42422847386409,9.638810604667599,3,2,0.0033444009051906507,0.0006040790018513333,0.0,1.0,1.0,0.0,1.0,1.0,1
231.6639510405946,2.371205916971532,4,0.0007368003479710536,0.00014101461788181214,0.0,48.540514382802705,3.3708520148298335,2,3,0.0004898639765378627,0.0018455176123182298,0.0,99.0,0.0,0.0,0.0,0.0,0
13.530675689406886,5.372767450732685,5,0.002848604590264323,0.0005328420803262663,0.0,80.02137649367461,3.002173115060031,1,2,0.0009586636648950813,0.0008178908592021263,0.0,99.0,0.0,0.0,0.0,0.0,0
24.408144092060393,3.4371671755869966,3,0.003630745116552594,0.0002479461515757543,0.0,99.66461897840904,4.4465422577055485,0,2,0.004346276685121835,0.0009683102708493842,0.0,99.0,0.0,0.0,0.0,0.0,0
21.30009121221482,4.883372243447058,6,0.0028422848407171912,0.003283137911554218,1.0,9.339144162367036,2.687070665956835,0,4,0.002594326486945605,9.680774814563515e-05,0.0,3.0,0.0,0.0,0.0,0.0,1
113.56430832483096,4.217847211658398,5,0.012309081372425638,0.004623365366833557,0.0,24.081292611786328,3.7464660966567735,4,1,0.0019199186654139798,0.0010429465579976716,0.0,2.0,0.0,3.0,2.0,0.0,1
146.2055824556677,2.055590374456245,2,0.0006117552844372121,0.0022949190653224288,0.0,93.23901590877371,4.591801907141712,2,2,0.0005343756098441101,0.0013902037428970533,1.0,99.0,0.0,0.0,0.0,0.0,0
29.21416066800423,3.852941911142441,2,0.006719925722679439,0.00010077633414616084,0.0,44.33592669457741,8.570865190537244,1,3,0.01613414351321296,0.0008161890947467553,0.0,4.0,0.0,0.0,0.0,0.0,1
66.39372910716233,2.301453942383271,5,0.007796971791327302,0.00073146533764439,0.0,17.067293562441133,3.8030121132302703,2,3,0.0014847341507046342,0.002999977816728148,0.0,1.0,1.0,2.0,1.0,1.0,1
156.9588056382243,3.1654792240196437,5,0.001864520804586414,0.0012190642302114712,0.0,34.875946738980765,4.770691516810974,1,3,0.0008661658679311977,1.3388259710468823e-05,0.0,3.0,0.0,0.0,0.0,0.0,1
115.58108949177411,7.057228808152483,5,0.01060565212538584,0.0005391618922141132,0.0,23.885454967150068,2.867619632865048,7,4,0.00822994074169806,0.0021884113806636477,0.0,99.0,0.0,0.0,0.0,0.0,0
72.5123315963036,4.409901696753136,8,0.002520307301455707,0.00040225674350783525,1.0,8.118885882026174,5.240563774053424,3,2,0.009050779222042532,0.0015386924681240048,0.0,3.0,0.0,0.0,0.0,0.0,1
81.39572036560259,5.853163774824306,9,0.005060163600277018,0.0007805354202046483,0.0,91.5406897483162,5.516673483799982,1,6,0.009383376441684708,0.00044898059900554176,0.0,2.0,0.0,4.0,2.0,0.0,1
66.80077200547248,4.6178761663716,7,0.0006361636436930078,0.0009440619585000617,1.0,25.69271579313548,5.378486445699487,2,2,0.0027683375901750035,0.0004148326731499229,0.0,1.0,1.0,3.0,2.0,1.0,1
38.25430800012964,3.575991030136619,5,0.0035946851927992924,0.0032681223801892356,0.0,179.16876377869787,3.5560238431033455,1,5,0.002874788076293308,0.00013408169087794102,0.0,1.0,1.0,2.0,2.0,1.0,1
76.59678459745244,4.891367705354112,4,0.002501695950382075,0.0005496671312913198,0.0,136.42240783495043,3.791712882873308,6,3,0.00153127815551082,0.0006374074074532556,0.0,3.0,0.0,0.0,0.0,0.0,1
103.407490487745,1.653218144194466,6,0.002653837698132696,0.0011731268916357054,0.0,80.58551369090489,3.7254068829230778,2,2,0.008059449282691757,0.0006259075340091233,0.0,2.0,0.0,1.0,2.0,0.0,1
175.2891260085962,6.478391200252739,2,0.0007314006420296417,8.038078557650115e-05,1.0,28.728010318469742,2.084510730612542,8,3,0.0036690872350264936,8.18591963243031e-05,0.0,1.0,1.0,2.0,0.0,0.0,1
90.91217238998836,2.6070513732478764,2,0.001980911136040738,0.00025066853494182885,0.0,24.70387374659133,4.5497317140725375,0,3,0.010152371398478126,0.00011288241233192553,0.0,1.0,1.0,4.0,3.0,1.0,1
124.54403036684207,5.642111963783359,6,0.00387656030913357,0.0013462926767917856,0.0,43.69245531194403,2.0141589309522963,1,5,0.006267742713452144,0.00016449477126237748,0.0,2.0,0.0,7.0,3.0,0.0,1
23.955093639129903,3.496102370451774,7,0.01345749101013348,0.00233590454835755,0.0,31.273332406772937,3.8977939342405543,1,2,0.006151873905257559,0.00025076072388119044,0.0,2.0,0.0,0.0,2.0,1.0,1
59.52596149331008,2.056263478964433,5,0.002095362364013741,0.0010407160463643034,0.0,143.85415649392277,3.5400485104842514,1,2,0.0020785434887188796,0.0013144874503975047,0.0,4.0,0.0,0.0,0.0,0.0,1
10.750034573156492,2.859934690085998,1,0.003634397164571975,0.0017255327611712117,0.0,12.908781742148463,6.1965808485455325,3,3,0.00860778152086383,0.00011309407592561792,0.0,3.0,0.0,0.0,0.0,0.0,1
32.661093388629354,5.659057888452037,6,0.022473312116128463,0.0055753079248859715,0.0,82.34299786682423,3.431441117014801,2,4,0.005114819248746359,0.0009925081316317689,1.0,4.0,0.0,0.0,0.0,0.0,0
113.70509484890286,13.215964493642975,4,0.006215612234805535,0.0017513688489098997,0.0,61.634639620155106,7.54030211524843,5,3,0.003183466171844054,0.0002745481530643178,0.0,1.0,1.0,2.0,1.0,1.0,1
394.3868352708911,4.064692548989539,3,0.0007416957548916423,0.0029235749210194607,0.0,103.48705154049031,3.2097174272078477,2,1,0.0005834384855140215,0.0004910122847233314,0.0,2.0,0.0,3.0,4.0,0.0,1
18.355816776887423,12.28346038264853,1,0.0011187770188408846,0.0005293789547937363,0.0,51.91704161346708,2.0453609028380235,3,3,0.0029127117830212677,0.00011605028179293049,0.0,3.0,0.0,0.0,0.0,0.0,1
51.065540537713545,1.651337040887781,7,0.00016872782645221707,0.004759582123803548,0.0,64.58069788450241,1.414230148793193,2,4,0.00014461397693453731,0.00018100757377476637,0.0,1.0,1.0,0.0,1.0,1.0,1
138.78342551213987,3.6506496154686943,2,0.0010840686145016244,0.0011478780750274686,0.0,202.3911124965329,7.848981237362144,6,1,0.00436335640217309,0.0008759625200937873,0.0,99.0,0.0,0.0,0.0,0.0,0
28.2560689009251,4.066590781415195,7,0.005511626597811545,0.00018963998901722458,1.0,10.788113506096614,1.9112720324188195,6,5,0.00012167349552867396,0.0055091055059607145,0.0,99.0,0.0,0.0,0.0,0.0,0
74.78975298780925,5.831570102464155,8,0.004785937648341959,0.0008975297389076843,0.0,11.646888205463934,3.5908340851362555,4,3,0.010823970856516079,0.002193910609461665,0.0,3.0,0.0,0.0,0.0,0.0,1
115.66189460545084,2.922085869199405,6,0.002900462040366236,6.096596543925359e-05,0.0,35.01368704631547,2.2123950592996184,7,2,0.005943713576185321,0.00030024394491073495,0.0,1.0,1.0,2.0,3.0,0.0,1
86.56598697318125,5.155205250681413,3,0.0008327045393754963,0.00048499667700222025,0.0,43.40286953264435,5.416358631842733,1,1,0.004624689909559861,0.0004725050494959472,1.0,1.0,1.0,0.0,1.0,1.0,1
26.662832050676005,3.7552776825520784,2,0.001041209364432783,0.0008906089394020546,0.0,18.37901700096578,3.2820142068457803,4,4,0.007684265968961088,0.0015930552962188376,0.0,99.0,0.0,0.0,0.0,0.0,0
45.12810964183926,8.390254824048764,5,0.02527281885407628,0.0013458788903483601,0.0,10.177136046431846,1.1387508389616894,5,3,0.00106189883872424,0.0006460612385320867,1.0,2.0,0.0,2.0,1.0,0.0,1
132.521069991519,4.6990248099466605,6,0.023881744876604466,0.0015909061689150597,1.0,6.3455507974940115,7.753261887823115,2,3,0.006929557272192567,0.0018614431670434313,1.0,2.0,0.0,2.0,2.0,0.0,1
74.63554681569411,17.316591171108247,0,0.0059121101562226485,0.002790206934668001,0.0,91.78616983442046,2.427247175132261,3,2,0.006529415041918151,0.00015924500131531594,0.0,2.0,0.0,2.0,1.0,1.0,1
10.419466866739597,3.772533185852051,4,0.008563610947046404,0.0003942584502374362,0.0,44.82198971217039,3.650467735201135,2,4,0.011651507200843708,0.00029169199942048155,0.0,1.0,1.0,0.0,1.0,0.0,1
124.50024534620991,8.07026314337865,5,0.011826264233862032,0.00331627278639791,0.0,116.24494385224234,3.5192650238670202,4,5,0.0061524046545099525,0.00029290883070527,0.0,4.0,0.0,0.0,0.0,0.0,1
12.875990184924337,9.614567167890147,5,0.00996435680846955,0.0002126295257823594,1.0,31.855768327417398,1.9248519887752193,0,0,0.000491445209456192,0.00043493480535723337,0.0,3.0,0.0,0.0,0.0,0.0,1
119.54987690824352,1.170498438984165,4,0.009236683625973097,0.0005030321856431779,0.0,77.93158344806083,5.720043174334519,5,4,0.0036981844594592126,0.0007308298491190964,0.0,99.0,0.0,0.0,0.0,0.0,0
28.099925492149772,6.430262737652224,4,0.012416455628895439,0.00029288397412429313,0.0,45.22686897904845,1.9454765231129554,2,3,0.0028066557792731798,6.778619765611712e-05,0.0,1.0,1.0,0.0,1.0,1.0,1
263.74693756478285,3.6943229355934983,2,0.009779492277942432,0.000436252754466554,1.0,61.81582186588223,7.8040605969609835,1,7,0.0003784224148397632,0.00026746212382171194,1.0,2.0,0.0,1.0,0.0,0.0,1
46.70177130316827,2.2039287114345996,1,0.004304097509114048,0.0009766342749732337,0.0,32.74087727852255,3.779506734884577,1,7,0.00516603101354841,0.0002057811049161374,1.0,2.0,0.0,4.0,4.0,1.0,1
41.672667544268506,8.477192650798777,3,0.004823982845900989,9.124330771594102e-05,0.0,10.079234455070136,3.1581361332877322,2,4,0.010281657318905886,8.281471217414969e-05,0.0,2.0,0.0,1.0,1.0,0.0,1
22.896928666809515,3.0174777645270665,6,0.006581181825474879,0.004050360487373326,0.0,181.67222275957215,3.5259555382454226,1,4,0.001409386538208599,0.00043735898213509265,0.0,99.0,0.0,0.0,0.0,0.0,0
39.177054907908584,1.6097186727360628,2,0.0067122043724405014,0.0030219068943671042,0.0,113.50621309706693,2.986864859281485,6,1,0.008653796390903466,0.0005677640523231198,0.0,3.0,0.0,0.0,0.0,0.0,1
177.41884897413112,4.765403736205569,2,0.0008922039800900752,0.0012386724909389136,0.0,27.428548817561822,4.286973652776761,4,4,0.004345058968853825,0.0013478244553327997,0.0,2.0,0.0,0.0,1.0,0.0,1
458.6996984567245,9.232291160218782,1,0.0048196184748956275,0.00022220548013453733,0.0,196.21783160523245,1.9819688731718064,2,7,0.003952542936626456,0.0009877471685054609,0.0,2.0,0.0,0.0,1.0,0.0,1
46.74846146150241,2.219232701765157,3,0.0006534642899795088,8.976383813642672e-05,0.0,26.442402531270602,8.1698095782032,3,6,0.0014617695800506144,0.0003720283724546946,0.0,3.0,0.0,0.0,0.0,0.0,1
57.62512484082956,6.932565642941268,5,0.009812393668556097,0.0006443280868551085,0.0,40.11032733139961,3.4721596610214305,4,5,0.0011258881596791677,0.0007420428105498632,1.0,3.0,0.0,0.0,0.0,0.0,1
112.43114969959278,1.43754372684659,6,0.0017779864266757397,0.0008919701474039252,0.0,89.42305633356763,3.6475497349502697,2,4,0.02090313389542589,0.001200581080250971,0.0,3.0,0.0,0.0,0.0,0.0,1
183.86205435704113,9.62658206026115,5,0.0032875001329138297,0.0004706574568335057,0.0,27.1772961995922,2.9108711462024552,3,5,0.005865661425625379,0.0008051357015430908,1.0,99.0,0.0,0.0,0.0,0.0,0
81.92408229428933,5.34682231919096,4,0.00025266474078187745,0.0005816091377797995,0.0,28.538835986209907,4.433350918966944,2,5,0.0038426893367710688,0.0006989618813293788,1.0,3.0,0.0,0.0,0.0,0.0,1
49.74404795647452,2.1000370016641314,10,0.006523407124032077,0.00018508770350026085,0.0,36.66632023615499,4.538874678931565,2,2,0.013167878585348156,0.000773598849360494,0.0,1.0,1.0,2.0,2.0,1.0,1
52.56691545202698,6.563002331828687,0,0.002522696546860558,0.0013919024237544287,0.0,42.91063619282102,4.7359933713632945,3,5,0.0009827999034214463,6.981861504328788e-05,0.0,1.0,1.0,2.0,0.0,0.0,1
105.15778150046755,3.114522808672659,5,0.006186860899002723,0.0010314606596027532,0.0,12.91707223119013,2.005618669344595,3,4,0.0027947775606133834,0.00042794952767349984,0.0,99.0,0.0,0.0,0.0,0.0,0
10.25787626817877,2.4753140811624386,7,0.005626111339557297,0.001494006781985629,0.0,6.058786682555719,1.7387078104997111,3,4,9.480256697812639e-05,0.0005144701254693974,0.0,99.0,0.0,0.0,0.0,0.0,0
87.32031351140682,3.0762374267947314,2,0.012245965588978766,0.0003458139964931633,0.0,155.91491974082948,6.09232206724513,2,2,0.0059167014698449875,0.000690407872034352,0.0,3.0,0.0,0.0,0.0,0.0,1
45.14156893837996,6.177509032444266,4,0.001669261717290378,0.0002473467755519467,0.0,31.142034542696585,7.0760005654978,1,7,0.008821632319924388,4.530753932046854e-05,0.0,4.0,0.0,0.0,0.0,0.0,1
136.46699904886367,2.391282219270768,3,0.0030339698080550526,0.0005500473649034496,0.0,11.43431011500806,2.1055736410707127,4,3,0.0013813155070066183,0.0017916562875403951,0.0,2.0,0.0,4.0,3.0,0.0,1
17.808200719188484,1.2574702634516735,7,0.01658484506106365,0.0009019134892484121,0.0,90.42018864333261,2.446085233351879,0,3,0.005574944518997908,0.0006921356326064027,0.0,99.0,0.0,0.0,0.0,0.0,0
80.97783915022694,3.1666370198126224,5,0.005680312969979637,0.0006657710599535504,0.0,25.97861228156722,1.6851386939955617,5,3,0.004227040719090787,0.0002890692958437109,0.0,2.0,0.0,2.0,1.0,0.0,1
62.463932951488914,8.68479988625403,3,0.00988208824308199,4.845598277509046e-05,0.0,17.028941566682324,4.158442566261981,5,4,0.0017868209737568162,0.0022206385028998668,0.0,1.0,1.0,2.0,2.0,1.0,1
92.25055971797158,8.615725634286719,2,0.0005559046328982877,0.000976951737746442,0.0,202.18277686136665,2.830556178691233,0,3,0.00076925694912339,6.21915049648051e-05,1.0,1.0,1.0,5.0,5.0,1.0,1
15.364174280854549,3.0737674453588144,4,0.00026455755191418033,0.0001520930849707323,0.0,156.95227508351286,1.8959614565224985,2,6,0.009859019862639143,0.0018773234079183052,0.0,99.0,0.0,0.0,0.0,0.0,0
79.39695736705154,3.012075807985927,6,0.005152459575444853,0.0005272888871290638,0.0,11.705916138134388,1.4869948845468883,2,2,0.004993112528045089,0.004321448259838676,0.0,2.0,0.0,3.0,2.0,0.0,1
75.94882564823044,2.90822047710229,2,0.0006313121919046824,0.0005015441161468707,0.0,142.72775698242378,2.4709932259805516,2,1,0.002039460209243389,0.0005886898780503606,0.0,99.0,0.0,0.0,0.0,0.0,0
75.79855144805472,2.836883262024025,4,0.017496274711029252,0.0010826146907956036,0.0,137.91156661605638,3.1549844699849334,3,1,0.001348015540776146,0.00048167192125688174,0.0,2.0,0.0,1.0,1.0,0.0,1
84.00385061659294,2.9469192809065756,7,0.013158801253880928,0.0019187185960496838,0.0,65.36875029258141,1.6697477613519158,2,3,0.006149958319676659,0.0009870993538743079,0.0,99.0,0.0,0.0,0.0,0.0,0
100.27656462590032,4.900670656945088,2,0.0007004743593360427,0.000909435188772517,0.0,50.26791768069348,2.072081233679776,4,3,0.0006476136014973033,0.000156075032778028,0.0,2.0,0.0,2.0,2.0,0.0,1
140.77594480927942,8.810108445022635,5,0.007484459670995241,0.0037336093952057858,0.0,19.710967289268922,7.500571628109396,4,3,0.017096110510941877,0.00029182755055505433,0.0,4.0,0.0,0.0,0.0,0.0,1
35.157214890099944,2.3891578547797527,8,0.0005507127043905636,2.6447601148718294e-06,0.0,12.764459016237264,1.7137411231274053,1,2,0.0013992399445263808,0.005242155030682058,0.0,2.0,0.0,2.0,3.0,0.0,1
149.46013510489848,2.6368948835540507,1,0.0033866702372590666,0.00010578427677037433,0.0,60.940489172257514,2.599607629638007,3,3,0.011211723293721335,0.0005383663868901178,0.0,3.0,0.0,0.0,0.0,0.0,1
65.17316930076876,5.233626152686354,4,0.003689497890408573,0.0005582847160767918,0.0,108.54389760479387,2.5488472975497696,3,3,0.019021348778922524,0.0002017924302839873,0.0,2.0,0.0,1.0,3.0,0.0,1
16.41513499706953,6.387941257771262,6,0.00021765570638769408,0.0010763929450069102,0.0,75.00907158550615,5.348100445467876,2,2,0.0007128561023811405,0.00026337863574495135,0.0,3.0,0.0,0.0,0.0,0.0,1
14.826802086004609,1.787456409336059,4,0.0019728460223109776,4.7752738446117927e-05,0.0,16.965652512145567,1.2494621301971094,5,4,0.02701934633299649,0.0038159804408265316,1.0,1.0,1.0,2.0,2.0,0.0,1
42.54588066882039,10.783743809767296,4,0.004686167840242055,0.0006789257654064104,0.0,25.550993790023767,5.1144058409764686,3,4,0.0005163885107642574,0.0017432326376698181,1.0,2.0,0.0,2.0,1.0,0.0,1
132.93105515176066,3.5071816264231646,2,0.00643945334805282,0.00018253076136753963,0.0,52.434697987035996,10.428463830340272,4,3,0.0079008327981245,0.0026337827067167835,0.0,3.0,0.0,0.0,0.0,0.0,1
108.39275072166274,1.8687421004964095,4,0.0012391336490861508,0.002083891926557672,0.0,63.84855799960131,3.573097474219796,3,2,0.010878046067322143,0.00013740562984872534,0.0,2.0,0.0,0.0,4.0,1.0,1
134.3259197178878,1.7472047185880513,5,0.0017516102484281587,0.005107790335987674,1.0,9.499747700353804,5.3036619948516694,3,4,0.003708860360246027,0.00043311265894193334,0.0,2.0,0.0,2.0,1.0,0.0,1
68.26366665721505,1.6997810180905928,3,0.00025468577476607957,0.0002271251590512087,0.0,62.1231017781389,6.215076718540562,6,4,0.009997017051722113,0.0016523751987465914,0.0,2.0,0.0,3.0,1.0,1.0,1
56.41391295183226,7.978156091337765,6,0.0021998891039164315,0.0014023196548053048,0.0,84.98100423791843,3.4317935421835797,0,3,0.0002886278622366576,0.0014088721970838191,0.0,3.0,0.0,0.0,0.0,0.0,1
22.762110738150625,4.431208580392183,2,0.0047300553425028745,0.0015703360066757323,0.0,17.00649345196704,2.371028689399058,4,2,0.005880040298123303,0.0012759360035755505,1.0,2.0,0.0,4.0,1.0,0.0,1
41.82270522658922,8.021730585715284,4,0.0067728052195476784,0.0009516429105962727,0.0,21.959181564090034,3.25749398102187,4,3,0.007748063687075143,0.0009840037182339274,0.0,2.0,0.0,5.0,0.0,0.0,1
55.53563337753865,3.9561499270926888,6,0.010741566480371193,0.0004973101215653016,0.0,22.976906540490262,4.595813022814409,0,4,0.008834592310532975,0.0004027120784954495,0.0,1.0,1.0,1.0,4.0,1.0,1
17.421909728204938,7.8882482240524086,3,0.0013327380725419733,6.547324449955599e-05,0.0,173.6151949844317,2.541925499180433,1,5,0.0016360486914017707,0.0010175584452204892,0.0,3.0,0.0,0.0,0.0,0.0,1
29.93969775844904,3.8989270682490274,5,0.008276077136857872,0.0001562388034776792,0.0,36.35528392963296,1.1154622551497548,1,3,0.011584836386131192,1.0206153308744114e-05,0.0,99.0,0.0,0.0,0.0,0.0,0
82.94910243670087,5.817070670565166,5,0.00443285726765085,0.00035314943400965556,0.0,50.37435132134974,2.0813922638317934,3,2,0.005127849929615788,0.0004250945508659594,0.0,99.0,0.0,0.0,0.0,0.0,0
116.44247255277607,4.114445958508892,1,0.000934783963427941,0.0025119264800846507,0.0,82.30964063657217,3.8472998220350565,2,4,0.004006388444668323,0.00022306956660149776,0.0,3.0,0.0,0.0,0.0,0.0,1
522.4378304507314,3.762810495971506,5,0.0034514976313750737,0.0019094335775030145,0.0,32.861361705614215,3.7497448415752253,3,4,0.0019386901559023822,0.00013531619784353145,0.0,2.0,0.0,4.0,1.0,0.0,1
226.38044835234524,2.5176028860845534,6,0.00841880896196348,0.0034882316579637274,0.0,11.693148576699093,2.0211635014228184,0,4,0.0020904182273271533,0.0009148151427595208,0.0,1.0,1.0,7.0,0.0,0.0,1
92.30418478422979,6.294591834181799,2,0.001354627997623479,0.0013379441612296253,0.0,68.73483194477923,2.597523380649631,4,1,0.004030135740649932,0.000955098344955966,0.0,3.0,0.0,0.0,0.0,0.0,1
53.75050479588782,2.2247075239432688,3,0.006658141695292632,0.0014300847313250891,0.0,71.02600674137085,1.4779487966992328,8,0,0.005689927706488407,0.0004976254878131881,1.0,3.0,0.0,0.0,0.0,0.0,1
90.88710366238836,6.288384504011036,0,0.002609639043818099,0.0018005765394190924,0.0,23.11073944858731,3.0712730735804743,7,3,0.004069964808230251,7.998500751258928e-05,0.0,2.0,0.0,3.0,1.0,0.0,1
133.21221077944742,4.549540607263093,2,0.012383691087277169,0.0010992991924223287,0.0,7.151865083778497,2.670142076716424,3,2,0.014871202872587232,0.0017178865763861535,0.0,3.0,0.0,0.0,0.0,0.0,1
20.075557158882724,6.388282407824322,5,0.01093421697550405,0.0031345274294339604,0.0,70.68076969911735,2.853608524490871,4,4,0.00046581667094040444,0.00091460380110494,0.0,99.0,0.0,0.0,0.0,0.0,0
52.19772409357831,4.782418495941112,3,0.0006298343198101463,0.0003366305148245544,0.0,77.92742025183773,10.05782037650373,2,5,0.0014121588226447487,0.001738833159409297,0.0,1.0,1.0,2.0,0.0,1.0,1
156.50772094704246,8.406971504463218,3,0.0012795495436277364,0.001078629140553242,0.0,6.584636142630036,3.5869366309512483,3,2,0.0013814444563077604,0.0006451008008926032,0.0,99.0,0.0,0.0,0.0,0.0,0
48.738973622793054,5.486767114264553,5,0.00014969645005660055,0.00011672590030901863,0.0,75.89028051831886,1.730436593249126,2,3,0.009217088475897696,0.00019516335105824038,0.0,3.0,0.0,0.0,0.0,0.0,1
77.8666956968036,4.606188766443143,5,0.0100504143498766,0.0011929387624087702,0.0,172.74266605858656,4.091492008062582,2,2,0.001627639906003596,0.0009927965145393963,1.0,99.0,0.0,0.0,0.0,0.0,0
80.89378260253912,1.2173849414816413,8,0.0014801692678082165,0.0032715866352282293,0.0,16.818240360829222,2.8790812658320775,8,3,0.010214011087625027,0.00058966151495717,0.0,99.0,0.0,0.0,0.0,0.0,0
26.313979036028073,8.611267207235755,3,0.015109866852696547,0.0009440802437711638,0.0,49.20384841790169,2.261972836055666,3,5,0.005989281969439748,0.000897550220004373,0.0,99.0,0.0,0.0,0.0,0.0,0
45.98288756391443,1.6911962146872677,4,0.0076663692484502145,0.006981910908473896,0.0,76.59709833523699,3.221331068077832,0,4,0.005153264701534335,0.0008899266761269085,0.0,2.0,0.0,0.0,2.0,0.0,1
42.578688327090795,1.9537564042497786,5,0.0028248056902186697,0.0008572601969591457,0.0,20.688073344994926,6.860151243641977,5,0,0.00358011706956883,0.0012796990174055254,0.0,2.0,0.0,3.0,2.0,0.0,1
12.12367641717357,6.748129416607424,5,0.003079434693100255,0.0007039143652768575,0.0,88.55055199614178,1.4806857145256596,2,4,0.00418336078301318,0.00037406308805676717,0.0,3.0,0.0,0.0,0.0,0.0,1
11.959135301642425,4.336200019589331,6,0.005389500628505473,0.0005865401056565946,0.0,126.53741014364542,1.230248985538816,2,6,0.0004164924716745392,0.0004617885988726851,1.0,3.0,0.0,0.0,0.0,0.0,1
152.55916897113116,1.724433089624831,2,0.0006100105964698187,0.004198717537535077,0.0,106.09850934851497,2.3199660786130085,3,6,0.00025565609732646855,0.0004284860308512293,0.0,1.0,1.0,1.0,0.0,1.0,1
35.51409651440281,3.0096698488029316,0,0.0049455376789008165,0.0018468699773230525,0.0,22.97709480727635,3.0219840044910926,9,5,0.008466506533978797,0.0004763924808540066,0.0,99.0,0.0,0.0,0.0,0.0,0
68.39796749748164,8.340895486358638,3,0.0005022797241929386,0.0033966010354035746,0.0,102.84473119423882,2.7924662476550672,2,4,0.0017283127271575896,0.003275393256491054,0.0,99.0,0.0,0.0,0.0,0.0,0
38.388479206391445,4.698611765476548,4,0.007857473676761451,0.0002156894895518352,0.0,36.99892241770711,2.725842675032924,3,0,0.00713033462942046,7.359425135251518e-05,0.0,1.0,1.0,5.0,2.0,0.0,1
235.98368289268183,4.399308386057418,4,0.0007337369961337489,0.001993034416417051,0.0,23.592669123954725,2.353066384404449,5,5,0.0011937713142706758,1.598403504495255e-05,0.0,99.0,0.0,0.0,0.0,0.0,0
34.012417456047544,2.8043551764261734,4,0.0028319907226342002,0.0033850217335465328,0.0,16.033312669283475,5.580639487726889,1,2,0.005423968780668147,7.146799563575792e-05,0.0,99.0,0.0,0.0,0.0,0.0,0
54.92136131348723,6.891106271524902,4,0.003406536706984011,0.0002593103932754508,0.0,148.8015118854759,3.7898889704499914,3,2,0.0015774193536341548,0.0009945015993763852,0.0,2.0,0.0,1.0,1.0,0.0,1
174.91571464924743,4.025397684534589,5,0.0009238277070401936,0.00040789296876611743,0.0,38.401446058124286,6.204204688419528,3,3,0.005125955129038996,0.0018705841715496272,0.0,99.0,0.0,0.0,0.0,0.0,0
157.57918967857026,6.143811676658384,6,0.015056491275442266,0.0003055316453215544,0.0,125.47468522759927,1.279992107180626,3,3,0.007512058026425714,0.0013958888419061896,1.0,2.0,0.0,2.0,1.0,0.0,1
26.473561015244957,2.644721741914184,5,0.0009342250028643635,0.0003336750334206041,0.0,15.42871123729177,2.670242396001425,2,3,0.0012864716437738495,0.0015701100829855815,1.0,1.0,1.0,2.0,0.0,0.0,1
139.8194061799035,13.25944420456096,7,0.004340785258377049,5.082685686176325e-05,0.0,92.40132701289924,3.6145357698184797,2,0,0.01856695695539345,0.00138776037274591,0.0,99.0,0.0,0.0,0.0,0.0,0
59.026731718596395,9.26037800765289,3,0.0002977662004016249,0.00039777917550856874,0.0,11.992928833108724,1.747551851072126,6,5,0.0003780979097492375,0.0006385638007337854,0.0,3.0,0.0,0.0,0.0,0.0,1
62.7721758043034,4.669091267441945,6,0.0003960909094646504,0.0003740480459036439,0.0,6.063262418237677,2.800224232795656,4,2,0.004745917593841372,0.0005942353245502296,1.0,1.0,1.0,0.0,2.0,0.0,1
21.46160455183221,5.284288188841352,1,0.006514113170554283,0.0002975808173438358,0.0,323.49367153581,4.2866957303184785,1,2,0.005082717520489873,0.00196749989081524,1.0,99.0,0.0,0.0,0.0,0.0,0
16.72285136586587,3.0260879390373017,0,0.0023755486341940765,0.00037080218893454915,1.0,9.58289174019656,7.210394541632285,4,4,0.000755482457178809,0.0012021609297216457,0.0,2.0,0.0,1.0,2.0,0.0,1
114.13840811611513,6.43632284549528,3,0.003502413355844241,0.0007775922481058528,1.0,42.14257430607065,7.10507086402351,6,0,0.021088685133483165,0.0006885343354818085,0.0,1.0,1.0,4.0,1.0,0.0,1
64.887553167748,1.291582232446001,3,0.002760022326186891,9.794642849462134e-06,0.0,131.413886630454,6.5653231505916985,4,3,0.009587915219140652,0.0004864153939015197,1.0,3.0,0.0,0.0,0.0,0.0,1
55.936840331290504,10.683750118226191,9,0.006540871441786134,8.936382470964849e-05,0.0,107.68144400211548,7.77741996225887,2,4,0.0031060533616548234,0.0021897936464088186,0.0,2.0,0.0,2.0,1.0,1.0,1
114.60108810520303,6.214843150547985,4,0.005531552709260033,7.983859327108284e-06,0.0,43.22594377388001,1.1650294553393412,2,3,0.02244170513266718,0.0008828225955661684,0.0,99.0,0.0,0.0,0.0,0.0,0
126.02837591739082,2.362849991641726,3,4.0013288224812206e-05,0.00010715935662800364,0.0,61.62719409068521,1.424216961762695,4,5,0.007795396599658684,0.0015087126533631474,0.0,2.0,0.0,4.0,1.0,1.0,1
23.84435446083196,10.526621940566669,3,0.007202174363657227,0.0021264495434488964,0.0,64.60750423079459,2.6201348165219973,2,4,0.00323934446753453,0.00012662192148905945,1.0,3.0,0.0,0.0,0.0,0.0,1
85.37488103334776,12.571837859863678,8,0.006258767645334883,0.0011113158961833414,0.0,11.980231237163629,1.829553108125095,5,6,3.899876306007173e-05,0.0029883375321971455,0.0,2.0,0.0,2.0,0.0,0.0,1
21.63481596222998,5.454232768473927,2,0.001284002155117726,0.0005065504835912552,0.0,25.120316689553455,3.8633179785655862,4,2,0.003020853470896314,0.0004615777048617471,0.0,1.0,1.0,1.0,2.0,0.0,1
121.34479102618796,2.669727855376239,2,0.006694393151490061,8.30178280026443e-05,0.0,26.484826830128434,9.50493706386405,4,4,0.009851702461387888,0.00022786240410232244,0.0,1.0,1.0,3.0,2.0,1.0,1
95.59152804927551,4.440121069671346,5,0.007394452392290038,0.0019877034563510624,0.0,33.50127423611087,1.3430742964057205,3,3,0.003995861494328955,0.0003063416183172315,0.0,2.0,0.0,2.0,4.0,0.0,1
261.01062287682595,5.923564582745179,1,0.015029196944695825,0.0004237217929137,0.0,24.205500959285516,2.404533981593258,1,3,0.004916013142692798,0.0020516819515949197,0.0,3.0,0.0,0.0,0.0,0.0,1
15.716072600682583,5.188660886120827,1,0.0032436738136765314,2.6144276869551725e-05,0.0,22.380921177720293,3.0637097334492416,2,3,0.005702906153493005,0.0017532779003699114,0.0,1.0,1.0,4.0,2.0,0.0,1
14.699762145986998,2.363040703200217,6,0.002228799979539293,0.00016992844309898628,0.0,31.29034874264164,1.4763225918696081,4,5,0.00616310939734518,0.0038706779034414027,0.0,1.0,1.0,1.0,1.0,1.0,1
36.523703487589124,5.860293632716063,4,0.00016123885087136075,0.0001177064133502207,0.0,33.60734063666554,4.895809947582506,3,3,0.0060020584270251386,0.0003408082547292214,1.0,1.0,1.0,2.0,1.0,1.0,1
34.27301850851066,8.283057975428274,5,0.0017530510648650745,0.00023182017143290372,0.0,45.074977221919816,3.3235092291381565,4,8,0.008852920129383926,0.0007262540584153195,0.0,2.0,0.0,3.0,1.0,1.0,1
32.69295170365818,2.0745331166111045,4,0.020627583944396857,0.0004915578363073133,0.0,16.435891787221077,2.5387870278387545,1,6,0.010770216410553072,0.0003709776391856781,0.0,4.0,0.0,0.0,0.0,0.0,1
199.37379793730474,2.20489908079886,7,0.0052596999212434995,4.811913522120873e-05,0.0,98.16549812250855,4.135501241165546,5,2,0.0051385291086893225,0.002278147637523586,0.0,3.0,0.0,0.0,0.0,0.0,1
32.96617508508853,2.9552486359819925,4,0.0014290278576327762,0.00029488335292987664,1.0,123.25361324486295,5.270435393239157,0,2,0.01873064162381357,0.00015147184231335193,0.0,3.0,0.0,0.0,0.0,0.0,0
35.390814052335585,3.810409673800455,6,0.005401700047021398,0.001640542549808492,0.0,22.114294342049398,3.679119037416257,5,6,0.0009468158580150856,0.0009480624129149071,1.0,99.0,0.0,0.0,0.0,0.0,0
123.96898028777288,6.995738799895019,6,0.001068026594915618,0.0003626712409695819,0.0,12.895474986108567,3.75768394500202,2,3,0.002322068802268741,0.001695599947658423,0.0,2.0,0.0,1.0,0.0,0.0,1
57.789127909204566,8.228501500361808,6,0.0016724405693765484,0.0015653045619916735,0.0,81.87542181374229,3.271362809099779,2,2,0.007630039899677726,0.0004132300448448465,0.0,99.0,0.0,0.0,0.0,0.0,0
129.94291186067676,2.60546680456879,3,0.0011454927986208677,0.0011140090871220004,0.0,159.81514701016783,3.877906558316067,2,2,0.0009500914132693661,0.000730214915295225,1.0,2.0,0.0,3.0,1.0,0.0,1
15.408035100954013,4.875744439974738,6,0.004389732243797621,0.000580729027770345,1.0,7.14685452856398,5.954075323223681,2,3,0.0004673421954675876,0.0006921995436798942,0.0,3.0,0.0,0.0,0.0,0.0,1
63.48747936829894,8.031808975743111,3,0.0005063016902800049,0.0033582210130154097,0.0,5.87247149427347,9.747246843281482,2,2,0.0027556806475746557,0.0005822755412341312,0.0,4.0,0.0,0.0,0.0,0.0,1
12.735321995035987,13.71571454850171,2,0.007317809642959855,0.001680094343413783,0.0,17.15822482000136,11.935757494341974,1,3,0.01651697549878028,9.087245957401077e-05,0.0,99.0,0.0,0.0,0.0,0.0,0
15.176156120850553,4.860698274134167,6,0.0002047735280109364,0.0010753415709506288,0.0,74.27144481526916,3.7681382645492363,3,3,0.0005368967865107072,0.0009114544503626919,0.0,1.0,1.0,3.0,1.0,0.0,1
199.5300094516387,5.019787385810233,5,0.0021831520178457182,0.0006344184479338114,0.0,205.77018749745395,3.7930296133717376,5,2,0.013858523647543877,0.0018040041567717918,1.0,2.0,0.0,1.0,1.0,0.0,1
21.995663923715604,5.474042474890542,3,0.008813441750366165,0.0005336163666622133,0.0,88.26916063715987,6.235811992478623,3,5,0.0007165461269122804,0.0003095594644182232,0.0,2.0,0.0,0.0,1.0,1.0,1
70.81490248497678,3.5783519349804713,3,0.0021412054797647962,3.135341409673396e-05,0.0,56.06285696766542,2.008879422240707,4,5,0.007152609495300836,0.001417268023288653,0.0,2.0,0.0,1.0,2.0,0.0,1
52.35931375348491,4.643489030353278,4,0.021210761899987912,0.0006835186636492472,0.0,77.34834756851164,8.314213252012,0,2,0.001998658379935099,1.378983515977219e-05,1.0,3.0,0.0,0.0,0.0,0.0,0
44.13632444756293,1.3981859619441275,3,0.010011808838236002,0.002086247641639073,0.0,20.736324403823865,3.6261691704202272,2,5,0.0031385635989921983,0.00046876317737666693,0.0,99.0,0.0,0.0,0.0,0.0,0
194.07359496070615,3.035598984472175,1,0.014575781928683884,0.001160025479568412,0.0,74.99136332756844,1.691201121387305,5,3,0.0004319743913263271,0.00010964112325610144,0.0,1.0,1.0,1.0,1.0,0.0,1
11.765203948400123,5.806399565984578,2,0.012493860113805362,7.757619539191851e-05,0.0,28.26738039612268,1.3994674303387846,1,0,0.0016561497057827326,0.002359948135500344,0.0,2.0,0.0,0.0,0.0,0.0,1
97.20147046661516,2.5218337778051625,6,0.0017198356508627015,0.0001200879839280572,0.0,20.09428935475846,2.3368829003700142,1,4,0.006102845009841477,0.00031651358760056254,0.0,4.0,0.0,0.0,0.0,0.0,1
274.60439835746934,7.093218633438847,4,0.0020127494010452342,0.0017028054461902073,0.0,21.19493008974044,2.641686375881347,3,5,0.010245526990679816,0.00010328077089260221,0.0,4.0,0.0,0.0,0.0,0.0,1
75.70902882246816,1.5928180380705932,1,0.010791127322697944,0.00023425495513570546,0.0,71.11887276162642,3.7549927059209205,0,1,0.0023187239638830714,0.002610820663498505,0.0,1.0,1.0,4.0,2.0,0.0,1
230.94451623352953,6.93134811099422,2,0.0020133063980415536,0.0010365863057864196,0.0,92.461163586828,6.546087677799097,4,3,0.010816574195256473,0.00016908302044428686,0.0,3.0,0.0,0.0,0.0,0.0,1
14.293827063665924,6.920260536757933,3,0.004373834893860746,0.0003303540695843866,0.0,57.30803232612464,4.274219144956114,5,2,0.008473879036139421,0.0012521545928284574,0.0,99.0,0.0,0.0,0.0,0.0,0
53.41190818378369,13.864121053325253,3,0.010151577981900332,0.0007872687529259175,0.0,8.959110751699091,5.399019032137373,1,4,0.0011038259916979938,0.0020275628161938093,0.0,3.0,0.0,0.0,0.0,0.0,1
34.1054677240551,3.4958512130869455,4,0.01876639318043284,0.0003116656979362091,0.0,7.325031845601756,4.699910808138902,3,1,0.002071915785918004,0.0001922761842108682,1.0,2.0,0.0,3.0,3.0,0.0,1
114.99028504585124,4.338440130264916,5,0.004386364210414713,0.0008445288086600622,0.0,19.69014178850708,1.6544541295319102,3,5,0.0016344763538548948,0.0009400531336074101,0.0,3.0,0.0,0.0,0.0,0.0,1
328.3260943073346,10.06432449452822,6,0.012979280187302794,8.057345964802887e-05,0.0,25.25173869017098,3.1414645424884324,3,1,2.1193062001254583e-05,0.0005874511525953124,0.0,2.0,0.0,2.0,1.0,1.0,1
33.71415580669211,9.30348749647635,8,0.008123439282905992,0.0006486196468516986,0.0,36.13347308803948,1.846341715944628,5,6,0.00824058575626273,0.0005558600732686341,0.0,3.0,0.0,0.0,0.0,0.0,1
94.94570078640253,7.72160195255778,4,0.0025184811437711477,0.0027274087843349552,1.0,9.744415673933807,3.323939705567426,1,3,0.0034797536559243165,0.0003102267924229265,1.0,99.0,0.0,0.0,0.0,0.0,0
27.661473210742372,5.294247130976232,5,0.0005059866105312978,0.0016139606048431122,0.0,82.4937007240682,3.0034709389041185,5,5,0.009776607683381882,3.6106564365542814e-05,0.0,1.0,1.0,1.0,1.0,1.0,1
76.65349937183666,9.901330527598946,6,0.0072754890714299015,0.00018939674953675828,0.0,79.58322864672543,2.827850420407419,6,1,0.0006739974101939492,0.0005962070264532771,0.0,2.0,0.0,2.0,0.0,0.0,1
59.87961345378575,16.866610778939055,2,0.012762040604305075,0.0002040040051568875,0.0,30.54107243310388,6.400309532712132,3,2,0.002951873959647501,0.0007349238298963411,0.0,3.0,0.0,0.0,0.0,0.0,1
296.0592904726492,6.128376572529855,7,0.0010397634172886253,0.00036979064009734757,0.0,54.66967162939899,4.086817505785547,4,1,0.024109124911349873,0.0003118062679159275,0.0,2.0,0.0,2.0,4.0,1.0,1
85.02715424301867,4.4623271753226526,5,0.0037030436307468268,0.0018743761193271418,1.0,11.382724990867377,7.741341065662084,4,2,0.005260118233453549,6.60500015903768e-05,0.0,4.0,0.0,0.0,0.0,0.0,1
44.40190214023285,6.56827167061168,3,0.008499218375675834,0.00032493496842667807,0.0,37.19103499927171,2.708610576385313,4,2,0.012538707617364237,0.0003730072361848404,0.0,1.0,1.0,3.0,1.0,0.0,1
19.691715486049613,4.820226827933362,10,0.0028792545630454006,0.00020267063337868577,0.0,121.9320692611047,2.1827045572074004,4,2,0.0009110587092616981,0.0017068409885916706,0.0,99.0,0.0,0.0,0.0,0.0,0
23.118949097714903,3.677117690331178,2,0.0011407454669663853,0.0009794127502563649,0.0,69.83852679042373,1.8397210851780734,3,5,0.0022249586547515485,0.0004741125599461137,0.0,99.0,0.0,0.0,0.0,0.0,0
30.424102011270584,7.11116229364934,7,0.011003218135153044,0.0012767344449173014,0.0,11.58512705671736,5.590077093504402,2,1,0.002024230024010736,0.000983820969479224,0.0,2.0,0.0,1.0,0.0,0.0,1
33.117742844909586,3.2070185057426857,3,0.0007915502389158297,0.00011678732025210025,0.0,117.86614964008487,2.5292558762320256,2,6,0.0026029738908918496,0.000272706411415745,1.0,1.0,1.0,4.0,2.0,1.0,1
162.09883954104885,6.054245888455137,2,0.01842244564278284,0.0005832494599545296,0.0,73.49674222602148,3.2643859103477753,4,4,0.0012301482928073594,0.0011360366740704694,0.0,99.0,0.0,0.0,0.0,0.0,0
75.90107880934356,1.7584374948479922,2,0.00994824849516962,5.880230773217896e-05,0.0,41.204563765403186,7.26791049914099,3,2,0.00039955134929589586,0.00013295734327238158,0.0,2.0,0.0,1.0,0.0,0.0,1
69.28469158283548,10.970514529779722,4,0.001508147278011263,0.0021619147517488446,0.0,75.67706725476894,5.503129840242518,3,3,0.0039690961200949644,0.0013325991684628826,1.0,2.0,0.0,2.0,0.0,0.0,1
19.75252050730383,2.7129171036515842,7,0.006904032871624762,0.0009393740778961576,0.0,16.38399573599348,1.6887649996747944,2,2,0.0034861752004690925,0.0009883792439885684,0.0,1.0,1.0,4.0,2.0,0.0,1
167.36889313240698,1.936273467128089,1,0.012026567103458962,0.0009013276126389951,0.0,52.97535956111274,4.629747012074166,7,2,0.000989183383976163,0.00021518926123183831,0.0,1.0,1.0,1.0,5.0,1.0,1
112.64540894990886,9.112695452704099,3,0.0008905750618294557,0.00021140404020035509,1.0,62.72861590930159,3.751313016188214,3,3,0.007798937251710822,0.0003017036352267093,0.0,1.0,1.0,0.0,2.0,0.0,1
15.605335417561305,10.143863106399824,5,0.00010857773939887202,0.001112470807554164,1.0,162.65307798740525,7.470747090641171,7,4,0.0006129399381921564,0.0007250362417403113,0.0,1.0,1.0,4.0,2.0,1.0,1
108.43495204819634,5.230372053918982,5,0.0007831913743655363,2.2443368046702305e-05,0.0,9.15404115660721,2.7545332198582306,2,1,0.0008330165996616149,0.0004555423943662888,0.0,99.0,0.0,0.0,0.0,0.0,0
72.74002404939071,4.0937375642596905,3,0.0009598690655420122,0.0029113794800902175,0.0,33.17936194891095,3.582040420039835,1,2,0.0026492942996257933,0.0014435034790715587,1.0,4.0,0.0,0.0,0.0,0.0,0
16.820699637573462,3.5452571593257796,2,0.0009585078723769908,0.0003732814938412189,0.0,170.70102541952153,7.043681678590838,4,1,0.00869395311149879,0.00037457294168294364,0.0,2.0,0.0,0.0,0.0,1.0,1
59.04352964853619,5.063248710351159,2,0.003905131969658129,0.0007754659902632358,0.0,19.69429646135033,3.2868634788092757,1,2,0.01379448460631328,0.002843563750364922,0.0,2.0,0.0,3.0,0.0,1.0,1
63.0399054731948,4.230272409616421,6,0.0007951517641321911,3.0466533886352858e-05,0.0,105.66311064829468,3.6929820393061417,3,1,0.0075371587962966965,0.00015500128680085866,0.0,1.0,1.0,2.0,0.0,1.0,1
24.500126209745318,3.9306353770302183,3,0.015279514610604837,0.00236864633765046,0.0,5.0964095127178455,3.8242160058840273,5,7,0.004206566044310329,0.0005380669542885939,0.0,2.0,0.0,4.0,1.0,0.0,1
243.0557541919597,2.5519685399174445,3,0.0008335661996209105,0.001460677145644131,0.0,6.573497457514904,6.775431957276438,2,3,0.004048860745062932,0.00018737452305499073,0.0,99.0,0.0,0.0,0.0,0.0,0
161.7564646587748,2.166970980518754,3,0.004524526566653391,1.095409208979515e-05,0.0,28.816154792242315,2.151645319927006,6,4,0.01148004241575459,0.0001969576660291966,0.0,99.0,0.0,0.0,0.0,0.0,0
98.45635122081744,4.564329103096297,3,0.01015048155056024,0.0006162689711343126,0.0,92.79148610532437,7.545553862465004,1,3,0.003869956085045232,0.0004310503870348488,0.0,99.0,0.0,0.0,0.0,0.0,0
59.63569917351086,4.971979847500081,3,0.00610538911782802,0.0007159244509196694,0.0,11.59850004453639,3.7418340817818696,3,2,0.011402969006980103,0.0003502231876328665,1.0,1.0,1.0,4.0,1.0,1.0,1
52.450373740547526,2.8017988971072834,4,0.0025823959618211144,0.0002451279695586158,0.0,33.958944606100275,12.126131627104673,3,1,0.0008979856742692175,0.0013762113184277577,0.0,1.0,1.0,1.0,1.0,0.0,1
94.20858674512468,3.0342220803053794,1,0.0036926210823312643,0.0004909074884777361,0.0,13.457062586853317,8.50334908824826,2,5,0.0033207985128126897,0.0007778386144175623,0.0,1.0,1.0,0.0,2.0,1.0,1
73.0725979443034,4.964925916344747,7,0.004279956444399285,0.0011705828255649078,0.0,20.18474871131718,3.8505709131277372,0,3,0.001624030395439138,0.00042149035484771605,0.0,1.0,1.0,4.0,2.0,0.0,1
15.143722402170123,2.5147940873027466,6,0.0074444512701797435,0.004525173010798954,0.0,46.94921402575011,3.3536193759918707,4,2,0.0034856295603744973,1.0437005751206384e-07,0.0,1.0,1.0,4.0,1.0,1.0,1
67.47763375472283,7.899606055898122,7,0.013778996126858668,0.0004110645693501283,0.0,28.063803576500888,2.4916115810440873,4,5,0.004772549668534365,4.803975716155678e-05,1.0,1.0,1.0,3.0,0.0,0.0,1
141.35838306945058,5.911651402793382,4,0.0008487558828112004,0.0003732223375161743,0.0,19.288780394782023,2.992030687703977,3,4,0.011571113158540886,5.95894785985821e-05,0.0,2.0,0.0,2.0,2.0,1.0,1
59.1823596105784,2.7869730308932343,6,0.0068806471975152595,0.000563114638803867,1.0,35.00273438075655,1.7123306118333725,7,3,0.0037377330788379397,0.0010843667465474478,1.0,1.0,1.0,3.0,2.0,1.0,1
14.268397880675947,5.734547557612602,6,0.003976080104624794,0.00024395117093656754,0.0,77.44973296950891,1.1905169254963732,1,2,0.002828956078164082,0.0003115183676624644,0.0,1.0,1.0,1.0,1.0,1.0,1
133.44640854489896,2.5491846309762685,4,0.004482599659403882,0.0006601405424087945,0.0,12.630340852130164,7.854070437295347,5,2,0.00027306295704748555,0.002352055837435807,1.0,3.0,0.0,0.0,0.0,0.0,1
27.987978694869923,6.939382280197235,5,0.0012128673859142089,0.0012413356044497185,0.0,44.18881151676889,4.295040350429772,1,2,0.007404636216536466,0.0006670425875217488,0.0,1.0,1.0,2.0,0.0,0.0,1
33.939447259869624,2.6056409739313953,4,0.005777996008902257,0.0002734193566585431,0.0,24.27182540198194,4.85249614088271,3,2,0.0002171010341446381,0.00019360506101427587,0.0,1.0,1.0,5.0,1.0,1.0,1
24.39775547339213,4.046416821117742,6,0.0117519441887906,0.0008781348221564979,0.0,33.54883242418002,3.2727503723120606,3,5,0.004527839496761143,0.0009224649911800528,1.0,3.0,0.0,0.0,0.0,0.0,1
42.06388883773714,4.7295770717707235,2,0.004206983059854954,4.103994804874898e-05,0.0,108.40855106526115,2.6665355015847076,6,3,0.0036974656842078193,4.5428785717818125e-05,0.0,2.0,0.0,1.0,2.0,0.0,1
123.0937398253213,10.051559659939475,6,0.0012616526697751282,0.0007588885834785671,1.0,164.32460149732202,4.5705218836188575,3,3,0.008224458530780769,0.0003848592954568762,0.0,4.0,0.0,0.0,0.0,0.0,1
68.61524268192343,2.7008926476660102,7,0.005514989928967374,0.00032716189832729473,0.0,21.701770312871503,1.929594907335841,6,2,0.000457652222164403,0.0005579985169238956,0.0,99.0,0.0,0.0,0.0,0.0,0
28.341106782967074,2.6389096681738655,5,0.004518959887326634,0.0017337442458815106,0.0,64.65042688214064,9.03623212863478,5,2,0.0024245215901641374,0.0003508518317234996,0.0,99.0,0.0,0.0,0.0,0.0,0
178.18739210123903,1.8110961678280137,2,0.0005831076762122593,0.00040911802249068866,0.0,72.74625926138059,4.040419605204438,1,3,0.012334860773851195,0.0005137682695702035,0.0,1.0,1.0,3.0,2.0,1.0,1
179.34280408638674,11.86019461221696,5,0.013750381336811175,0.0009057725437844675,0.0,115.89445575906639,4.018097019146725,1,2,0.0008302901581420191,0.0007080104671151907,0.0,3.0,0.0,0.0,0.0,0.0,1
173.5744144081949,4.424016146071207,4,0.0019410439490453995,0.00048482724968934023,0.0,142.5833198466403,5.366360844673946,2,1,0.0021117910139630456,0.0009113741668212817,0.0,1.0,1.0,1.0,3.0,1.0,1
31.828333312553664,8.013670515045458,6,0.007021040363910174,0.0004385390185550249,0.0,42.86578229541364,6.273278663915953,1,1,0.0032120160242381673,0.0009589903445183646,0.0,2.0,0.0,2.0,2.0,0.0,1
58.00743171458344,3.065351139134228,3,0.012834639604598925,0.0005448231426092756,0.0,247.99318118385375,2.8732207736690896,6,5,0.0021156563353501297,0.0002581114491373228,0.0,2.0,0.0,3.0,0.0,0.0,1
345.92125799439606,3.2328051973431857,6,0.008995738289226096,0.00028276728313799863,0.0,217.0747585271046,1.7241946526969483,5,6,0.0015858392696476997,0.0003156213010807867,0.0,1.0,1.0,1.0,0.0,0.0,1
128.27714977462227,4.2161463533087655,3,0.009110008205552507,0.002081270135945006,0.0,47.370051209896346,2.757735978988287,6,1,0.001480930761547696,0.0013096425751573698,0.0,4.0,0.0,0.0,0.0,0.0,1
12.203462290950522,4.29073663029261,5,0.0005702609415744402,0.0002643453983379937,0.0,51.85737378464737,1.8530536334464827,1,6,0.00804174942258868,0.0016284013373484459,0.0,99.0,0.0,0.0,0.0,0.0,0
15.394207025528841,6.427265133304902,5,0.015886052582146346,0.00018629610285358716,0.0,71.11202590832696,3.2969011233589116,2,4,0.012306214096101812,0.0023206964947705337,0.0,2.0,0.0,7.0,0.0,0.0,1
59.879447821685034,4.500390100570226,3,0.00527085956965464,0.00014022809773053203,0.0,33.086675100430426,2.2664372863514406,0,0,0.0006765721692123044,0.00308782468438402,0.0,1.0,1.0,2.0,1.0,1.0,1
201.94548397229448,3.462602007246532,7,0.0035729104150208865,0.000310769124223405,0.0,70.09035888508335,4.515854393749642,2,3,0.014818813172636626,0.0016088274225504848,0.0,1.0,1.0,0.0,3.0,1.0,1
71.89684688031363,11.994598260257451,5,0.0036733657632133515,0.00020636105114909544,0.0,48.3280434386454,1.7454610628490945,3,5,0.0005835993332466914,0.0004236543797570179,0.0,3.0,0.0,0.0,0.0,0.0,1
65.10253912391136,2.5326209647929696,0,0.004146375214881197,0.00027958373425364017,0.0,7.164793227420324,8.307513357917312,5,4,0.0015783086049228447,0.0008821412581637462,0.0,1.0,1.0,2.0,3.0,1.0,1
18.916877961328353,2.7092573347437714,2,0.000705152788434023,0.0002054554372907335,0.0,119.92882532241732,4.203422668086723,3,2,0.0017974926027523278,0.0001729301640256374,0.0,1.0,1.0,1.0,4.0,1.0,1
95.55071545047699,2.552690287463822,6,0.001101382489567943,0.0010879411285312573,0.0,174.25210856770687,4.3726880525143255,5,4,0.003658939080636156,0.00011416088044025619,1.0,1.0,1.0,1.0,4.0,1.0,1
148.12411605041598,6.5760718330861945,4,0.015146921199520123,0.00022206096653115917,0.0,6.594751794921638,3.6826813786841996,2,4,5.303971944142634e-05,0.00036898065387593786,0.0,3.0,0.0,0.0,0.0,0.0,1
48.29707695737474,5.630586511199332,5,0.0034291222502910446,0.0003810206085765814,0.0,98.42832580535419,6.046227323151741,4,2,0.00435121968769184,0.0013953204622115375,1.0,2.0,0.0,0.0,0.0,0.0,1
129.55023346706975,3.9405182716771203,1,0.0017066031412745599,0.0017390888290597858,0.0,34.24737570797314,3.5470767564218018,2,3,0.002394772228520668,0.00105256833295283,0.0,99.0,0.0,0.0,0.0,0.0,0
277.00521296416787,2.480466433221371,2,0.0010230971263255253,9.621164350635608e-05,0.0,57.8600197101724,3.1110371765222284,4,4,0.004030164907416059,8.996892624866298e-05,0.0,2.0,0.0,0.0,0.0,1.0,1
28.229019449073046,4.71754254636635,3,0.0025416984639394097,0.0012536065556214315,0.0,46.588224471946575,3.7167472062174043,1,1,0.000875719284938226,0.0014059986376802865,1.0,2.0,0.0,3.0,4.0,0.0,1
69.27440621617086,7.127951691582518,7,0.006299682743338992,0.0033816519707328334,0.0,53.08547020241789,3.437482256219704,1,4,0.0006086340129782346,0.00041587730166486707,0.0,1.0,1.0,0.0,0.0,1.0,1
37.07738935112431,10.300580562034868,5,0.004417356379253654,0.0017368026112969314,0.0,46.01395028525936,2.4540627611508543,2,4,0.012773968072532125,0.0013799343536827014,0.0,4.0,0.0,0.0,0.0,0.0,1
135.94667545739793,2.990139999899138,6,0.005890140967632919,3.346615306266394e-05,1.0,120.19277033620142,7.441920038234753,3,2,0.004532654090338671,0.0010629890446414263,1.0,4.0,0.0,0.0,0.0,0.0,1
78.94294727517159,3.932410297794445,7,0.0021827869869828456,0.0002934545396747523,0.0,74.02718949807436,3.9314930551001814,3,5,0.014962088169002958,0.0008701095936033618,0.0,2.0,0.0,4.0,1.0,0.0,1
90.53716142666207,5.598282127614937,1,0.02203982408465395,0.00316078476107608,0.0,36.92676120318314,3.1816896850389877,3,2,0.0010829081683933004,0.0005952758072490893,0.0,4.0,0.0,0.0,0.0,0.0,1
137.9250175560853,3.44216909617751,6,0.004944112973474347,7.825122254706953e-06,1.0,74.99456775209276,1.9814739768702239,6,2,0.006283867486803043,0.002081776018490544,0.0,1.0,1.0,1.0,0.0,1.0,1
50.33057567374243,1.9541880098825213,2,0.0023367719612196205,0.0006080169547698481,0.0,206.22646467294464,1.2570096783731741,2,5,0.0035742218543551134,0.00128292422417035,0.0,4.0,0.0,0.0,0.0,0.0,1
207.29313700903725,3.9441126838934775,2,0.005048793907251969,0.0007954838967921286,0.0,10.023003952164483,5.18106652208361,4,2,0.002545712787716524,0.0002557454690903037,0.0,3.0,0.0,0.0,0.0,0.0,1
70.91902699643049,2.0833491900544137,3,0.007644614303968709,0.0005741717475791929,0.0,34.470201177617135,2.821841811435996,3,0,0.016302937431772354,0.0006951166441994724,0.0,2.0,0.0,2.0,2.0,0.0,1
23.75372892714547,7.493930271818587,7,0.0022814011286268923,0.001657711454229085,0.0,127.62316988457835,2.5913180219875254,1,2,0.007962848260882558,0.0002848545727821927,0.0,4.0,0.0,0.0,0.0,0.0,0
105.23166275971104,3.6052410645866044,4,0.0005363224183444593,0.0005717409564585793,0.0,85.60676278937956,5.642834063888966,2,2,2.7192198552294885e-05,0.0009941543353793043,0.0,3.0,0.0,0.0,0.0,0.0,1
136.10398767391638,4.178055763491685,3,0.008701762829470465,0.0024433795459351993,0.0,168.93647591544726,1.1084892873987973,2,6,0.0023990130675603807,0.00023817535626950454,0.0,3.0,0.0,0.0,0.0,0.0,1
40.47292358365682,2.7496512073966524,4,0.0022919618033999454,0.0011205812592262748,0.0,7.437438824033152,1.2919379082134794,0,2,0.0043593997832231295,0.00013265560059398069,0.0,1.0,1.0,1.0,4.0,1.0,1
165.69319844106897,4.274170569471256,2,0.009963384892112723,0.0007017197282249538,0.0,124.16826824441151,2.661436386692184,0,3,0.0007817843554946361,5.708096889059213e-05,0.0,99.0,0.0,0.0,0.0,0.0,0
199.27885168249333,8.844364545347036,1,0.0004381460153306152,0.0025551530008602556,0.0,99.15501288925923,3.599610119414778,6,8,0.00409175322657656,2.4988879989484105e-05,1.0,2.0,0.0,1.0,0.0,0.0,1
35.93711676563715,7.9844362147999695,5,0.004821152880255922,0.0007683636223369783,0.0,106.25662243330541,2.377825669580606,2,5,0.0010379017980244542,0.0009400317513421381,0.0,2.0,0.0,1.0,3.0,0.0,1
338.4557697825391,2.25497167092817,5,0.0004567677232432321,0.0005450657333880906,0.0,59.56825162604745,3.329667088775788,3,3,0.0003774347106948363,0.00012619350638632152,0.0,1.0,1.0,2.0,1.0,1.0,1
22.132047230440442,1.0896462673859828,5,0.010404029895639294,0.00023085692747703093,0.0,8.198795891649606,2.643234794496408,1,2,0.0012222927798237401,0.00018391529201893845,0.0,99.0,0.0,0.0,0.0,0.0,0
28.053305305174064,3.9621401803472858,4,0.0039268919678477855,9.256353085032236e-05,0.0,51.47834703513348,3.9349671237052255,7,0,0.0016913079719370447,0.00017777505241842875,0.0,3.0,0.0,0.0,0.0,0.0,1
26.289320021405736,3.619781158822282,1,0.00898050299759141,5.06689914366493e-05,0.0,36.42970134352151,2.155061927640671,3,3,0.002330424121454018,0.0024338992971107178,0.0,2.0,0.0,3.0,1.0,1.0,1
189.53752913473062,3.4912716515120907,3,0.004043629611698685,0.00038679636745543014,0.0,49.92488998265728,4.3464682153470395,2,5,0.0009156098422756436,0.001229723251945293,0.0,99.0,0.0,0.0,0.0,0.0,0
94.97299108277628,3.1010648238064316,4,0.0014834929275416063,0.00021917594444638557,0.0,85.89275938836035,1.5663073557897627,2,3,0.00042328076619544384,0.0017627965794498165,0.0,2.0,0.0,0.0,0.0,1.0,1
23.1998101000243,2.227227287593031,2,0.010702941325704516,0.001829066129195036,0.0,59.37457798643391,2.5907857387287887,3,2,0.001124049297015398,0.0014168549922879215,0.0,1.0,1.0,1.0,1.0,1.0,1
56.43169559118975,14.443700457860428,8,0.0012218365425230202,0.0019103318711924196,0.0,25.766392620571914,5.048048120175883,4,1,0.003780571878656907,0.000919698559935539,1.0,1.0,1.0,2.0,2.0,1.0,1
86.42290684383694,11.853720084522154,5,0.0028313153733796866,0.0004670108883379332,0.0,59.90359084396482,8.334772223639616,2,6,0.005806398294845155,0.00011570386815816774,0.0,4.0,0.0,0.0,0.0,0.0,1
16.972322026692588,3.4046421967868477,7,0.0056976013140646415,0.003067973727272971,0.0,10.207927522366289,6.749261038153692,4,6,0.0020023620342378614,0.0020227925932579786,0.0,1.0,1.0,3.0,1.0,1.0,1
181.24843522738186,4.67814393351725,3,0.0020668469326649264,0.00027208321873484914,1.0,5.32282639153363,1.9479617725058511,3,6,0.0006299761611296977,0.0008464720234881197,0.0,1.0,1.0,2.0,0.0,1.0,1
140.20959075628863,7.573582085147186,0,0.003199756446067264,3.0112682408709604e-05,0.0,35.802535058476806,3.4976288231425077,4,3,0.005555197167141461,0.000588038083835252,0.0,2.0,0.0,1.0,3.0,0.0,1
66.28922624654689,4.669050370172495,4,0.008264457543688906,0.001603841058844218,0.0,89.92766287655394,5.046096995433371,5,2,0.011728264675577818,5.2317465670471936e-06,0.0,2.0,0.0,1.0,2.0,1.0,1
283.207353844007,3.2480739809555907,3,0.006016286882758946,0.0007270733812569332,0.0,108.77247122459273,3.705495460045872,2,1,0.004007851416795608,0.00017677858808276404,0.0,2.0,0.0,1.0,3.0,0.0,1
53.269938162351586,1.9721353757374673,4,0.0027058849439698263,0.0016273276649925437,0.0,52.88904070503874,2.013677632993356,3,1,0.003516543201062779,5.344454086599538e-05,0.0,1.0,1.0,1.0,0.0,0.0,1
341.3668301160939,4.3649941145129345,5,0.001458960091846234,0.001669462255957471,0.0,126.50033159044395,1.799256320261705,2,3,0.003458224840835383,0.0005801222782392862,1.0,1.0,1.0,0.0,1.0,1.0,1
98.19034973077513,2.0999042545455735,2,0.0009911326379457295,0.0001979713386800217,0.0,13.074648985203618,1.932801469914489,3,4,0.003543573229542265,0.0005203179537254399,0.0,4.0,0.0,0.0,0.0,0.0,1
90.55661675948167,8.487766018565706,6,0.00879796304516989,0.0014776456290562158,0.0,204.63086582703477,7.750638967379615,2,2,0.0024512728727147867,0.0015204352073109474,0.0,3.0,0.0,0.0,0.0,0.0,1
24.51742365653078,4.2506873536672405,3,0.0018314685424916527,0.0024850181151344635,0.0,157.87871325403276,4.311720846056989,3,5,0.0008529687798500187,0.00395824587309428,0.0,2.0,0.0,0.0,2.0,0.0,1
180.91668992704444,5.86681413009574,8,0.01078107959626562,0.00128623001428066,0.0,59.86314043366508,3.5034196813437988,4,5,0.001086890702700345,0.0019359918121175258,0.0,1.0,1.0,1.0,2.0,1.0,1
54.617962508018024,3.556557612892682,4,0.002036656723323874,0.002563281404548386,0.0,8.631013064405895,5.7582347243827225,8,3,0.013422544410185734,0.0020048571565466156,0.0,99.0,0.0,0.0,0.0,0.0,0
24.161259558614752,6.965884322899378,7,0.0020726878240182895,6.15397043717017e-05,0.0,41.3304749529519,3.6772403426758826,1,2,0.00021267345310179678,0.0011460920464184678,0.0,1.0,1.0,4.0,0.0,1.0,1
11.01501352983485,2.9539450021583624,6,0.004628211816199663,0.00203166881213986,0.0,16.853881926382726,3.880666354765629,3,4,0.008371198677300911,0.00011652003049801457,0.0,3.0,0.0,0.0,0.0,0.0,1
75.63403533711005,5.14316517483627,4,0.00013711109650702677,0.0011670055987416242,0.0,64.40031639840731,3.1857856994285387,3,3,0.000993863253330937,0.0019072282813854498,0.0,3.0,0.0,0.0,0.0,0.0,1
69.96040917268024,3.479957301922584,4,0.0013112946998589813,0.00029033572993484804,0.0,17.64068376323848,1.4060564784562193,3,1,0.0021611290929978043,0.0006477218791579331,0.0,99.0,0.0,0.0,0.0,0.0,0
111.65278757976752,3.792861620917942,4,0.0027236393328112403,4.810608348662802e-05,0.0,44.4433697631056,2.137533646077735,2,4,0.010304009787093244,0.0027968531173929116,1.0,1.0,1.0,5.0,4.0,1.0,1
186.76988845883426,7.514950181635027,7,0.0017933229490930437,6.31816689628593e-05,0.0,18.812123760308722,2.6820114099831898,6,1,0.005748577035558779,0.00036466515216794704,1.0,2.0,0.0,4.0,2.0,0.0,1
16.61894401444396,2.737664411353193,6,0.013762149996438872,0.0006849145487499253,0.0,17.042217984403337,5.117948512782456,1,0,0.0029294964683047133,0.0014630510088480444,0.0,99.0,0.0,0.0,0.0,0.0,0
115.1913035008474,5.353288745646581,5,0.015336369990202894,3.533330702897531e-05,1.0,22.095039947563986,5.611048937460188,3,1,0.004924385887466425,0.000989413702350158,0.0,3.0,0.0,0.0,0.0,0.0,1
26.602479532421533,9.093528915835915,3,0.0049848041555505,0.000809259122663829,0.0,6.77786924242073,1.4661228332008645,5,2,0.0016708551695489371,0.00159209969829796,0.0,2.0,0.0,1.0,4.0,0.0,1
166.25406820548466,7.353095138089415,1,0.0015743960312837443,0.00015971382881116937,0.0,80.55114779577592,2.379957014830803,5,4,0.006153909379481853,6.170965951840251e-05,0.0,2.0,0.0,5.0,3.0,0.0,1
146.76873716888036,3.0027121457772,2,0.0068600763425159805,0.0008810823442593342,0.0,26.979831103944676,3.2558882079932556,3,3,0.0008321843313872715,0.0013625456724770519,0.0,1.0,1.0,2.0,0.0,1.0,1
72.26046674392805,5.790890124621954,1,0.008790156841114607,0.001778369691747736,0.0,76.86116720773633,1.7808676068011202,3,1,0.0026985446384412354,0.0010810790833853643,1.0,1.0,1.0,3.0,2.0,0.0,1
109.096955464965,1.5934041405057133,5,0.005244860568892826,8.979618506171345e-05,0.0,68.58857603999326,4.922814231400287,3,5,0.0007077999004886162,0.00045967759312415615,0.0,4.0,0.0,0.0,0.0,0.0,1
40.191052048911715,7.666406993639949,3,0.00042252249072910383,0.0018141760163551107,0.0,9.103968052359145,6.1272600177014045,4,3,0.009278831239968966,0.0013289198266384443,0.0,1.0,1.0,5.0,2.0,0.0,1
60.96674294315693,16.83645415911374,3,0.0005925522949583893,0.0012686949573523234,0.0,27.441017771186004,13.767186041668342,2,2,0.0036355677019219747,0.001646534023662489,0.0,1.0,1.0,3.0,3.0,1.0,1
147.914712476717,5.175097140026879,7,0.00015207227849874216,0.0002893604091770523,0.0,55.201730531849954,3.150601386504876,1,2,0.009036471213721108,0.003471312565924307,0.0,2.0,0.0,1.0,1.0,0.0,1
59.1861054739266,9.363334219792312,4,0.0008250866049739117,0.0023614648052282337,0.0,155.35643896068316,3.2411317387084733,6,4,0.026421985613233653,0.0004080351863659143,0.0,4.0,0.0,0.0,0.0,0.0,1
45.4282236949245,1.9267368171164714,3,0.006046454561856049,0.00014915742996362283,0.0,35.78165382028691,6.8900514056401585,3,5,0.002858655823701364,0.0010044875449521215,1.0,2.0,0.0,3.0,1.0,0.0,1
64.53108432678914,2.3557534641620737,4,0.0009894606324592854,0.0015376792221654155,0.0,47.16658905697843,6.3764717123180485,5,7,0.00016715537765947064,0.00016420552026760916,0.0,1.0,1.0,4.0,1.0,1.0,1
150.93687962139393,3.548894177154043,5,0.003076063054519954,0.00022457435359699986,0.0,88.21578661731098,4.709911998083756,4,6,0.006195902421773564,0.0004786119080506718,0.0,3.0,0.0,0.0,0.0,0.0,1
42.662491237146696,3.9421814709668914,10,0.0008541662916429964,0.002079168039744785,0.0,102.56315259522862,2.5240820343109505,3,5,0.00811357904627941,0.0018303655250104557,0.0,2.0,0.0,3.0,1.0,1.0,1
25.26975351530365,5.194383919976551,9,0.01366000157149041,2.133137825478726e-06,0.0,159.10290736699835,2.4279352428537124,3,0,0.00851140170966382,0.002207269432367974,0.0,2.0,0.0,0.0,1.0,0.0,1
109.5874785388227,3.0110353310208997,3,0.0007169900672066084,0.0013172171432597345,0.0,46.25250768912731,2.9890489227458965,2,3,0.022895250803958447,0.00039142318589303443,1.0,99.0,0.0,0.0,0.0,0.0,0
149.88598186279182,4.707075989739417,3,0.002516733229802928,0.000998940116299384,0.0,17.928228600013238,3.615354543224621,2,3,0.010362985767832233,0.0007116528245849946,0.0,1.0,1.0,5.0,1.0,0.0,1
18.485526087847074,7.506110076006152,4,0.002440092976751944,0.0016988794311966677,0.0,91.74259644661714,4.272399077225143,2,6,0.0017737193821094387,0.00015771267903102256,0.0,2.0,0.0,2.0,0.0,1.0,1
31.941697464650822,5.778369347644143,7,0.00014686078253429007,0.0003545157297151473,0.0,13.051343245982592,4.546690889083408,2,2,0.0031100868008544892,0.0006902595057646534,1.0,99.0,0.0,0.0,0.0,0.0,0
22.249482724866812,3.482556745810683,4,0.0016993595209370581,0.000994648676721933,0.0,37.5123901719659,3.7761295744514474,2,2,0.006667255253647583,0.0007850454691893654,0.0,4.0,0.0,0.0,0.0,0.0,0
44.20966892448449,6.639000084084252,6,0.005804405681024028,0.00038684065820982156,0.0,64.36605820571796,2.720450935225963,3,2,0.0005983653191908409,0.0005486896990973588,0.0,2.0,0.0,4.0,2.0,0.0,1
57.878027833616976,3.396712636120655,4,0.0011969224587190224,0.0004538911544089964,0.0,75.63132066996599,1.421187082531148,5,5,0.0014873798258372283,0.0003099820157253169,0.0,1.0,1.0,2.0,3.0,1.0,1
120.52885555870581,4.5563789262997965,5,0.006654289105325027,0.0012548760354131792,0.0,84.2366261460786,4.9599910121931075,3,5,5.273281682640211e-05,0.00053900386777853,0.0,99.0,0.0,0.0,0.0,0.0,0
94.24850604284012,7.279097705480515,5,0.01275814153230359,0.0019754766964212795,1.0,17.905492719425943,3.6333188576526023,2,4,0.0009671403841759528,0.0017905043926204447,1.0,1.0,1.0,1.0,2.0,0.0,1
87.60244922791448,3.8815659995107863,6,0.0012429783506596713,0.0015283202191837715,0.0,244.88493100817124,3.4505956505436206,5,5,0.0019035407258730147,0.00108518012957471,0.0,2.0,0.0,2.0,1.0,1.0,1
44.75546971255768,2.084524045181314,2,0.003200746754751011,0.00011059006572273302,0.0,16.79145385514725,3.0005459830292,4,6,0.00028662088465166764,0.0004813038595488987,0.0,2.0,0.0,4.0,1.0,0.0,1
157.33358760274467,4.481996624150074,5,0.005068729230664819,0.0003134049943936409,0.0,11.06042734349386,11.140080353182576,5,4,0.002772420679543232,0.003624699554929429,0.0,1.0,1.0,1.0,2.0,0.0,1
60.984787523514086,7.317200923490991,4,0.0028494018362883,0.0012702555310888236,1.0,70.44764816069535,7.11442285975902,7,3,0.005509691883619832,0.0010436253123597456,0.0,1.0,1.0,1.0,3.0,1.0,1
319.4593933275913,7.717015071120162,5,0.009397883349246227,0.0010336228947988356,0.0,149.47673642350298,5.126718428436775,3,0,0.0002404720265035767,0.0005642457803434544,0.0,2.0,0.0,1.0,0.0,1.0,1
90.44083016078181,2.3043151274392146,4,0.0026133237582420055,0.0002174588959301138,0.0,54.17485326424916,4.413001581186368,2,4,0.006908090788590893,0.000890144601354459,0.0,2.0,0.0,1.0,1.0,0.0,1
20.79822857448202,6.482810632538496,8,0.002575531654078387,0.00020301982291062845,0.0,59.30360709479351,3.742317705935592,2,4,0.0001604820862777783,0.00024907597635408284,0.0,99.0,0.0,0.0,0.0,0.0,0
100.20479556086043,3.748013985239561,4,0.004753932146924147,0.0004198980122615147,0.0,51.394410601336965,2.113244715731337,4,1,0.0010639287273227493,0.0005448442761007899,0.0,3.0,0.0,0.0,0.0,0.0,1
41.45573575356882,9.735917223252569,4,0.0008243519597633799,0.0005577770156733965,0.0,7.621328124144278,2.8039745524343846,3,5,0.006870378105298454,0.0007460508612652673,0.0,99.0,0.0,0.0,0.0,0.0,0
102.75238912199092,2.1070077135530845,3,0.002070364767357074,0.0009703342049515115,0.0,73.61248218653516,6.6405784993095756,2,2,0.003799659557979135,0.0003270125254578156,0.0,1.0,1.0,0.0,0.0,1.0,1
15.774792405563545,6.410856483529846,4,0.004663395325087534,7.523155109680324e-05,0.0,31.608630800627378,3.5632069471322954,3,2,0.0008736236360387799,0.0010466375830492521,0.0,1.0,1.0,2.0,1.0,0.0,1
25.37825523672972,3.51574737746967,6,0.0003165348301835474,0.00012684713838815266,0.0,169.62729157196887,7.218057751924716,9,1,6.881278965252919e-05,0.00213333394359539,0.0,1.0,1.0,1.0,3.0,1.0,1
164.88952408145042,3.038057932322061,7,0.003138053686803058,0.0013932555930617199,0.0,17.405957520556868,3.755276056959376,1,4,3.9458126636967515e-05,0.00012642291385658817,0.0,2.0,0.0,3.0,1.0,0.0,1
30.616683464542792,7.472448618404555,3,0.00012558443759747286,0.0012372384405908241,0.0,26.582123981787785,1.3168597230675716,5,0,0.021211025320326458,0.00033583039153836517,1.0,99.0,0.0,0.0,0.0,0.0,0
155.14059296902656,8.175073442677293,8,0.0030065946879661663,0.000837859228802044,0.0,47.17424737133726,4.992415840283638,7,4,0.00318531976556678,0.0007847239866726728,0.0,2.0,0.0,1.0,0.0,1.0,1
36.19993115029978,1.4097016780388325,2,0.0009920364854939011,0.00026535033533013483,1.0,43.931174308338235,3.66640773379574,4,3,0.004079008352537217,0.00020069652632669617,0.0,3.0,0.0,0.0,0.0,0.0,1
92.3751014200188,7.551702367108015,7,0.00139493886532075,0.003936575821105457,0.0,35.68001933548389,11.72383605127558,1,5,0.0005776032699606011,0.0016907094601813087,0.0,99.0,0.0,0.0,0.0,0.0,0
104.77298947437109,4.159710131717716,4,0.000396624222077697,0.0006296117579009121,0.0,27.647911792950953,3.1611504930044463,2,3,0.0038685575987708293,0.0029968529442621853,0.0,3.0,0.0,0.0,0.0,0.0,1
67.50259850308396,4.408184909509012,6,0.003583953291614458,0.0003701019439521644,1.0,14.552739664799127,2.9711219570969356,3,3,0.0034919282534691207,0.0007943515599872196,0.0,3.0,0.0,0.0,0.0,0.0,1
39.14324401511857,2.0478281019252087,1,0.009568263199733171,0.0008210098738718153,0.0,108.19598623825965,2.927860864858507,9,2,0.0003523525991418625,0.0022479427576260038,0.0,3.0,0.0,0.0,0.0,0.0,1
29.126020813174865,6.161969362049319,5,0.001370583959055414,6.12228453826211e-05,0.0,40.736164888620294,2.58599794874569,2,2,0.0038461416002102296,0.001450874206419971,0.0,2.0,0.0,2.0,0.0,0.0,1
12.700209536844858,14.659341988634974,4,0.005670713333357953,0.0007193843562562873,0.0,56.05217214783015,6.5908121221601546,1,2,0.01270400375011435,0.0003760795829669426,0.0,2.0,0.0,1.0,0.0,0.0,1
38.98628895209674,3.145630413506108,6,0.0007953692163675274,0.0015863758530623774,0.0,52.45259505961203,16.847182385689578,1,0,0.0008768159695383211,0.0006240913575459645,0.0,99.0,0.0,0.0,0.0,0.0,0
94.7119796873776,8.63982924899036,4,0.0022509592103618914,0.00025342512185156594,0.0,56.409034102975966,3.944061068270012,1,3,0.0005539128821593018,0.0013473888300593953,0.0,2.0,0.0,2.0,2.0,0.0,1
232.84395567274993,4.313519819435597,3,0.0006559992977415558,0.0026010795398177778,0.0,78.21433739599593,5.131985862958681,1,3,0.00030137369551149596,0.0003789650856275603,1.0,2.0,0.0,2.0,0.0,0.0,1
173.96234128771195,3.2183994557192985,7,0.0011716006059030106,0.0014506514225583118,0.0,64.55484109093788,3.068484091467076,7,3,0.005955877311181954,0.00042677493601239584,0.0,1.0,1.0,2.0,0.0,0.0,1
126.21688197979024,1.8544439836776345,3,0.006610367867443168,0.00020758294747300757,0.0,24.204293030354048,9.2648390212893,2,5,0.000539802772145333,0.001687530503856537,1.0,2.0,0.0,0.0,2.0,1.0,1
134.2625074730961,9.374183083960574,6,0.0028560939908480274,0.0013533040957983897,0.0,53.407168898756936,4.598798648757837,2,2,0.00163120320978811,0.0008101547933222655,0.0,1.0,1.0,1.0,0.0,1.0,1
97.48637471373385,4.628580051229556,5,0.007092354416572505,0.00012438717681331375,1.0,21.823554772057943,3.026202107008556,3,1,0.0038675032396083622,0.0005409748237337877,0.0,2.0,0.0,3.0,2.0,0.0,1
34.11942506378161,3.314823110577726,1,0.001857370923853457,0.001159318121605443,0.0,58.32585415184653,6.415136750855159,2,1,0.00017218654205348351,5.5749977203058175e-05,0.0,99.0,0.0,0.0,0.0,0.0,0
200.18040737560725,3.6423737955649766,5,0.006662281518499425,0.0016294039437840819,0.0,38.93112569646081,3.6989924370091627,5,1,0.0007123088685430394,0.00013700612204749378,0.0,99.0,0.0,0.0,0.0,0.0,0
98.87073739360551,6.4544201775242565,2,0.009124563815036488,0.00028505525379398663,0.0,7.412979322149164,1.4229316867555972,2,2,0.0016288329735456995,0.0009419063932115413,0.0,3.0,0.0,0.0,0.0,0.0,1
75.75859903091043,3.3116995066242687,5,0.004495671802319542,0.0004629833829114703,0.0,84.45230988571332,1.9991402636328814,3,5,0.008056159564184557,5.587948103307063e-05,0.0,4.0,0.0,0.0,0.0,0.0,1
19.411695830741174,2.4686678056748512,4,0.0006129875739262298,0.0005230207887444718,0.0,24.267416988859473,1.7826048183443597,2,3,0.0012660983344605923,0.0002499650427059131,1.0,1.0,1.0,2.0,2.0,1.0,1
57.39981787071497,4.048376351030654,9,0.000962316267001022,0.0001918620392047405,0.0,156.68966236140184,6.962562736801203,2,8,0.003214068376069558,0.0009681932956990403,0.0,1.0,1.0,2.0,1.0,1.0,1
59.34798598423964,3.9759946131364674,6,0.005103769576919572,0.0007469980419815304,0.0,24.756698802559654,2.4954560235662924,4,2,4.791122196270239e-05,0.001122248504667111,0.0,3.0,0.0,0.0,0.0,0.0,1
169.94025534855714,3.925006751156309,7,0.0027481037591908044,5.049455979239949e-05,1.0,346.4414886469005,1.8565286072340876,2,5,0.0005878360761194133,0.0006005027237758307,0.0,99.0,0.0,0.0,0.0,0.0,0
73.28695191886115,3.33710270634321,2,0.0011059767796646907,6.229452161958125e-05,0.0,42.299975205521534,4.514460090626564,2,5,0.00713208059287858,0.0007142504487124717,0.0,99.0,0.0,0.0,0.0,0.0,0
48.29456451580628,8.81762364572507,5,0.0014896714175575239,0.0010038167955495195,0.0,6.605735324184547,4.27498875691532,8,1,0.004320384949328626,0.0008474029263713929,0.0,3.0,0.0,0.0,0.0,0.0,1
311.0893728281871,17.89600549130885,5,0.0019534410763060706,0.00023034071902490826,0.0,9.760061336220016,6.495660825843352,4,0,0.002261112365325273,0.0014131374972781753,0.0,99.0,0.0,0.0,0.0,0.0,0
19.38750397014068,2.3073665402732115,2,0.0013652214129468326,0.0023920644885620564,0.0,10.139226239621124,7.548151913919764,4,6,0.0011227083734443673,0.0002618661532504992,0.0,1.0,1.0,3.0,3.0,0.0,1
53.9304558921068,1.3323240886181649,2,0.0057492203687173424,0.0016341707750202814,0.0,8.471376772043905,3.1816683712098066,4,3,0.002583952662984565,0.0005772053822884927,0.0,4.0,0.0,0.0,0.0,0.0,1
13.434660664550513,3.762014006472623,3,0.003586955899194461,0.0004206227703126332,0.0,23.70122606192108,8.557083656497102,2,1,0.0018835683886226232,0.0020046204578921594,1.0,2.0,0.0,1.0,1.0,0.0,1
117.73639597305166,1.387997956150084,4,0.005610993617548849,0.0013677222833192299,0.0,28.54601789367586,6.778446373564595,6,3,0.007834089727555397,0.001067728552524535,0.0,99.0,0.0,0.0,0.0,0.0,0
210.15760249311023,1.7674947441842557,3,0.004305684607381507,0.0012860168949688823,0.0,12.078779125832217,1.4097356137308283,1,5,0.004415863616181479,0.0003763296735323409,0.0,2.0,0.0,4.0,2.0,0.0,1
36.28447319312155,3.17727191940713,1,0.0012020937434535934,9.25749385804529e-06,0.0,39.58924491094313,4.958301571529179,5,5,0.006809205353587051,0.0012581440006213833,1.0,2.0,0.0,2.0,2.0,1.0,1
166.34698364102636,6.426864531157691,3,0.0036835635610975186,0.0012382898739044393,0.0,32.28097447120146,2.3236212119889132,2,3,0.0008019024152634762,0.0002672485221549579,0.0,2.0,0.0,2.0,0.0,0.0,1
37.64955743346395,3.7368947464968505,4,0.012888720408330306,0.0004048273754470715,0.0,65.68951436753733,2.2035185882747874,0,1,0.0116984186126375,0.0005033646261923579,0.0,2.0,0.0,3.0,0.0,1.0,1
203.32318276911766,1.2226868918187943,7,0.010576563199216247,0.0008268239765157247,0.0,18.079253939576272,8.276984485564142,1,1,0.007579328942505938,0.0003451881048084811,0.0,2.0,0.0,1.0,1.0,0.0,1
122.18151132897356,3.7084595995442626,5,0.010872638181883436,0.006439589689307895,0.0,152.19435671341736,6.572238640705568,4,2,0.0011161208160448094,0.0002502448753278577,0.0,2.0,0.0,2.0,1.0,1.0,1
140.74222137411508,3.8714294818782604,0,0.0019071582967561656,0.0014958938942536031,0.0,48.539079223815044,7.0030974519131295,2,6,0.004186183800951833,0.0005049448177978096,0.0,99.0,0.0,0.0,0.0,0.0,0
11.453651713133157,3.9094314566865966,3,0.0016758178588310649,0.00044407106540470984,0.0,63.64738316890956,3.5985014224774483,2,4,0.005209988629704197,0.0004112352686904908,0.0,4.0,0.0,0.0,0.0,0.0,0
273.33799779491176,8.05010946023384,9,0.004416794024054259,3.685946975845999e-05,1.0,7.4193483081766995,1.5717449119569749,4,4,0.0006433788171138552,0.0008912746307426887,1.0,2.0,0.0,0.0,2.0,1.0,1
113.76632417317465,7.264649126860426,2,0.00038381852437136015,6.780044074294509e-05,0.0,54.13469329900232,1.6179987741015802,1,3,0.0038334190145055307,6.265250251913031e-05,0.0,2.0,0.0,4.0,2.0,0.0,1
39.07882891181784,4.523389200434792,4,0.007489704798693152,0.00034083883126831595,0.0,32.54146693090235,2.148516167175773,2,3,0.00472484119536026,0.00034508267060715436,1.0,1.0,1.0,4.0,1.0,0.0,1
151.4721897283926,12.969623504994209,6,0.010301324662017402,0.0007097579847730003,0.0,159.757298310015,6.879618998934746,4,3,0.008803327070152571,0.0003811281878541633,0.0,99.0,0.0,0.0,0.0,0.0,0
36.44952620858553,3.1722567764588487,5,0.0011130139099263328,0.00559084460965352,0.0,135.10597424882735,2.924159065073989,2,1,0.0002028541870674226,0.001144424636329481,0.0,99.0,0.0,0.0,0.0,0.0,0
174.93054379315333,4.017218099755305,3,0.007485597369923639,0.00047354629774308543,1.0,65.90846574810544,8.207371072877352,3,3,0.0004251539891777579,0.00016154510316103042,0.0,1.0,1.0,4.0,2.0,0.0,1
19.554987398487537,4.270732530306637,1,0.004272002389623458,7.926052123050037e-05,0.0,92.62264299257612,2.5316284904810304,3,4,0.005036713897272626,0.00046706676991225697,0.0,4.0,0.0,0.0,0.0,0.0,1
107.30684000353493,1.8445801224194023,1,0.0009296330977918703,1.3909624113547014e-06,0.0,67.06952656471347,9.415768513768839,4,3,0.007153270193635554,0.000453112022252398,0.0,99.0,0.0,0.0,0.0,0.0,0
72.24386967738042,4.323520746894117,2,0.005429317167949827,0.001445765767339219,0.0,6.026823169446353,6.187090999083966,3,2,0.0022154196882617047,1.415946945297527e-05,0.0,4.0,0.0,0.0,0.0,0.0,1
18.121385722120763,1.6826044931739788,5,0.000881656018118209,0.0008774177288897386,0.0,77.86695843898309,2.247240464223421,3,1,0.0008604342459525596,0.00012935529473765022,1.0,2.0,0.0,0.0,1.0,1.0,1
32.15454679106411,2.8948719486739285,6,0.0009926257996728585,0.0012311273232406637,0.0,16.694562111351573,3.8287622084486777,2,2,0.0016542701475044973,0.00013644427688407486,0.0,2.0,0.0,1.0,0.0,0.0,1
10.998528678002241,4.644178569349345,2,0.009541948107817883,0.0012837443799960813,0.0,73.85005795075884,6.520895407464103,3,4,0.012731211371396337,0.00019110960882628015,1.0,2.0,0.0,1.0,1.0,1.0,1
60.604510132822554,1.9938680366807222,3,0.0012910697014430074,2.5750197550417267e-05,0.0,5.633742211010393,3.9686953314414093,4,3,0.002197910876460436,0.002123404135715635,0.0,3.0,0.0,0.0,0.0,0.0,1
38.678727586975555,5.2603976617697095,2,0.000795936558795839,0.0002310260214958528,0.0,27.342725647416454,2.947561828320893,3,1,0.0015176443122000079,0.002519718868681323,0.0,99.0,0.0,0.0,0.0,0.0,0
82.97542803324576,2.642361100614742,2,0.010477659661165373,5.0313361796116535e-05,0.0,48.65537148787676,2.8723866194106096,3,5,0.014899014752906488,0.0007472800092528776,0.0,3.0,0.0,0.0,0.0,0.0,1
38.21893759561894,3.475499991672498,5,0.0045993843978755665,0.0009981888530463483,0.0,29.313262306205445,2.5238455332525045,2,3,0.003144614606148665,0.002193364690165882,0.0,2.0,0.0,0.0,1.0,0.0,1
38.52475164997393,5.812238347012607,2,0.003292457470458532,0.0009698403682012919,0.0,76.04771107190261,2.471368279129234,4,2,0.014876913651209595,0.002238745918164682,0.0,99.0,0.0,0.0,0.0,0.0,0
118.7544978261621,4.125433710731182,3,0.0014189372205006333,0.0002743514476749859,0.0,49.37780239887866,3.3563027720889407,4,4,0.004273272288416087,0.002065421266898957,0.0,1.0,1.0,1.0,2.0,1.0,1
13.94722345919643,5.188845440731788,6,0.0021644969540735386,0.0009760790222060637,1.0,197.6356839202505,2.072568908534829,5,5,0.0012148636893850762,0.00032946341050242236,0.0,2.0,0.0,2.0,3.0,0.0,1
196.5569889752943,5.601717294368046,5,0.0022593089187464914,0.0005526454398814993,0.0,31.572490565022875,2.796378645170979,3,0,0.0028518395107283863,0.0018746809428693862,1.0,2.0,0.0,1.0,0.0,0.0,1
162.9862025291261,4.085887098976052,6,0.005031250781458162,0.0011152532481299503,0.0,81.7776974990758,5.207989108370758,4,4,0.01894807587780789,1.0478024429852564e-06,0.0,3.0,0.0,0.0,0.0,0.0,1
98.16257436107296,5.366010460916136,1,0.000566071560902884,0.00016067895685405306,0.0,113.41543136443951,2.219049050418323,2,1,0.004549040750915888,0.0016433671468405492,1.0,99.0,0.0,0.0,0.0,0.0,0
81.95893120610721,2.8675017979365762,1,0.0010873836006600917,0.00019323726759735732,0.0,22.551047615928674,1.9364935416939204,0,7,0.0005940170810342314,0.0001087712278167102,0.0,3.0,0.0,0.0,0.0,0.0,1
188.27431123544446,5.770062973428372,7,0.006930394727246015,0.0007336403094700466,0.0,89.1775004223415,1.9115876214694194,2,2,0.005638900605040527,3.2580639192393557e-06,0.0,2.0,0.0,1.0,0.0,0.0,1
26.3977900867191,3.7761442895090713,8,0.018171531876465596,0.0011781902265478321,0.0,34.984635195637196,2.9053931115355733,3,3,0.001070645146130125,0.000887761647952508,1.0,4.0,0.0,0.0,0.0,0.0,1
16.580940825928195,8.954581932261025,1,0.00419721119012603,0.0008558977209200517,1.0,13.268005546404371,2.015946710933542,2,3,0.007722950766441192,0.0003115499459695202,0.0,99.0,0.0,0.0,0.0,0.0,0
31.903403202745512,4.701558496374064,4,0.0035908892478262555,6.511868220207252e-05,0.0,5.219224654034565,3.2666347778852574,3,2,0.0008892758906123123,0.000218540337312805,1.0,3.0,0.0,0.0,0.0,0.0,1
136.61521886901872,3.1042442634656986,5,0.0069436105657982835,0.0008150594201163895,0.0,86.69787336018385,4.473855939373392,8,3,0.0010484258469428674,0.0005879536878907316,1.0,2.0,0.0,2.0,4.0,1.0,1
12.82284347962612,5.830131292839866,3,0.0024074340789322305,0.00032863211523569266,0.0,17.365688548758143,2.4486020373735506,4,5,0.0040241276229467824,0.0007204372253111794,0.0,3.0,0.0,0.0,0.0,0.0,1
79.93647513756537,9.188346113611539,3,0.0012981489738821527,0.00017095807696390365,0.0,8.153032487302042,1.6197605143638316,1,4,0.009260377777872584,0.00041171824512876987,0.0,2.0,0.0,2.0,2.0,1.0,1
441.1910487088067,3.2679440507606796,2,0.00475344162586794,0.00044455586664777407,0.0,46.25485257770083,8.012704370752928,3,3,0.015485990434557916,0.0012501677763960407,0.0,3.0,0.0,0.0,0.0,0.0,1
164.86669950686152,2.959341498496062,3,0.001320865416097959,0.001714816886251619,0.0,30.542949725971265,3.200421721221678,5,2,0.003300300941957454,0.0017303880615219072,0.0,99.0,0.0,0.0,0.0,0.0,0
68.95884576070543,1.1133750404149823,4,0.0006427103186060685,0.0017079597307973543,0.0,75.62168659931191,3.540265934083308,4,4,0.004911842889541118,0.00012383088746105753,0.0,2.0,0.0,2.0,1.0,0.0,1
15.260498572202522,4.694719346546142,6,0.0015609739580033626,0.0015674804214928875,0.0,11.814603614273432,5.3802221569378155,8,6,0.00826223854165189,8.851305608653198e-05,0.0,2.0,0.0,1.0,1.0,0.0,1
152.40553234613915,3.559961638177209,1,0.0012714500588734638,0.00018040432708872904,0.0,13.538980829940044,1.908834186981035,1,2,0.0008672930963675144,0.0002803500755058829,0.0,3.0,0.0,0.0,0.0,0.0,0
83.09922060349643,5.815756319215702,3,0.00014556948868912572,0.0015228213670983905,0.0,36.06172081241212,2.5281311610917685,2,4,0.0002834192658895283,0.00039471074499763584,0.0,3.0,0.0,0.0,0.0,0.0,1
19.767354184225383,5.890389742171522,3,0.0014632549456010842,0.001644987767434652,0.0,49.089193656465774,3.5560600964751496,3,6,0.004638893324925831,0.001370123048236403,0.0,2.0,0.0,1.0,4.0,0.0,1
17.88467704595692,1.8854272020310647,5,0.0009866568136366251,0.00025401892788779,0.0,109.30242213813054,4.413267995295732,4,6,0.004236684548832948,0.0005231731838998391,1.0,2.0,0.0,1.0,2.0,0.0,1
202.3046184627471,7.245732957855815,8,0.00816786445690741,0.0010028113973104104,0.0,57.85906272921504,3.360642072102438,2,1,0.0014402978688247527,6.092111476062843e-06,0.0,3.0,0.0,0.0,0.0,0.0,1
98.49936885504408,2.720836771088432,3,0.0013321135198238296,0.000161925172089567,0.0,144.73417028861581,3.7918655442253364,3,4,0.003040548516239063,0.0014782622899631207,1.0,1.0,1.0,1.0,1.0,1.0,1
151.42162556179238,3.278560614723944,4,0.00035662374829928953,0.00046260547092291616,0.0,19.736221865889277,3.367547957276673,3,4,0.003044820386647072,0.0003538861689985003,0.0,2.0,0.0,4.0,4.0,0.0,1
178.94322966039533,5.278225056106499,3,0.0002453922437871052,0.0019632642353713844,0.0,59.413034307453906,3.214799757924769,2,2,0.0015224137718863238,0.0005693017664092281,1.0,99.0,0.0,0.0,0.0,0.0,0
77.84802696519361,2.225549490430006,4,0.009688654635581086,0.0016718928613832125,0.0,68.89412862248358,1.1938071831339543,3,3,0.008167665931814751,0.0013493948270853684,1.0,99.0,0.0,0.0,0.0,0.0,0
68.2930541049263,2.9766901830972987,5,0.0009954363573669211,0.0007852456191352596,0.0,82.63495612958467,4.6968744921837065,1,2,0.0011645619768825553,0.0008633870856498595,0.0,2.0,0.0,2.0,1.0,0.0,1
55.02952336756594,2.11810761082892,2,0.0021080046310334717,0.0006530260213753483,0.0,273.71594329345055,1.6490486857582294,0,1,0.014944576057662208,0.001993734564114597,0.0,99.0,0.0,0.0,0.0,0.0,0
40.49457760907065,7.622922616954051,2,0.0014210267345904238,0.0014869502132651754,0.0,42.87052205744672,9.1250163870451,2,1,0.0032143300103737744,0.00022825763462730244,0.0,1.0,1.0,2.0,2.0,0.0,1
55.617175190650705,3.4436928653236345,2,0.0020225125673030047,0.00013662761835959937,0.0,32.65736062686915,2.7468367243616583,2,2,0.001404844064295631,0.0006381274314005577,0.0,1.0,1.0,3.0,1.0,1.0,1
128.93503397333808,2.0125667230949693,6,0.0031838123593767734,0.0008336537741643929,0.0,119.71642609461891,3.0308665740934178,5,1,0.0006095597043815192,0.0002502295251160649,0.0,3.0,0.0,0.0,0.0,0.0,1
83.68887262536882,2.086282992927109,5,0.0007193263687711796,0.0009841587030219928,0.0,16.67270277674341,3.850152059581362,2,1,0.0029471909846634906,0.001120549099882983,0.0,3.0,0.0,0.0,0.0,0.0,1
188.43848845034688,6.889288598705905,4,0.016087597032499536,0.0012573189838937667,0.0,7.2638626659114305,7.0445851230991865,6,1,0.0022631375863643413,0.0003132198222902001,0.0,2.0,0.0,1.0,0.0,0.0,1
56.86980191375552,2.5855114978964027,3,0.005033560862878246,0.000612444084074285,0.0,40.17488872321151,3.671385210867483,1,1,0.009073094934449319,0.0003347498625733871,0.0,99.0,0.0,0.0,0.0,0.0,0
84.73389030122311,3.235325273447783,7,0.00029882068053198774,0.0009020086505111477,0.0,22.037808065349395,1.5263820476584216,3,3,0.015666129411328316,0.0010518177697130253,0.0,3.0,0.0,0.0,0.0,0.0,1
89.82339677527412,4.4312954935903335,3,0.0003844330879055819,0.0007425422686759829,0.0,35.30307975386515,3.2823976368889074,4,0,0.007816434878730483,5.356362630773963e-05,0.0,99.0,0.0,0.0,0.0,0.0,0
81.65969045276103,3.585037209562195,3,0.00036559245552455236,0.00044319753039519585,0.0,261.47999261810924,2.0520924314098075,3,4,0.005349571378460422,0.0003360649857725813,0.0,1.0,1.0,2.0,2.0,1.0,1
107.02326500423823,1.4894848312744549,4,0.005756074659068089,0.001681440457575848,0.0,30.707589014925162,2.0853352274270858,2,2,0.0016514955814059481,0.000845244776138252,0.0,3.0,0.0,0.0,0.0,0.0,1
31.68524157732902,6.190106422600932,5,0.001959191471833169,0.0007013693728289289,0.0,78.85304279600416,2.1511714147286236,0,5,0.003411153567047049,0.003158245354445419,0.0,2.0,0.0,2.0,4.0,0.0,1
67.4548477521931,3.742120926878737,7,0.0022935038667711402,0.0010922938184403591,0.0,22.29309374952344,4.4247406230287645,3,2,0.0062237235465060405,0.0004046427020786296,1.0,99.0,0.0,0.0,0.0,0.0,0
18.80526347826647,5.153670280167666,4,0.0037769544873939966,0.00015051354318285526,0.0,26.69461150281011,4.626681888762999,2,4,0.002473234560842686,0.00021420840164400402,1.0,1.0,1.0,2.0,3.0,0.0,1
48.82709899992477,6.462694536690068,2,0.0023635001714872256,0.00015150699222479336,0.0,21.71582346430316,5.209604106761869,3,3,0.0003441073400789936,0.0012936865568684928,0.0,4.0,0.0,0.0,0.0,0.0,1
63.502448693500256,1.3605347172101028,8,0.0005513728692340892,0.001197055739914073,0.0,55.940481144124185,2.5510576689345403,2,3,0.0005834589579375744,0.0007545978971424867,0.0,1.0,1.0,1.0,3.0,1.0,1
94.49579447354307,6.498384150208036,5,0.007878301968610701,0.0004061165180062204,0.0,20.3794224486645,3.747381687207855,1,4,0.004711546328656348,0.0001544604070957008,0.0,99.0,0.0,0.0,0.0,0.0,0
250.51281049855544,15.840526143312356,2,0.003233700335461331,0.001316915873809267,0.0,81.02841118877035,4.840447853573974,3,0,0.0031480572075606277,0.0006519352198442645,0.0,2.0,0.0,3.0,2.0,0.0,1
83.43357794664801,5.483599762215095,8,0.0004935635153224701,0.001521270215004296,0.0,73.41749125615615,8.343612718574104,2,1,0.01654399773559302,0.0009829766364723854,1.0,1.0,1.0,4.0,0.0,0.0,1
118.87942610852735,9.039748417911314,4,0.01901344835724222,0.0007983639798832663,0.0,37.815120292970875,1.5725063576798828,2,1,0.009935970490863606,0.0009784987273834043,0.0,99.0,0.0,0.0,0.0,0.0,0
66.46067910845417,7.469144377969903,3,0.00015639401184296576,0.002286356119500324,0.0,6.554587977548024,3.770762235358041,5,3,0.008995349993008965,0.00034597894902650955,0.0,3.0,0.0,0.0,0.0,0.0,1
90.43249797739213,6.356892373783787,4,0.013460677996936711,0.0019792426767263416,1.0,6.374696602963491,2.0142642466778025,4,4,0.007316886841184989,0.0014714425842035125,0.0,1.0,1.0,0.0,2.0,0.0,1
15.885886279690403,7.628195830492768,5,0.000958362886959001,0.002112547486738696,0.0,50.660746339354645,4.332751169675921,3,3,0.011797812268942373,0.0002460493081812575,0.0,1.0,1.0,1.0,0.0,1.0,1
33.484377910811126,8.410929862491857,3,0.0010652504763777844,0.0006028932528171305,0.0,114.65519823011589,1.7122867797621524,4,1,0.006167076664101758,0.0013837299411786688,0.0,2.0,0.0,0.0,1.0,0.0,1
45.93494085675924,8.612338315851709,6,0.004470001517508438,0.000753036093212684,1.0,59.80873203879578,3.829886659908937,2,1,0.0014549408267797528,0.00023683659112153332,0.0,4.0,0.0,0.0,0.0,0.0,1
61.167505325376695,2.0833497276153574,4,0.01090687744703393,0.0004282806041772116,0.0,39.324888229191366,2.6069148223603182,3,3,0.0005321270834601605,0.00023347700964107123,0.0,2.0,0.0,3.0,0.0,1.0,1
13.737878720187297,7.9101900963134035,1,0.022999496281812342,9.139730187861028e-05,0.0,133.28469352138916,1.5289195674890776,2,3,0.005306652379385667,0.00022220675335502438,1.0,3.0,0.0,0.0,0.0,0.0,1
22.068072843039776,3.710468440413906,3,0.002553152129740198,0.0008369964327554861,0.0,18.16369385527377,2.7520406995783784,0,2,0.001200098020668892,0.002747305433861728,0.0,1.0,1.0,1.0,4.0,0.0,1
35.92714032826729,8.798808371576268,5,0.02054816801789797,0.0016332360583103042,0.0,31.723290655360962,3.240034487333154,0,4,0.011288129123793351,0.00209019859396175,0.0,4.0,0.0,0.0,0.0,0.0,0
294.7199119385273,5.769955577904941,5,0.007800683135270938,0.0025158543901617945,0.0,54.98725307944674,7.445471047329169,4,1,0.0006603919585416954,0.0005975941380439108,0.0,2.0,0.0,2.0,5.0,0.0,1
42.19920389152896,2.0674880164813834,7,0.01819788518154189,0.0003636085408804926,0.0,25.6906665646602,3.662611795453038,1,1,0.00287223883614019,0.0007402899394125806,0.0,2.0,0.0,1.0,3.0,1.0,1
62.628744210300084,9.53064897141665,2,0.010209246139900222,0.0023028203326458446,0.0,369.81726984699304,2.633568594538218,2,4,0.002274522606879589,0.0002314908311235479,1.0,3.0,0.0,0.0,0.0,0.0,1
27.46220403565144,2.7282537447785664,1,2.3421560084679575e-05,0.003369532334177637,0.0,41.1239467051284,2.051769339803285,1,4,0.003292866363879458,0.0027697128686061017,1.0,4.0,0.0,0.0,0.0,0.0,1
85.48885801119327,3.6039941529305097,4,0.002096837477936119,0.0006223618996673079,0.0,8.186468377635729,7.426232755971387,3,3,0.0029224736535311286,0.0003068594222695023,0.0,1.0,1.0,0.0,2.0,1.0,1
36.356274232912966,10.890416968020158,4,0.00305562710229902,9.577714054089552e-05,0.0,16.621159432846206,3.0281217068785464,3,3,0.0026417274365578857,0.0015490845941397678,0.0,1.0,1.0,2.0,0.0,0.0,1
28.553815883940015,4.720041930891123,6,0.00987207005611711,0.0007507798189176067,0.0,50.61890045684754,6.352126387909628,2,2,0.0010766618303634711,0.00075871631645244,0.0,1.0,1.0,2.0,3.0,1.0,1
68.14833514595364,3.51278243656251,4,0.014780693149599686,0.00013577908782929051,0.0,52.917955532431634,3.009928707068174,6,3,0.008590861858337814,0.00013357753276056194,0.0,99.0,0.0,0.0,0.0,0.0,0
10.441680954984783,4.14359232141377,2,0.0009205073461055354,0.002082477694396291,0.0,253.6534491720122,2.8697405819969277,5,4,0.005374201002608321,0.0013825053328717953,0.0,99.0,0.0,0.0,0.0,0.0,0
10.615484181632024,3.469275117284981,5,0.0012154419250092214,0.002307046580542541,0.0,59.97240688782566,3.2072905202105435,2,6,0.0015062370569033068,0.0017780263685935216,1.0,3.0,0.0,0.0,0.0,0.0,1
29.781458949394448,6.881494587312456,5,0.010129773074811665,0.0003181474062116002,0.0,70.90965540270847,5.315265875723419,5,2,0.003174594760396778,9.949917636840406e-05,0.0,1.0,1.0,2.0,0.0,0.0,1
12.993005267055667,3.5317488486314663,2,0.0052404780413685785,0.000760484857818482,1.0,19.426750323986358,2.9856271718933924,2,5,0.0044585682905476,0.00011504614586753456,0.0,4.0,0.0,0.0,0.0,0.0,1
19.145441533021298,4.227736252904477,7,0.0009325112969821024,0.0012515352160434052,0.0,11.781044071530872,4.1814950067240675,5,6,0.004673050689155447,0.0013412072140495395,0.0,99.0,0.0,0.0,0.0,0.0,0
43.10325147240247,6.062692718786662,1,0.0018295096432179919,0.0005108985418306954,0.0,60.27970520687544,9.42370427907975,7,1,0.0006904168203509353,0.0015306941861108906,0.0,99.0,0.0,0.0,0.0,0.0,0
139.7960487540517,5.667836573480828,3,0.012877051306085914,0.00015662330627322883,1.0,125.09550999957077,2.4177853964183207,5,1,0.005636196194113253,0.0004195130892459813,0.0,99.0,0.0,0.0,0.0,0.0,0
77.89965940730502,2.8578649019995366,4,0.0008650509801382462,0.0030326232973500373,0.0,58.112667498095036,3.065491707458593,4,2,0.007680010854634993,0.0003373024544747912,0.0,2.0,0.0,1.0,1.0,0.0,1
67.50472807904501,6.9315982593036845,2,0.010523331726051565,0.0003082956109536146,0.0,40.08805516471844,5.9684368069384135,3,4,0.0003116614197154861,7.129487310232325e-05,0.0,2.0,0.0,3.0,4.0,0.0,1
37.79330056293179,3.169456855284595,3,0.010003655318840942,0.0024573118366967776,0.0,56.79438537515447,5.422082516583225,3,1,0.0002734897342150363,0.0008422000783633297,0.0,2.0,0.0,1.0,3.0,0.0,1
224.77058748689728,2.3278623463615036,5,0.007560191466880173,0.0009491130744424289,0.0,42.9537906736712,3.124769715083843,2,7,0.01104388244842934,0.0005026691850959658,0.0,2.0,0.0,1.0,1.0,0.0,1
50.469042125973466,1.5482552097044584,7,0.00023115859708564736,0.001081674733121163,0.0,14.18078994358051,6.524427663018857,1,2,0.0010502333608024444,0.0012586290458583525,0.0,3.0,0.0,0.0,0.0,0.0,1
17.289680809326047,3.895732674147928,4,0.000980085992842649,0.0019138876967669896,0.0,86.09837225215777,2.8982762315368684,3,6,0.0020344407475981654,0.001097603059321349,1.0,1.0,1.0,1.0,0.0,0.0,1
86.79151809679632,1.6922529520003762,1,0.002771356627285103,0.0003535857080687889,0.0,50.690464708018254,3.9127369025493017,3,4,1.078489246044831e-05,0.00238920411546671,0.0,99.0,0.0,0.0,0.0,0.0,0
19.668475589653035,2.6361176288873893,6,0.0009310305328986094,0.0005977529723626023,0.0,35.581863211122496,5.2573748104023945,3,5,0.005412427904389253,0.0008127266746721783,0.0,1.0,1.0,0.0,1.0,0.0,1
43.87686219386125,4.291620638526595,4,0.00607913862360762,0.00018633420856207074,0.0,54.20955818713499,9.12202719915316,1,3,0.003270797707599998,0.0003375108603370072,1.0,1.0,1.0,3.0,3.0,1.0,1
66.64656237757968,8.301270570676758,2,0.010879952366054333,0.00011257354599843156,0.0,21.563153841577993,7.661993195621517,2,0,0.004146300292681764,0.0005783501985343777,0.0,1.0,1.0,2.0,2.0,0.0,1
175.8592801839133,3.66026807465903,3,0.005429885021385986,0.00011135345957252595,1.0,38.51254197991057,3.023057323626407,1,2,0.0006443510672087708,0.0003525252603811626,0.0,99.0,0.0,0.0,0.0,0.0,0
64.42583397247624,1.864757884132905,2,0.006797226612442148,5.8235667374528566e-05,0.0,63.44237347544846,5.788649116282226,1,6,0.001516934003096885,0.0023797761002150018,0.0,99.0,0.0,0.0,0.0,0.0,0
106.92244096740082,4.061843129671875,4,0.0015576416568437368,5.024367127089643e-05,0.0,20.386011910923585,6.684244737029045,2,5,0.00010439797388269313,9.778937854870225e-05,0.0,2.0,0.0,3.0,1.0,1.0,1
404.8812593582488,8.108194285945224,3,0.0020244744749701605,0.003570464214441389,0.0,87.9369654219438,2.129117222418203,4,3,0.0025029264574140987,0.0009082532823424949,0.0,1.0,1.0,2.0,0.0,1.0,1
21.278013273278525,3.6108523213069885,3,0.02096480353809754,0.001291898397983644,0.0,49.164647739477125,4.6241028548435565,3,3,0.00142937061500959,7.354521247844925e-05,0.0,1.0,1.0,1.0,1.0,1.0,1
35.697070643752134,9.156888063372055,7,0.0036131890905017634,3.1189409441654344e-05,0.0,123.70271373379101,2.509668017346468,4,0,0.006726718543056222,0.00022602269178609855,0.0,99.0,0.0,0.0,0.0,0.0,0
50.146109186918,4.277217333276616,6,0.0018649975443377218,0.0013024779443407129,0.0,117.73188882417995,4.2530910046160795,7,3,0.0034943730100384673,0.0004129794527527358,0.0,2.0,0.0,0.0,1.0,1.0,1
53.83073484171712,6.513144444931371,2,0.00442896148206533,0.0019467459235589322,0.0,45.9344574587987,6.352349335690013,4,5,0.003186958380075841,0.0015172613793121986,0.0,2.0,0.0,4.0,2.0,0.0,1
52.349190192502626,4.929604740055932,4,0.0045298260778534015,0.0003076649056993016,0.0,18.049494032075053,1.3408208647901854,3,1,0.008721808185304774,0.00014906834135479505,0.0,2.0,0.0,2.0,4.0,0.0,1
200.53979061695316,8.891456774523231,2,0.005320624518564861,4.9370776229847905e-05,0.0,85.05440872548519,8.105554210662259,2,3,0.0006742479079746562,0.0007524969507585952,0.0,99.0,0.0,0.0,0.0,0.0,0
110.15020929355403,13.492899910517597,5,0.007534164336447812,9.806645993375764e-05,0.0,37.54704153133676,7.860750776039801,5,2,0.0006436311032145736,0.0004507130603759773,0.0,99.0,0.0,0.0,0.0,0.0,0
84.9001334105402,3.261577647425801,1,0.002812487485936617,0.0012212273194545434,0.0,59.176930440943224,5.906097341275988,3,3,0.00012350125184579455,0.0016912988159374855,0.0,99.0,0.0,0.0,0.0,0.0,0
39.61239918635191,4.760271596028694,3,0.007018320017281896,0.0017436659534346211,0.0,11.807949182258378,2.72644934512269,1,2,0.00068281212882003,0.0005197993157355726,0.0,2.0,0.0,2.0,1.0,0.0,1
148.8864795102169,8.297669263318323,4,0.0010406889557486173,0.0013460632625054995,0.0,64.91255096203406,7.405719951309941,2,4,0.010289617437383098,0.00038172888530155387,0.0,1.0,1.0,0.0,2.0,0.0,1
258.1950715038525,5.032339295220224,2,0.0016303302571468823,0.0001212588029264455,0.0,33.06122580753893,5.318120731712694,2,0,0.0001984477252045808,0.0002924377474951848,0.0,3.0,0.0,0.0,0.0,0.0,1
147.7182248692053,1.5162660588911947,0,0.007085171306461024,0.0004379336892768905,0.0,29.40503351140373,9.207160115675599,1,1,0.001955426147664213,0.00022542148547953823,0.0,1.0,1.0,6.0,0.0,1.0,1
10.12530649984334,3.643853692164197,5,0.007372102918791097,9.441401841214694e-05,0.0,239.46864968038204,3.1124202046688767,5,4,0.004724366465257506,0.0003243079586051766,0.0,2.0,0.0,7.0,0.0,0.0,1
90.9363748053697,5.006893942749955,11,0.00240279675647608,0.000534341445938456,0.0,38.98353930162965,1.6325067181331483,1,1,0.00481329382193093,0.0008306533552701428,0.0,99.0,0.0,0.0,0.0,0.0,0
14.199131799603565,10.376214173628624,3,0.0025254709405510005,0.00038029672551311374,0.0,72.99937563415125,3.5331742470359133,2,8,0.004018349723428079,0.001844244536809584,1.0,99.0,0.0,0.0,0.0,0.0,0
33.83014585779805,4.607878149383633,4,0.003497925892158236,0.005649810497876587,0.0,64.28775569316471,4.437497240790278,1,0,0.0032841620459417966,0.0003919167771444512,0.0,2.0,0.0,2.0,3.0,0.0,1
14.909591486557304,2.538330114227369,4,0.0022556601257648404,0.0036180323523987996,0.0,11.609222472660306,4.177036944629228,2,3,0.004376708027547292,0.0007748252551001861,0.0,2.0,0.0,0.0,4.0,0.0,1
84.06597345030336,5.077780174294377,0,0.008396560785700339,0.0005813875726209272,1.0,87.68232088841573,2.4452164014787408,2,2,9.821751546408502e-05,0.0010696861170145652,1.0,3.0,0.0,0.0,0.0,0.0,1
102.81942123558083,9.750657960923823,2,0.0009015006821255912,0.0003129690376419997,0.0,28.419151633526855,3.375151413547762,0,4,0.010828691160535805,0.00038426016921199753,0.0,4.0,0.0,0.0,0.0,0.0,1
19.727108916545042,2.970959908281139,8,0.0023986552608434245,0.00011329150967099315,0.0,101.24897995246141,3.296870185778145,4,5,0.005468799150514924,0.0013305279443992198,0.0,1.0,1.0,0.0,0.0,0.0,1
48.73974369194884,3.1934270383363925,3,0.003522967001092071,0.001794289026185576,0.0,61.13464927544092,3.5743195605440468,3,3,0.006199644185613484,0.00026751174346179685,1.0,99.0,0.0,0.0,0.0,0.0,0
58.739270861663144,2.9973539887757825,1,0.008497927531775959,0.0002130153427006371,1.0,27.88366288781851,5.631033160893376,8,6,0.004661895071435461,0.0033444450695209894,0.0,1.0,1.0,3.0,1.0,0.0,1
46.84267584949915,1.989392572488707,5,0.002760737735097,0.000763524272294372,0.0,31.430693823554247,1.2838720982363463,6,2,0.0035528163641047683,0.0007491449981507367,0.0,3.0,0.0,0.0,0.0,0.0,1
20.319905893129384,4.486538262115513,4,0.0018589943098412912,0.0004875622626727341,0.0,83.89590877741253,3.7956914930612213,4,2,0.0004039695606270889,0.0011276691597884685,0.0,3.0,0.0,0.0,0.0,0.0,1
53.433173134710465,4.181666806145855,5,0.0004911267869874143,0.001890956187641084,0.0,52.91837097739025,4.09545339329384,2,5,0.001989460564357289,0.00046054959365700077,0.0,2.0,0.0,2.0,1.0,0.0,1
121.28141517824591,1.587370116619802,3,0.004006148103235526,0.0002480345479634502,0.0,71.22069325253807,1.8520979625124518,5,1,0.006237792036085606,0.001938676213870088,0.0,3.0,0.0,0.0,0.0,0.0,1
15.892383240578889,2.6492739634450637,4,0.00811299295483308,0.0003309394070467442,0.0,15.34120338521248,4.866245770463719,4,2,0.0031022260148030846,0.000911392094416436,0.0,99.0,0.0,0.0,0.0,0.0,0
16.686183645180783,4.84212440719583,5,0.0023626439946387535,0.0036302443587672957,0.0,97.78121595291334,4.126196314865406,3,6,0.0034408130002546314,0.001145231869279487,0.0,2.0,0.0,2.0,2.0,0.0,1
45.05203509891443,6.421617082454966,5,0.0009444932482831511,0.0014008221577210536,0.0,28.174286927030955,7.329042375870637,4,1,0.003487802808782395,0.0007161805624872844,1.0,99.0,0.0,0.0,0.0,0.0,0
237.40754444222728,7.487275023056065,4,0.0022450158870731722,0.00013017655195116437,0.0,63.033140387741824,2.124817361761861,3,6,0.001346858028224704,0.0009206325950014499,1.0,1.0,1.0,1.0,1.0,0.0,1
98.3477311072734,6.733577835577495,3,0.01562427139113746,0.0002637104755298039,0.0,12.308355200781794,1.8105957756996673,1,3,0.009634907075721852,0.0004055639659106915,0.0,3.0,0.0,0.0,0.0,0.0,1
100.82292093597462,4.3289093661841225,2,0.004200263400665999,0.0003240066029872131,1.0,28.265195293662945,8.757746279773215,4,3,0.012360336526479557,0.0017495305733759275,0.0,2.0,0.0,5.0,1.0,1.0,1
45.94332778318445,1.8276457359770228,6,0.008215111077423776,0.0007099144727740626,0.0,67.79546267241221,2.6690248040832665,3,0,0.0017088482624522837,0.0009802967204179337,0.0,99.0,0.0,0.0,0.0,0.0,0
82.0453582858757,3.7848806728055067,6,0.0005199988890531162,0.00019077368637696838,0.0,24.229353994831797,6.419310226850809,4,1,0.005549661582524299,0.0013981412562987685,0.0,1.0,1.0,2.0,1.0,1.0,1
10.814628300203447,1.1915466996287878,9,0.004812738809351106,0.0010860070361797946,0.0,132.37211395564347,3.541947660597989,3,1,0.0036291989768662417,0.0008680568680391198,0.0,1.0,1.0,2.0,2.0,0.0,1
90.86922479408341,4.855910787147316,2,0.00430853274622638,0.002826954391863116,0.0,69.94574860042883,3.667314311486914,3,3,0.0049654385367453695,0.0019267331880576982,0.0,99.0,0.0,0.0,0.0,0.0,0
205.612068763185,2.912855065685669,4,0.0009438427306079236,0.0013484684565568,0.0,127.54187670121479,2.594518611949087,1,1,0.010537629764626714,0.0005816014943548744,0.0,4.0,0.0,0.0,0.0,0.0,0
85.85832351142746,1.3478859494325663,3,0.010145101863590116,0.0005339201699132737,0.0,35.19036910445341,3.2111563758427173,0,2,0.001129261272807473,0.001011118732189854,0.0,1.0,1.0,0.0,2.0,1.0,1
175.5267290590035,5.3938018448020255,6,0.004869522413698595,0.0018395394769889024,0.0,7.074563874930517,1.8803382674019922,4,1,0.001611033280311436,0.0024932217783613106,0.0,99.0,0.0,0.0,0.0,0.0,0
112.98054343257286,9.68033878005796,8,0.009820621453003445,0.003173153334673401,0.0,56.501118829911306,2.115499134472554,3,5,0.0009107200680494999,0.00187327120697822,0.0,99.0,0.0,0.0,0.0,0.0,0
20.27745096207976,1.7025280307883255,1,0.003523797064833174,0.00071778836155308,0.0,29.857653463178973,4.19786640766579,1,5,0.006800465244391311,8.634191841121814e-06,0.0,1.0,1.0,2.0,1.0,1.0,1
196.19392927854193,5.658698915131179,5,0.010036874774080065,0.003943904804976764,0.0,40.672913100598166,4.4169277141069285,3,9,0.002624634790897147,0.0030597375202011385,0.0,3.0,0.0,0.0,0.0,0.0,1
15.500332943210967,3.4172981283999677,2,0.005511026449992635,0.00012110808081474896,0.0,73.5745840451587,4.288525004218597,3,1,0.003138761631954482,0.0006935230689610128,0.0,2.0,0.0,1.0,3.0,0.0,1
71.07998767142774,2.7268708773832255,3,0.007343916788667528,0.0008719071447097249,0.0,77.37144915237401,6.17067943243488,5,1,0.001110035750247499,0.00019294507496003097,0.0,3.0,0.0,0.0,0.0,0.0,1
22.26488081660125,2.7302945673005787,1,0.010540752490358045,0.0007851928005047867,0.0,6.676592919019193,5.126451385579702,2,1,0.00291343186812522,7.8729358872314e-06,0.0,4.0,0.0,0.0,0.0,0.0,0
10.942053809158562,3.4168203046903285,3,0.0006676782132816889,0.0027794774732504395,0.0,92.99892197901625,1.8743821909761955,4,0,0.006406051178502153,6.40426778837414e-05,0.0,3.0,0.0,0.0,0.0,0.0,1
53.85925485149901,3.4095263943022864,8,0.0029641509434775635,8.941062277630357e-06,1.0,45.81609802551373,1.533639110891563,1,3,0.001583191011658911,0.0008753286815065773,0.0,1.0,1.0,0.0,1.0,1.0,1
37.969217535230214,4.227396175956482,5,0.0010255262393740285,0.002675659462083206,0.0,53.81034620538779,5.374168224504475,3,1,0.0010908111328724348,0.0006428218827117096,0.0,3.0,0.0,0.0,0.0,0.0,1
63.242637937852734,2.5795803515129956,4,0.003978034566187932,0.00019894831669008858,0.0,26.228815507117595,1.8936031254807644,4,0,0.008012605185239604,0.002359570581002488,0.0,1.0,1.0,1.0,1.0,1.0,1
78.86846056739259,2.8864049439324413,9,0.0008777259487069804,3.085368952121319e-05,0.0,37.76994630772051,4.023437351322265,3,3,0.004655303227063516,0.0015312975926569023,0.0,2.0,0.0,5.0,1.0,0.0,1
13.577957300473004,5.974429552253224,3,0.0024291168641505895,0.00431245403197108,1.0,79.35012552953502,2.2939246601986683,2,2,0.0011565831106134866,0.0028695061736021196,0.0,2.0,0.0,4.0,2.0,0.0,1
20.50016351077452,2.4527258363843107,2,0.003229482885059035,0.0003607242430620478,0.0,94.95805613002801,2.4444110739211578,1,3,0.009320470947679444,0.002136067150119656,0.0,1.0,1.0,4.0,2.0,0.0,1
75.43198717825973,5.042655203199538,7,0.001572101162734177,0.0015062114602591103,0.0,34.37381441947572,3.4595396776814544,6,3,0.0047971505414044005,0.002175781572582847,1.0,1.0,1.0,3.0,0.0,0.0,1
43.626081295284635,3.520661268484415,1,0.0008539892160372323,0.002113395502913978,0.0,75.48766634052522,2.2468227126307454,2,5,0.008141436894748305,0.0004341308375526391,1.0,4.0,0.0,0.0,0.0,0.0,1
114.50214708491666,3.1147115597861417,2,0.0007387767992437506,0.0009052972269516182,0.0,22.907879908752346,2.8347085693319056,4,3,0.0007592425922846611,0.0028945731554900255,0.0,3.0,0.0,0.0,0.0,0.0,1
94.51129770013681,11.568634670788917,0,0.0010907022860361004,0.000707413875101276,0.0,112.03557322707282,3.566081635982502,3,4,0.0020807020982069107,0.0016156365047400824,1.0,99.0,0.0,0.0,0.0,0.0,0
159.45895195978946,2.012769941806912,2,0.002317507185635984,0.0009964558797108606,0.0,61.46794056586073,5.873620091001112,4,1,0.0020358789046854547,0.00029896456642686584,1.0,99.0,0.0,0.0,0.0,0.0,0
104.3405491282158,10.08085103673176,6,0.005223338515556685,4.121049143258705e-05,0.0,94.54905085115684,6.164065718507242,2,3,0.009025766089616591,0.00029983274625111574,0.0,1.0,1.0,5.0,1.0,0.0,1
54.9598406883205,6.980488953528077,2,0.006424079489145075,0.0010019302371093975,0.0,43.90819660980273,5.911185243000064,3,4,0.0015966451673104594,0.0012394044976458654,0.0,99.0,0.0,0.0,0.0,0.0,0
99.4154432884492,2.9564819822885022,5,0.0029274261640971876,0.0020584555245391385,0.0,20.61251959578665,2.487560718700059,2,2,0.004809084719635547,0.001676399764900921,0.0,2.0,0.0,2.0,3.0,0.0,1
35.76876159841034,7.099802105447864,7,0.006641930915540191,0.0003551688788780398,0.0,38.64625418738272,2.098278926029048,8,3,0.0018451150869357687,6.921460715989577e-05,0.0,1.0,1.0,1.0,2.0,0.0,1
39.25881183047956,1.0908261795715817,5,0.0002822628454855479,0.00028044533476827114,0.0,33.82606838022241,2.563075686513204,4,3,0.003876819484584621,0.0021720248555845887,0.0,2.0,0.0,3.0,2.0,1.0,1
134.46614526802537,2.7985031894874703,4,0.0027131487349502065,0.0005691659468752867,0.0,29.27242105928624,2.29551767396394,3,2,0.005570590710374272,0.0002829898231309185,0.0,2.0,0.0,2.0,2.0,0.0,1
57.30785031325402,2.4714010700504385,2,0.006099456951757212,0.000447195815977399,0.0,19.308662329635148,6.2194265435971285,3,4,0.0038000865289352093,0.00014479015729340565,1.0,3.0,0.0,0.0,0.0,0.0,1
138.10977842154773,5.431831007979985,4,0.0013837973161194865,0.0002093389315370565,0.0,90.41912725213722,3.927120926796633,5,6,0.003883431173292869,0.0011099326133550888,0.0,3.0,0.0,0.0,0.0,0.0,1
148.26779473774982,6.496653401435092,4,0.0119561531569132,0.00034418607078272843,0.0,10.418571882011605,5.486527896804475,0,2,0.0007130894038401518,0.0009407639143938836,0.0,2.0,0.0,3.0,1.0,0.0,1
165.90806658063565,5.379794994415493,5,0.004353650155457251,0.0012457899898852152,0.0,136.1206281824336,1.7879877685789454,2,2,0.003455426383239937,0.0006406920118637307,0.0,3.0,0.0,0.0,0.0,0.0,1
208.76236407945416,4.664645728788722,4,0.001138656850391749,0.00016301339545857774,0.0,16.54411161471633,6.162045509661709,4,3,0.010503655153309923,3.1636264328350502e-06,1.0,3.0,0.0,0.0,0.0,0.0,1
55.10790965598474,7.381413595955521,2,0.013142904695606895,0.0002456354731137272,0.0,239.34352815067194,2.0365208118529603,3,2,0.004477878475091447,0.002574289576442587,0.0,3.0,0.0,0.0,0.0,0.0,1
40.719793931451775,6.768704776391961,7,0.01102299004854672,0.00014934057565407747,0.0,272.7580201457751,3.3282543487227807,2,5,0.001060949756612127,0.00024623436577001124,0.0,99.0,0.0,0.0,0.0,0.0,0
79.81995438800666,2.915679718214504,5,0.004676167807517481,0.0012562377180964739,0.0,35.488457965303596,4.393326088803262,0,3,0.00033679236563603906,0.0007764596026722948,0.0,3.0,0.0,0.0,0.0,0.0,0
47.1118546378072,3.1057603145847645,6,0.0008272853916691559,0.000740693628297424,0.0,269.48288513747343,5.262248611924536,2,3,0.0006173854589885751,0.0009227667625874473,0.0,2.0,0.0,0.0,4.0,0.0,1
83.51838088602106,6.541876929317867,1,0.0007017117194998046,4.6197647354862246e-05,0.0,126.98486751725537,4.093792936874306,2,4,0.008616053206051091,0.0014827825055978374,0.0,1.0,1.0,0.0,0.0,1.0,1
107.82142978955689,4.2030798515799255,2,0.00100258977154225,0.0018758512632968062,0.0,10.161602570719262,3.958281243012395,3,6,0.008251446938392517,9.369248931681544e-05,0.0,2.0,0.0,1.0,2.0,0.0,1
103.28408565392698,4.37514093641659,5,0.0005880424549456732,4.893894281693308e-05,0.0,181.62091848262241,2.0414324738149263,4,2,0.0028555360332124875,0.0011231770772788148,0.0,3.0,0.0,0.0,0.0,0.0,1
47.54308033926239,4.7172086174136085,5,0.003345462879263346,0.0018698113751748969,0.0,7.606674949018672,2.4034502054004165,4,4,0.00762368049551794,0.0013819017710645616,0.0,3.0,0.0,0.0,0.0,0.0,1
24.604306064385312,1.5448037368882066,6,0.008242173360486882,0.00033548415289618144,0.0,17.04729034927293,2.90756814500328,3,3,0.00674681483110033,0.0006682415388616614,0.0,3.0,0.0,0.0,0.0,0.0,1
55.04384108782888,2.8413463009888296,4,0.002506946721709725,0.0007497129132369814,0.0,57.71015797979428,4.740078970984007,2,5,0.020235284806935174,0.0015440442633860678,0.0,2.0,0.0,2.0,1.0,0.0,1
22.30751159888804,5.710311566486074,3,0.0017969097158232535,0.00190277545028947,0.0,10.050992660344274,2.413317116057821,5,2,0.004119875271522132,0.00013198335829938548,0.0,99.0,0.0,0.0,0.0,0.0,0
186.65259524296533,2.827886383149517,2,0.0026583603894961712,0.0009130127159012222,1.0,15.58474153591521,5.339059424180136,4,1,0.007737198917180489,0.0019166197489209906,0.0,3.0,0.0,0.0,0.0,0.0,1
43.9568460939152,3.756248018802831,4,0.0038649227946141334,0.0001318639345721222,1.0,189.0875816445406,4.535548231709455,2,4,0.0005084111948774902,1.7206603343101118e-05,1.0,1.0,1.0,1.0,2.0,1.0,1
23.422360282015994,5.688514940882722,5,0.00729269919412023,8.185082346636631e-05,0.0,319.2659118072977,3.9745993188530906,1,6,0.0016643951021878688,0.0035024309328416272,0.0,1.0,1.0,1.0,0.0,0.0,1
12.062172351734134,7.627353932838042,1,0.001448284774532708,0.00046758718863945144,0.0,101.00982557270876,2.5176550621104514,2,1,0.000634602355299012,0.0002554411522735637,0.0,3.0,0.0,0.0,0.0,0.0,1
93.03654064164859,8.17362635575799,9,0.006997472620275264,0.001043208528948485,0.0,48.44229297486809,3.6478511742339004,3,2,0.009311777963962323,0.0002668113436495834,1.0,4.0,0.0,0.0,0.0,0.0,1
91.0466706397456,8.451470631633164,5,0.00582766299835967,0.0010984382212193087,0.0,143.33593922782117,1.4727799083754463,3,3,0.015589633803650128,0.002770815905292864,0.0,1.0,1.0,3.0,3.0,1.0,1
43.314501368859325,3.9683547596220516,8,0.0014704819816489171,0.0005204460495964111,1.0,12.120172744061904,3.269266504138022,3,1,0.0005575093664128514,0.00018056690788599995,1.0,2.0,0.0,3.0,0.0,0.0,1
15.953050382101962,3.7300307771552497,6,0.0013839015202635134,5.4002009123292544e-05,0.0,176.76852664692672,1.1928877273730925,7,0,0.004298353285976988,0.0004288166048917126,0.0,99.0,0.0,0.0,0.0,0.0,0
52.160315848939696,2.141881974832491,3,0.016923312271595638,0.00326473453145858,0.0,30.990493625216835,3.6129726485895346,2,1,0.0007285355838517373,0.0006264868106931069,0.0,2.0,0.0,3.0,1.0,0.0,1
39.82637804226266,9.713712716805972,6,0.00548252053233862,0.0025457752718714335,0.0,123.60850152163556,3.9423339979186656,1,3,0.008476927012405698,0.00036628566828987704,0.0,99.0,0.0,0.0,0.0,0.0,0
100.43812185269613,3.6382209027612697,5,0.007338575531903691,0.002007063488610002,0.0,71.224739591464,3.200104174738055,3,3,0.004910834877234284,0.002338037144509194,0.0,1.0,1.0,3.0,1.0,1.0,1
84.46753968046684,9.577506458706601,6,0.00337432529820352,0.0002547595284962529,0.0,198.54542285974355,2.012518151863544,1,2,0.002901654343982291,5.5680337481954894e-05,0.0,2.0,0.0,3.0,0.0,0.0,1
46.27925492471134,5.123948129042056,10,0.004025894275762648,0.0010890647058173207,0.0,125.00586617721034,6.034315297960988,3,2,0.0020204922395096903,0.0012098436895848104,0.0,2.0,0.0,2.0,0.0,0.0,1
29.661051937939863,7.839170217348367,1,0.005656283552111204,0.00017487075841274942,0.0,136.3006666785207,3.713891751054033,1,2,0.0031610952246689515,0.0002647057931033541,1.0,1.0,1.0,0.0,2.0,1.0,1
364.0680247491624,4.1283696489164345,6,0.004429666030310143,0.0005689637040337808,0.0,64.94030317735293,3.1914245039770535,2,1,0.0010675363898164918,0.00011364114434454479,0.0,3.0,0.0,0.0,0.0,0.0,1
58.4111417972235,6.026428284407675,3,0.0013794679406029088,0.0008878409809064177,0.0,112.44267228241974,2.7897348790919203,2,2,0.0028198822294085713,0.000519698120756438,0.0,2.0,0.0,5.0,4.0,0.0,1
103.25051508154598,7.998739472824988,4,0.006705490067204076,0.004491892543267281,0.0,89.91402178444571,1.5621916295222136,4,3,0.0034418971560537604,0.001863942039539051,1.0,3.0,0.0,0.0,0.0,0.0,1
22.117286567574602,3.203520029398398,7,0.004639164373842563,0.0003651776014331788,0.0,15.577253308245247,2.3964341665962796,2,2,0.00449299254903996,0.0003171849576636361,0.0,3.0,0.0,0.0,0.0,0.0,1
63.17872658151365,8.478330143651563,6,0.0066580055481567845,0.0016667981083072153,0.0,67.74927540837447,3.6897499572924533,2,4,0.0024208963586566804,0.0018909412638384666,0.0,2.0,0.0,3.0,0.0,0.0,1
12.233836993834025,2.2979196553811265,3,0.005157788316331453,0.0012292699341402648,0.0,14.622488833922167,5.315998368509889,4,2,0.0005372563859083625,0.0019049908555813589,0.0,1.0,1.0,1.0,0.0,0.0,1
66.32938955765616,11.386727306189613,5,0.009828122081763152,0.0010886341610113518,0.0,127.1627526782037,2.513057001280407,4,1,0.0008303385156212188,0.0018690954233628267,1.0,2.0,0.0,1.0,2.0,0.0,1
275.9775990809719,4.728302973978637,5,0.0008543727165956522,0.0005461797459885574,0.0,9.093505650059342,6.2113421455228695,4,4,0.005068853413114259,0.0020838038299690366,0.0,99.0,0.0,0.0,0.0,0.0,0
48.787515583579356,2.8669393395250764,7,0.004031470687819592,0.00242957055313593,0.0,265.7841437573541,3.595484035884872,4,0,0.0045830122488825465,0.0010669093735947005,1.0,2.0,0.0,7.0,1.0,0.0,1
13.182137661982651,6.899077863037341,3,0.003755535570016226,0.00011719995048536251,0.0,35.71223678840602,8.663065502634883,4,3,0.003002973082166632,0.00011020736453574259,0.0,2.0,0.0,2.0,2.0,1.0,1
12.515603578066923,5.265887798363426,5,0.00032850030747903346,0.00024070403867531705,0.0,16.225287397142186,5.478148471661489,1,2,0.002238763917344119,0.0007325289204694117,1.0,99.0,0.0,0.0,0.0,0.0,0
49.28010901040652,1.5801467977598902,5,0.003890515190584538,0.0005660982156983092,0.0,169.62840000864986,8.28127039756534,3,5,0.001326559309769561,0.0024924595844591445,0.0,3.0,0.0,0.0,0.0,0.0,1
23.95064590809047,3.417906943807598,6,0.004150510163057532,0.0011622644272176808,0.0,7.7894058136810695,3.906385647984253,3,3,0.01091958765657991,0.0003130563919638354,0.0,1.0,1.0,0.0,1.0,1.0,1
11.890326166496045,2.358766580938658,6,0.008774501841498656,0.002266041164058017,0.0,43.10465616171405,2.5007897191636954,0,6,0.010251228388828384,0.00010149836471505649,0.0,3.0,0.0,0.0,0.0,0.0,1
122.91703233143284,2.4742078738155846,2,0.0010833928900129861,0.00029439266695511433,0.0,93.23983824116549,3.0841212862453196,3,3,0.004156294718060818,0.00197936746347907,1.0,99.0,0.0,0.0,0.0,0.0,0
59.076376356305225,2.426135498725381,3,0.0007846653090763981,0.0010171578046023156,0.0,27.85370900076613,2.788485182590278,4,4,0.0032359464642485476,0.0027059606078709613,0.0,3.0,0.0,0.0,0.0,0.0,1
37.314173826346845,5.858387955406535,5,0.0018646927905077168,0.00017189859873704508,0.0,50.15277363463632,3.472960074204951,3,5,0.006074946007553325,0.0011065887526086379,0.0,4.0,0.0,0.0,0.0,0.0,1
194.27338154572345,7.216363184806142,8,0.0012747155302022368,0.0012652267321787251,0.0,77.32102843538331,2.85244900457829,4,4,0.005067474317234676,0.001038807551506729,1.0,1.0,1.0,2.0,1.0,1.0,1
19.876433879829225,2.720376011395349,4,0.011397980175918988,6.122149360329958e-05,0.0,187.16378957291798,7.0879891094824,4,4,0.0002813862075387817,9.568931640286712e-05,0.0,1.0,1.0,2.0,1.0,1.0,1
259.73780385127793,1.4133986219629362,4,0.0008196220613105673,0.0009668150664739424,0.0,11.502077961791578,6.619314846074652,4,6,0.0014274862910135851,0.00032325669305528293,0.0,3.0,0.0,0.0,0.0,0.0,1
40.1463308392421,13.008469432954508,3,0.007447708996467139,0.0010510745364014148,0.0,15.263436924548296,2.256239154636206,1,4,0.0066023125350750216,0.0016039443831560114,0.0,1.0,1.0,1.0,3.0,0.0,1
185.42937084544863,4.758421930240749,4,0.003184358381838355,0.0009643056148774093,0.0,47.66289459036095,4.373983732160847,5,2,0.001323293255887703,0.00011496981247148042,0.0,4.0,0.0,0.0,0.0,0.0,1
83.89400965478178,6.929480336614369,4,0.0018834285910172021,0.0007923834300659131,0.0,37.5260749327488,7.056634298533912,2,2,0.009223825972191351,0.00011867399584317765,0.0,1.0,1.0,2.0,2.0,0.0,1
150.22188411011072,3.8536696257564227,7,0.003489585013383336,0.0017199925185383234,0.0,36.738984695816775,2.2522295799742738,7,4,8.398065479033483e-05,0.0007109284319906469,1.0,2.0,0.0,1.0,2.0,0.0,1
340.8791676800226,1.3069758631582997,7,0.0010219924911920256,0.001424299596380528,0.0,26.140617653348283,1.890265240820827,1,4,0.005340259848105072,0.0008832355037495615,0.0,1.0,1.0,3.0,4.0,1.0,1
37.21975719188893,5.519398271184495,4,0.004088013648648402,0.00043143654916360103,0.0,54.3522874822503,2.886624497094059,2,1,0.0003959743050413766,0.00010977574886224256,0.0,2.0,0.0,1.0,3.0,0.0,1
269.8138932767724,10.669370780102186,3,0.010055150376799037,0.0002041657134904436,0.0,133.88292785107475,1.6867415335823852,2,3,0.008541399398228301,0.00016200028821203153,0.0,2.0,0.0,2.0,0.0,0.0,1
49.47578637532975,2.9583598472050356,2,0.0065278176301331245,0.0003797439671947603,0.0,15.527263906252733,7.016498123507082,1,3,0.009435466375492394,0.0004535692024573675,0.0,1.0,1.0,5.0,3.0,0.0,1
48.957257856796815,1.2602822922941979,3,0.007724390439549454,0.0006933147328273746,0.0,19.546182721252787,4.01964132776183,3,3,0.01262097756209761,0.0002790790316933289,0.0,1.0,1.0,0.0,1.0,1.0,1
43.28817101043837,2.13540287117296,5,0.00021897531769911818,0.00047990958403249743,0.0,71.6696714731308,1.4189684746941835,5,2,3.892820791672026e-05,0.00578444164094566,0.0,2.0,0.0,2.0,5.0,0.0,1
72.36747975151042,7.130388155449213,6,0.0003075366062695444,0.0012907190851193494,0.0,8.470310858073713,3.862894505576141,1,3,0.007532693344549005,0.0008790468360464276,0.0,2.0,0.0,1.0,0.0,0.0,1
23.39259039295093,5.2419437709373735,2,0.0032430267985792804,0.0012004175188154295,0.0,72.20809069143095,7.119205250415648,4,2,0.005343601648107581,0.00034374309260618865,0.0,99.0,0.0,0.0,0.0,0.0,0
74.54317138332539,8.499428667985516,2,0.0021557535099653493,0.004493349544389402,0.0,27.652568922700183,3.3309764987428334,4,5,0.014160407782984628,0.0010041717451793788,0.0,2.0,0.0,2.0,1.0,0.0,1
72.41934304716102,4.356076524731998,3,0.0006895285371374717,0.0011323249251906594,0.0,31.57636879924507,3.3686325770799828,3,3,0.002431329218186766,0.0026932565420554,0.0,2.0,0.0,2.0,2.0,0.0,1
124.80577106451966,6.4312897254481625,1,0.0029049413336849194,0.00019116986366496535,0.0,36.207057038356744,4.785305700406147,3,4,0.0046436498911193785,0.0009557736502393832,0.0,2.0,0.0,1.0,1.0,0.0,1
153.49288381667628,3.359787469006408,3,0.0006590122908998395,0.000126615858764378,0.0,30.80891579202037,5.135226949638594,1,0,0.00046688465175838135,0.0019181620979231867,0.0,3.0,0.0,0.0,0.0,0.0,1
56.44855452360524,2.224877727769048,4,0.0057024667216762845,0.002394158235070602,0.0,115.41021916443131,3.0708798367141688,2,4,0.0018642533033353188,0.0014691531370400626,0.0,99.0,0.0,0.0,0.0,0.0,0
38.80109798631573,6.441937549424866,4,0.002098741010562413,0.000649761729151275,0.0,180.20238597813295,6.457969293191216,4,3,0.012095933238294505,0.0012240858125634206,0.0,3.0,0.0,0.0,0.0,0.0,1
34.01653672337098,7.200044947592724,5,0.0011328994989809112,0.0012877745333865782,0.0,52.645909240391404,2.1627573999720893,1,1,0.0002853112598346108,0.0011015030684841686,0.0,99.0,0.0,0.0,0.0,0.0,0
27.315666168809752,2.9983863998705633,6,0.0018947635067706058,8.553728707659331e-05,0.0,57.318992963048196,2.7359478016930137,5,4,0.003726753004661107,0.003208013626380719,0.0,1.0,1.0,5.0,2.0,1.0,1
14.750076624670465,10.095895855112918,4,0.001706242085511683,0.0013487643237657522,0.0,9.385417927329145,2.6276843277782085,5,2,0.001999084845262961,0.0008827719003023399,0.0,99.0,0.0,0.0,0.0,0.0,0
43.538511873359184,10.264602805728895,6,0.0032781528847100633,0.0021502397800832068,0.0,79.93652161175633,4.653826428692836,2,5,0.0034874346942162793,0.0003854964583212218,0.0,4.0,0.0,0.0,0.0,0.0,1
35.20400853641352,2.4344570852795,6,0.0006571703533561132,8.545806564009002e-05,0.0,57.63846334187476,7.593805088419145,1,4,0.004060625719519208,0.0012810544361160233,1.0,2.0,0.0,4.0,0.0,0.0,1
281.49974259437283,2.4972373250888484,2,0.015064211934165368,0.0008799080408387815,0.0,8.10252013172666,6.1024749526023445,5,0,0.0021603922152910624,2.418416087791682e-05,0.0,99.0,0.0,0.0,0.0,0.0,0
75.26294797232923,2.563183398871736,3,0.0006270080453562709,0.0006415934881633446,1.0,18.27065413785263,2.3570857682234645,1,2,0.0008312217053315729,0.0009542614194967728,0.0,3.0,0.0,0.0,0.0,0.0,1
44.12819964136807,4.017185041531365,5,0.002964299552951789,0.00018227081190502184,0.0,18.53454693692202,11.224249809954568,0,3,0.0006855951355532452,9.352665691838857e-05,0.0,2.0,0.0,4.0,1.0,1.0,1
79.48916188980581,3.454477357231157,1,0.005672851203504609,0.001720196962128902,0.0,16.2497879540538,1.957376168214738,1,2,0.01178753797625249,0.0019522920704298512,0.0,4.0,0.0,0.0,0.0,0.0,1
21.991140600171583,1.971877133412514,5,0.012461173403126746,0.0020525120634049825,0.0,69.49010504453939,2.002473914410852,7,5,0.009296125653696821,0.0013256250139406448,0.0,1.0,1.0,3.0,3.0,1.0,1
56.96525387543224,2.6049661749732502,9,0.0050465816285844055,0.0011013993685024751,0.0,163.23281871362403,2.0421322311177943,2,2,0.0029663672230269013,0.0007314084506563295,0.0,2.0,0.0,2.0,1.0,1.0,1
88.73009646256091,1.3160701429224353,9,0.002309416132115124,0.00032186918453410373,0.0,91.37546185126045,2.511940663636497,2,3,0.0010525306304757906,0.0005682547748857196,0.0,4.0,0.0,0.0,0.0,0.0,0
63.69486167835801,1.3988250034883856,3,0.011844102655481657,3.810235618971521e-05,0.0,43.933291453452924,5.471142256992566,5,1,0.01009658971962687,0.002003149664929081,0.0,99.0,0.0,0.0,0.0,0.0,0
51.10357558846016,1.7851216164132078,2,0.005292679200847026,0.0020965366828622723,0.0,36.056041163889326,5.410739473368423,2,3,0.0002569713807272402,0.0011020070390882046,0.0,99.0,0.0,0.0,0.0,0.0,0
417.28330111539685,12.575782149827214,5,0.013965862279904743,0.0017584628597627893,0.0,34.310403749489794,2.029446015963157,6,2,0.002718903921023967,0.000650415831810697,0.0,4.0,0.0,0.0,0.0,0.0,1
179.83120001974373,11.664439970710717,4,0.020666362851670558,0.00010441366658997764,0.0,60.164779718554485,2.183668530071485,4,4,0.0071835243371214195,0.0010231543790273606,0.0,2.0,0.0,1.0,2.0,0.0,1
88.12699870454463,6.666392222506251,5,0.001490405235672407,3.302959296204373e-05,0.0,31.70420738296376,4.784840734393896,4,3,0.0077205378761108145,0.00315799136060739,0.0,1.0,1.0,2.0,1.0,1.0,1
77.40184963049094,3.0163989065024364,5,0.008435943026191214,0.0007692251944979665,0.0,20.380460199527015,2.3423518581602765,3,3,0.000967665576156203,0.00022573212644496794,0.0,1.0,1.0,2.0,2.0,1.0,1
87.54589146559634,1.7710304761279774,6,0.011685924565204056,0.004107594939776208,0.0,60.40540251458707,2.071821528532576,4,3,0.014259347320203071,0.0010168510092355375,0.0,99.0,0.0,0.0,0.0,0.0,0
27.982802606862805,4.3016796016024905,1,0.005117581389747149,0.001756048775586865,0.0,34.72720438604648,6.761654379482316,5,5,0.0001437931585162204,0.0007354001863181523,0.0,1.0,1.0,2.0,5.0,1.0,1
50.22036173521575,5.610785314877298,8,0.003569772031661422,0.00039969956957241034,0.0,5.8535320375946425,1.0494361470920368,1,3,0.005385658656725301,0.0007960388814089439,1.0,1.0,1.0,0.0,3.0,0.0,1
13.220733309260817,2.7464109263778353,6,0.004495368317064662,0.0027629302291688257,0.0,6.348916958838132,4.648800235137516,3,0,0.0036328837566310386,0.00011506813446801447,0.0,4.0,0.0,0.0,0.0,0.0,1
61.63181032348636,5.432518257759043,1,0.001749584717357338,0.00040245523844635486,0.0,24.22360708985917,4.636955126866095,2,6,0.00031111875245983135,0.00012295325803451682,0.0,4.0,0.0,0.0,0.0,0.0,0
72.65005470023796,2.12477342865572,3,0.008815650438228106,0.00014049574229128584,0.0,48.09832463134003,4.488658579884099,0,2,0.0019971937427521484,0.0019939899167913545,0.0,2.0,0.0,3.0,2.0,0.0,1
30.67572843671566,3.052374756708005,6,0.0015306105081447552,0.00045284615053859956,0.0,31.239595931008076,2.7303037898838944,0,1,0.007019569361499261,0.0009071647764064294,0.0,1.0,1.0,3.0,2.0,1.0,1
276.0030377519821,3.710551622391087,9,2.781772195253229e-06,0.0007949255734841652,0.0,6.460952165571112,2.4764928003460893,2,3,0.009351135428840831,0.0003919890936451752,0.0,2.0,0.0,1.0,1.0,0.0,1
202.15232139189143,11.874223810428816,3,0.013252537639986413,0.00017221334289255048,0.0,20.15061607026164,6.588170845560662,2,3,0.0022430749602799357,0.0003802801765917697,0.0,99.0,0.0,0.0,0.0,0.0,0
112.45196268190361,2.5836821766213047,4,0.0011429887832912391,4.0428379693765e-05,0.0,11.083391793504422,7.555030640007988,4,4,0.0010675387684472332,0.002810892914665899,0.0,99.0,0.0,0.0,0.0,0.0,0
70.9803410452746,5.594168894894051,5,0.004151059254439595,0.0012591446567421373,0.0,183.1243936996156,2.6384314389502137,3,1,0.01328443331845431,0.0017749014547591012,0.0,3.0,0.0,0.0,0.0,0.0,1
173.19868985460965,2.369756871127328,4,0.0035848875728739767,0.0005194537542906836,0.0,27.51076974378323,2.2799688743919035,2,2,0.0003870488247441431,0.0003186541975971491,1.0,3.0,0.0,0.0,0.0,0.0,1
21.200973526098473,2.1966160095053064,1,0.011342567161825334,0.00013878193514303144,0.0,5.89258878420687,1.0602520982402395,2,0,0.0071870595524329735,0.0015549473476264412,0.0,1.0,1.0,4.0,1.0,1.0,1
135.0462633142588,2.7394788008188424,0,0.012230121701151023,0.0009980214013637911,1.0,69.82805951463382,6.214307989137482,5,1,0.0020186109122565183,0.0001631538567771595,0.0,1.0,1.0,2.0,1.0,0.0,1
20.66613036416191,4.391346335297596,4,0.0012708362140461298,0.0026112707382940133,0.0,20.87293831183345,4.48116073048571,3,1,0.0019051278608443571,0.001808482960182248,0.0,4.0,0.0,0.0,0.0,0.0,1
136.4721813739335,10.896819073685126,1,4.80383326389577e-05,0.0007738565934347464,0.0,55.18451753776545,5.09990450515901,1,3,0.0159139473512903,5.831627422672356e-05,0.0,3.0,0.0,0.0,0.0,0.0,1
35.811431983307415,2.9784448308535882,3,0.0013286092411349086,0.0003705144146827202,1.0,14.803779182897117,4.693087149650828,3,0,0.0019648384486347847,0.0002496769328596552,0.0,3.0,0.0,0.0,0.0,0.0,1
177.70461007603592,7.233117154812201,3,0.0039462771150404,0.00040827135978852426,0.0,253.15964565266566,3.092227032175495,2,1,0.012376610957851827,0.0009583548387864069,0.0,99.0,0.0,0.0,0.0,0.0,0
240.6524437080131,12.231814964882172,3,0.015318486278050545,0.0010320067623756175,0.0,215.9140992073181,4.165823072275274,3,1,0.004830919306729454,0.0013506099836768388,0.0,3.0,0.0,0.0,0.0,0.0,1
22.888274017168765,5.041179489737762,5,0.001749230658816911,0.0003351219888273947,0.0,69.02391359184132,4.268135886466967,3,3,0.005789250206666979,0.000202496050608147,0.0,2.0,0.0,1.0,2.0,1.0,1
59.69226235672933,8.034437989760434,4,0.00536714698221441,0.0008218823267156978,0.0,78.69646707472324,7.090884960363311,2,3,0.005613603963434197,2.3938018750674228e-05,0.0,99.0,0.0,0.0,0.0,0.0,0
327.0121770514377,2.655311082423962,3,0.021508421090642865,0.000785434192571662,0.0,38.29489484821399,7.042753959018291,2,3,0.0006002093259422187,0.0011935525117632729,0.0,1.0,1.0,0.0,0.0,1.0,1
62.840063398990495,5.505018066983414,3,6.874846531251797e-06,0.0024154634044502446,0.0,201.49399448477135,1.7645762089762331,2,3,0.005983205977543081,0.000872971715991616,0.0,2.0,0.0,2.0,0.0,1.0,1
169.342310021217,6.367818733567205,3,0.0004422261301883939,3.763835295245762e-05,0.0,38.0717403477489,1.2738807261064888,4,3,0.003461025470132291,5.7917051710133416e-05,0.0,3.0,0.0,0.0,0.0,0.0,1
81.08072375393999,1.9244902389276342,1,0.010675046059164224,0.0010631533068650983,0.0,21.424225230765533,1.475025288490331,2,2,0.01568373759665447,0.0007275391021143334,0.0,1.0,1.0,3.0,1.0,1.0,1
47.64252970242914,2.509541830973914,7,0.007027904158055258,0.0007720805361944882,0.0,12.355731978317937,2.8399112486013776,3,5,0.00024257875729656508,0.00025420706159013116,0.0,2.0,0.0,2.0,4.0,1.0,1
36.925537524806074,3.6153728677463444,6,0.012238846601790657,0.0001719548382995295,0.0,19.001126429089478,7.406801048716169,1,3,0.003756782788087558,0.0005369669077247538,0.0,3.0,0.0,0.0,0.0,0.0,1
28.17444423267091,2.78319753156887,5,0.005503398829234854,0.0008522478319685865,0.0,55.94786292907043,4.494050091582745,3,3,0.00228289426868281,0.0005666490830325885,0.0,2.0,0.0,3.0,3.0,0.0,1
124.77096233735644,3.868730659339847,9,0.00547808302579377,0.001989795271451881,0.0,21.86954106960772,5.310735415553749,5,1,0.00029742375277633026,0.0010438398348126862,1.0,1.0,1.0,4.0,2.0,1.0,1
49.091283424190074,1.7899401583150925,9,0.00647822447157168,0.0003124238501854261,0.0,68.7222593215103,3.193444363823322,2,4,0.0015987928039953984,0.0009110216107042976,0.0,3.0,0.0,0.0,0.0,0.0,1
67.27650124912498,11.50645014044282,3,0.0008952917804429363,0.0022927711660840123,0.0,33.89392651837194,1.5611153737504044,1,6,0.010552259546450624,0.0006580741466970824,0.0,4.0,0.0,0.0,0.0,0.0,0
64.23317963271273,7.683771987597422,3,0.012241049733535335,0.0004557480689215132,0.0,135.7546016890874,7.306190739045668,3,2,0.004266600130680344,1.0749673838661533e-06,0.0,4.0,0.0,0.0,0.0,0.0,1
78.88343689388401,24.269973118291524,10,0.0026064548485223377,0.00029493609191067784,0.0,54.05165497144032,7.8165796909863205,3,7,0.0009637610074626097,0.0002078778547670667,0.0,3.0,0.0,0.0,0.0,0.0,1
170.54118543305177,2.0419917065779276,6,0.0045981141494559575,0.00075402973884865,0.0,63.46762313854334,2.7894850216392255,5,1,0.019691460561867394,0.0012832286986063863,0.0,4.0,0.0,0.0,0.0,0.0,1
325.97526330685463,5.634901060139489,6,0.0012805601350951092,0.00027158363267323747,0.0,53.79153977600951,1.9212592978600191,4,0,0.00752852796229389,0.0002707837188572856,0.0,1.0,1.0,1.0,0.0,1.0,1
51.88372321989335,2.7981224877361344,6,0.002944047326840651,0.0011432784471076902,0.0,135.06687706433814,3.063087428319272,2,2,0.0015963528474197447,0.0018380896303040663,0.0,4.0,0.0,0.0,0.0,0.0,0
150.59741935178826,2.1897989280151844,5,0.005915025319576474,0.00035629111761694614,0.0,8.931192497933925,6.290415705276239,3,2,0.007716876189988802,0.0008222419641859017,0.0,1.0,1.0,1.0,1.0,1.0,1
125.6929917202069,7.424309452055626,3,0.001177658156600467,0.0016937635112985053,0.0,9.183433773059548,4.031882357418736,3,3,0.004922249787782697,0.0016248577650913255,1.0,4.0,0.0,0.0,0.0,0.0,1
78.17686366757302,4.477376733196982,7,0.0035219399482460494,0.0013558677460541683,0.0,77.58743064959015,3.245300232381653,3,4,0.01267933713567334,0.000218135140773113,1.0,1.0,1.0,2.0,1.0,0.0,1
259.9710132158348,3.472268386700878,5,0.002290811277684481,0.00029340510418509225,0.0,92.6517394879696,5.926459589081981,2,7,0.001007040134159468,5.10843710878558e-05,0.0,4.0,0.0,0.0,0.0,0.0,1
27.898949736356013,5.132313220414269,8,0.0045178513662236935,0.00030475560383467446,1.0,39.10616326192167,3.8050473553977273,4,1,0.0035714820419400373,0.00048776487531203175,1.0,99.0,0.0,0.0,0.0,0.0,0
19.25659422558116,2.5699982381405704,5,0.002732702912297248,0.0011611237895987495,0.0,31.060141620138975,2.3551003324856303,3,5,0.007003725669543073,0.004513808163171162,0.0,99.0,0.0,0.0,0.0,0.0,0
163.9110552714229,2.522109437439167,1,0.010450903850730572,0.0023280897474442105,0.0,24.539243443736115,4.083613084471839,4,3,0.00947683978028056,0.00037766773253919097,1.0,2.0,0.0,3.0,1.0,1.0,1
56.264116955798116,2.856354736083251,8,0.006962996106974532,0.002723577996936238,0.0,21.025325535198288,1.320967712283657,5,3,0.00019877499475978185,0.0016212804415166333,0.0,99.0,0.0,0.0,0.0,0.0,0
160.16910488260746,8.329797892612364,1,0.006236514161806521,0.0008359842575635153,0.0,150.79688020124615,10.117092551068856,3,2,0.002183777144256166,0.0005987798622671121,0.0,3.0,0.0,0.0,0.0,0.0,1
188.86158714296937,7.924540133573986,2,0.0010096565060268704,0.000501676893861039,0.0,25.985326031789214,5.258493511276324,3,2,0.00015863929181426256,0.001929677430525422,0.0,2.0,0.0,1.0,2.0,0.0,1
15.159463095006672,1.9933971354287254,5,0.018033951349252342,0.00021865742716354166,0.0,67.66087881073602,1.3928793725863953,1,4,0.004512720670367544,0.00011204920827862197,0.0,3.0,0.0,0.0,0.0,0.0,1
181.96492704562584,11.206028524807277,5,0.008789625399020706,0.0020445338693918405,0.0,97.81449143790869,2.79043681053494,3,4,4.3011886485778656e-05,0.00015624455399377267,0.0,2.0,0.0,3.0,1.0,0.0,1
57.58283189347398,4.252613363094786,5,0.0008928578982705728,0.00040186412703974985,0.0,6.332686169884051,4.442752670447779,4,2,0.001996180309596482,0.0008602907930894241,0.0,1.0,1.0,2.0,1.0,1.0,1
67.13863265968845,5.578919693899893,6,0.0025583471576998713,0.0007872989899831882,0.0,7.067670417874511,4.547821476446176,8,4,0.003969965336306221,0.0006141366669980077,0.0,1.0,1.0,0.0,0.0,0.0,1
88.80679936682417,2.8033119846304464,12,0.0033911135581042406,0.0007531028103627888,0.0,29.310275494539162,5.155646768742411,4,1,0.00022172388192841344,0.00335144885881519,0.0,1.0,1.0,3.0,2.0,0.0,1
218.70991676518204,4.3880917152203,4,0.0022073234416546514,0.004165704318793335,0.0,76.44676216536155,3.136770653943929,3,1,0.006473751727170069,0.001696922128386553,0.0,1.0,1.0,3.0,2.0,0.0,1
11.544093549246867,2.182781019872003,3,3.758278262304125e-05,0.0014445229774239956,0.0,23.13109474522209,9.372163513115257,5,4,0.0116853697264033,0.0013213597609450225,1.0,99.0,0.0,0.0,0.0,0.0,0
61.829965115025864,2.6938800824570936,4,0.005203954889340154,0.002646058120296236,0.0,5.089063495792148,10.058780254979498,5,2,0.008651385521449442,3.1590576951587906e-05,0.0,2.0,0.0,2.0,0.0,0.0,1
103.10892785069268,7.057089475447845,1,0.003923366410685649,0.00016479703767571886,0.0,25.393106827294726,6.220403769687799,1,2,0.010377992762581549,0.002269396372971419,0.0,1.0,1.0,1.0,2.0,1.0,1
112.61443340360836,7.156823571899313,4,0.0003401751687717566,0.0004624362086460196,0.0,10.667266661493692,4.065914106869098,1,1,0.00038557492147564293,0.0002686020274844093,0.0,2.0,0.0,3.0,1.0,1.0,1
104.35085325688863,5.734618794998079,7,0.005730045386272175,0.0007254414153429297,1.0,19.862568198620597,1.9115496792216522,4,1,0.001237479911629928,0.00046877481775693436,0.0,99.0,0.0,0.0,0.0,0.0,0
21.549836447624745,3.342527757759129,2,0.0006694755889567058,0.0030078417455591516,0.0,29.31500793596438,3.888629272830651,5,3,0.0016761098769807353,0.0012402168462054303,0.0,4.0,0.0,0.0,0.0,0.0,1
38.46494970478192,1.9760924672330256,2,0.015299929600753895,0.0016726318820927425,0.0,13.221897883867104,11.136306512194267,1,1,0.0035191553586438485,0.00047014918451075043,0.0,3.0,0.0,0.0,0.0,0.0,1
45.542569792746775,8.94258583636432,1,0.0004798070881794551,0.0010227392264243113,0.0,78.52501108020402,4.229496662443529,6,6,0.0003003481038581377,0.00041737247633219754,1.0,1.0,1.0,1.0,1.0,0.0,1
140.54990102292172,7.478433686530993,4,0.018829835292283045,0.00011168930186321688,0.0,22.73642209104329,3.920009220002931,5,6,0.0015534286049676475,0.000598459205191423,0.0,2.0,0.0,2.0,0.0,0.0,1
36.142651934130555,1.4831615299594323,4,0.0033026916358511365,0.00040691847600127386,0.0,69.92209128060757,3.510090537087728,2,2,0.0002787857035550382,0.0011973008348208146,0.0,3.0,0.0,0.0,0.0,0.0,1
28.929207298899883,7.231571717029247,2,0.004701822055592279,0.0004436866648770398,0.0,59.8325469359974,2.4755897344955295,4,1,0.0015580904176284304,0.0010799009758101304,0.0,99.0,0.0,0.0,0.0,0.0,0
262.56230951600065,3.4710402925170682,7,0.0003367842493528922,0.0004474955807018961,0.0,141.99371137690017,2.3607035501579205,2,3,0.0009050501512353302,0.0031517946769531826,0.0,2.0,0.0,4.0,1.0,0.0,1
10.712223813782819,6.4961968611307634,5,0.0043520170825063955,0.002730025297798454,0.0,10.522520939269603,5.6952774837191225,3,6,0.0021540370100613135,0.0004602407644292755,0.0,3.0,0.0,0.0,0.0,0.0,1
500.30583951232694,1.8011539119728528,4,0.009425135255883682,0.0016415573404954455,0.0,19.49434787458327,5.088816613921012,3,3,0.0019468423670621106,0.00038349134790344777,0.0,3.0,0.0,0.0,0.0,0.0,1
100.36398835494026,2.8881402296613805,5,0.003988922820116297,0.00038247258354448153,0.0,125.22818428262673,1.7275903487001294,1,1,0.00225424777992437,0.001105900291721458,0.0,99.0,0.0,0.0,0.0,0.0,0
151.0394413150696,4.583407901156795,4,0.006725993296620734,0.0009389972852597953,0.0,108.60263123301871,8.077838248347797,5,3,0.0010846101960877079,0.0004787635374181766,0.0,2.0,0.0,1.0,2.0,1.0,1
37.92142068039365,11.509307206028168,7,0.00034852316072703476,0.0002435523567852073,0.0,17.79943214431971,5.236001605044803,3,2,0.0002229260569926579,0.0009224016293347213,0.0,99.0,0.0,0.0,0.0,0.0,0
11.153498379040922,4.590533947865624,5,0.004274118071333369,0.0011832851237522789,0.0,11.839594367231758,10.83966803802966,2,3,0.0007049323149004506,0.001125475587873661,0.0,2.0,0.0,1.0,1.0,1.0,1
117.11303027477604,8.12780686605116,5,6.0980894765817654e-05,0.00015544457703593292,0.0,121.3772134707333,2.482872578161814,5,2,0.007377663570556673,0.0015408703984876573,1.0,4.0,0.0,0.0,0.0,0.0,1
153.73111491947208,4.96922841896599,5,0.01225477466401452,0.0018753283943497231,0.0,16.77097102238126,5.947489545567391,0,4,0.00335179063008159,0.0002256371710432322,1.0,2.0,0.0,0.0,0.0,0.0,1
117.91252828384754,4.862815744404703,2,0.0001397995606075621,0.0019084446596030963,0.0,127.92762026614993,2.0965101998404156,1,2,0.00018852384471088068,0.0006406466183525324,0.0,3.0,0.0,0.0,0.0,0.0,1
22.331414536817736,5.922595218483579,3,0.0007491082633626525,0.0005148586245339917,0.0,199.82833854832037,1.3221335348350458,3,3,0.0009007202383655175,0.0017918876959609896,0.0,2.0,0.0,2.0,0.0,0.0,1
122.00807388834033,4.1847320213826915,5,0.009275006329355313,0.0001991735413987741,0.0,19.969762785364484,5.985255848538797,3,1,0.0010619468957625293,0.0017482105595666413,0.0,2.0,0.0,2.0,0.0,1.0,1
127.20026781824131,6.954775554968921,3,0.012756637518957979,0.0008068979266628612,0.0,115.10041413521898,2.0676475994346726,3,3,0.001799233850345983,0.0011621542679295753,1.0,3.0,0.0,0.0,0.0,0.0,1
95.96209978655048,2.268955615130378,3,0.0020760283773824384,0.0022290002156119914,0.0,38.08126488296257,4.650370084374407,4,5,0.005230191770126486,0.003069986522485351,0.0,3.0,0.0,0.0,0.0,0.0,1
126.23437805539305,4.202015132603149,2,0.0009308833369919128,0.00021734850526700106,0.0,98.2908546106598,4.244139277465162,2,3,0.00012387661263468086,0.0019951095442012653,0.0,2.0,0.0,1.0,1.0,0.0,1
159.62341397430438,12.108346741060211,5,0.01249615970814118,0.001170676979546283,0.0,36.393687162010124,2.9849081266594775,4,3,0.0013023088860351223,0.0005696322167283548,1.0,99.0,0.0,0.0,0.0,0.0,0
86.07142594503443,8.332785155778048,4,0.0068618957317927,0.0004980786745424541,0.0,9.379769498895747,2.0880939961832707,6,8,0.004173223229204511,0.0006441909977962778,0.0,4.0,0.0,0.0,0.0,0.0,1
17.42228579159326,5.232736221390735,8,0.004083554659466261,0.0019608441604847533,0.0,79.83271151616388,5.6906426535720485,4,4,0.008241697027251046,0.0017488083003451512,0.0,2.0,0.0,1.0,3.0,0.0,1
63.49631870300978,7.648510853911842,7,0.0007550360665989819,0.00014671598508374557,0.0,14.799765347055025,3.5150382358353243,2,4,0.0017100295596108334,0.00023629785054484485,0.0,4.0,0.0,0.0,0.0,0.0,1
16.466383725946027,10.202763369027947,0,0.009184150839160788,0.00035772493246762576,0.0,162.05837517069733,1.172123371074282,1,3,0.016159420785555687,0.0013947665811042066,0.0,1.0,1.0,3.0,1.0,1.0,1
51.87816278602682,1.4069883218655093,5,0.008152555563338788,0.003573369650037602,0.0,37.4509391850731,3.8694759834713617,1,4,0.0008043621158000423,0.001299809530599862,0.0,3.0,0.0,0.0,0.0,0.0,1
51.81923784405049,3.668301863691722,7,0.002498696233465489,0.0004812087802675543,0.0,10.133482968992354,1.5643740332537923,3,5,0.009302268429435606,4.3170357057257545e-06,0.0,3.0,0.0,0.0,0.0,0.0,1
15.463150445884061,2.88237324631024,2,0.006161463846680438,8.943053790570872e-05,0.0,20.56356218831214,2.900076035692041,4,3,0.003947644380645915,0.0009117972868509302,0.0,3.0,0.0,0.0,0.0,0.0,1
44.317599783950456,1.8652798374565633,8,0.014359331251271215,0.0006982914624359565,0.0,124.05556982733562,3.789354627375042,4,3,0.002898249671315511,0.0012459951347913284,0.0,3.0,0.0,0.0,0.0,0.0,1
19.412472390245803,13.172273931795809,3,0.00021557956045139016,0.0004379371539229846,0.0,28.23560210489516,1.0275117377687466,2,4,0.004105280651446195,0.0006741530029100545,0.0,99.0,0.0,0.0,0.0,0.0,0
142.11885680603842,6.09396616756927,2,0.001854902659629047,7.462596333873554e-05,0.0,121.41333921937057,2.440143728661656,3,2,0.00936458501411405,6.474019730809046e-05,0.0,1.0,1.0,2.0,2.0,0.0,1
246.04239880495987,7.48664026755781,7,0.0036422653982938072,0.0014292929203325385,0.0,16.345309218762775,3.1274107375722675,3,3,0.002289198982728243,0.00033038476601520865,0.0,1.0,1.0,4.0,3.0,1.0,1
16.005170698596462,2.9554029398540997,3,0.0009922381647260237,0.0006452394315400187,0.0,42.891312826428155,5.360805583434066,2,4,0.004327296089727962,0.0005938682272119338,0.0,1.0,1.0,1.0,2.0,0.0,1
258.29249872549485,3.6218779252189437,4,0.010548278859188917,0.002128749557024368,0.0,131.35180888069715,6.499037606640828,2,2,0.01954674030749064,0.0009409947827441761,0.0,1.0,1.0,0.0,2.0,1.0,1
69.1481239511009,4.320165443621755,6,0.00236508036331041,0.0002608916185889138,1.0,7.976934720181536,4.403138911303834,3,5,0.00013382480179109893,0.0009527465068858271,0.0,99.0,0.0,0.0,0.0,0.0,0
38.484374102288164,5.472583525347091,7,0.00835648428103558,0.0026780443692822403,0.0,26.768236945454007,7.201811395095074,8,4,0.006242999449687742,0.0005516072289535577,0.0,2.0,0.0,2.0,0.0,0.0,1
16.398129979165766,6.799458157286199,3,0.0034299659241370226,0.00017832559721714776,0.0,149.37787763204693,5.1090534561848155,7,2,0.0003558363306755477,0.0010458336703436466,0.0,3.0,0.0,0.0,0.0,0.0,1
65.55171974171148,6.540323493000531,2,0.018619424563646146,0.0035147654492844837,0.0,59.458642504878235,1.493578493611972,3,2,0.001748499516470223,0.0006215023607149062,0.0,99.0,0.0,0.0,0.0,0.0,0
136.59079121580942,3.765545792673047,7,0.0025861804513022295,0.0004082250454863381,0.0,80.57592426787974,5.675357996432205,3,2,0.0007036616227675234,0.0006527444009960296,0.0,3.0,0.0,0.0,0.0,0.0,1
108.23022862269198,10.447069561183854,3,0.005027284083451479,0.002523621297364921,0.0,115.75840874138916,1.723110416947593,4,5,0.0009370249586669771,0.001008491444675525,0.0,1.0,1.0,0.0,3.0,0.0,1
14.122498359683718,9.191416608812863,5,0.007270693747230499,7.466813413399736e-05,0.0,49.489396399696915,6.2728567143926135,3,2,0.003781385558194838,0.00016865473060389914,0.0,99.0,0.0,0.0,0.0,0.0,0
16.055665924660197,5.143691217294817,3,0.023100025063721573,0.0003671446963727641,1.0,117.00161627277947,5.941834394336488,3,2,0.0009552423220002096,0.00042290273463220594,1.0,3.0,0.0,0.0,0.0,0.0,1
51.25007449728702,4.417127370238462,2,0.00807470200091131,0.003176936895498739,0.0,66.09352246394778,4.110963377814525,2,4,0.00013280463130744893,0.000235859296055924,1.0,99.0,0.0,0.0,0.0,0.0,0
37.99756875040392,3.597315099703526,5,0.0012417462798407959,0.0004303542991696501,0.0,74.43498184832353,3.5180580739441223,2,4,0.009414457845437174,0.0007399265138865862,0.0,4.0,0.0,0.0,0.0,0.0,0
31.15728733860476,5.4916441547085375,5,0.008249176477048455,0.0006372741661168628,1.0,14.952965803956479,3.3693130229100574,5,3,0.005018285266538781,0.002008435199545845,0.0,99.0,0.0,0.0,0.0,0.0,0
36.39201427644093,8.89878499623946,10,0.003826764720779595,0.0016243320489529825,0.0,172.83140830626888,5.3242134847350995,3,4,0.004809718593294637,0.0005519421672531291,1.0,99.0,0.0,0.0,0.0,0.0,0
140.1604024925373,4.47789811925428,5,0.0010600366317706782,0.0007805256022688681,0.0,100.40293119016923,2.639010106126901,0,3,0.0011902485894554682,0.0011698746760926725,0.0,1.0,1.0,3.0,0.0,1.0,1
221.86340756347423,3.0925015983295614,4,0.004741201502764965,0.0014120612744429157,0.0,22.597546563054077,2.7579255824392934,3,2,0.008318186012040372,0.0004210085238593956,0.0,4.0,0.0,0.0,0.0,0.0,1
51.549318734202686,4.418318638082887,5,0.009698672642032448,0.0014555857346196018,0.0,57.04927212184322,3.5374948103757076,3,1,0.0027632426600702315,0.0018637321874877969,0.0,2.0,0.0,5.0,1.0,0.0,1
199.2513654594312,5.200949924553263,4,0.014096826056599282,0.0017173452519630068,0.0,33.34110991368078,2.22797129558119,1,3,5.294738537792873e-05,0.004421529053705739,1.0,1.0,1.0,0.0,4.0,1.0,1
41.02915712457997,2.1877099270069373,5,0.00021862581316963318,0.0022420603294783206,0.0,69.79956262036346,3.3728431224303934,4,2,0.0001086783682095645,0.0006735361883004993,0.0,3.0,0.0,0.0,0.0,0.0,1
61.767830879161934,1.9061083867184017,6,0.00303924121227613,0.004233097568042944,0.0,309.480131308571,6.784947205094962,3,4,0.00959497563062936,0.000473197046213643,0.0,1.0,1.0,3.0,1.0,1.0,1
30.49766967782309,3.13999353829827,3,0.0021909632668239316,0.0012761744101401013,1.0,7.809548706460845,1.9025375969693243,5,5,0.035357175010500966,0.00012492653096899601,0.0,4.0,0.0,0.0,0.0,0.0,1
91.83795695772358,10.433842880516623,4,0.00389934659728749,0.00015218552420628607,0.0,187.8513999887332,1.1901230395275757,3,3,0.0062331137913109865,0.0018048447507005311,0.0,2.0,0.0,1.0,2.0,1.0,1
318.98671743810576,8.597404134175836,6,0.0005863264658337983,0.0019477228776208413,0.0,9.508719755253125,2.2025560120167262,4,5,0.004502826257939467,0.0004573560855890141,0.0,99.0,0.0,0.0,0.0,0.0,0
84.00494606480768,1.6995369436978685,4,0.005005274900216112,0.001594397316594742,1.0,42.05618811116149,5.223027304197921,4,4,0.003425864552362604,0.0026121370874117172,1.0,3.0,0.0,0.0,0.0,0.0,1
45.430194288534736,2.4589992808545125,4,0.0032781698048091057,0.0009089775602377594,0.0,44.4794522541835,4.04609646077188,3,3,0.0060922586872746345,0.00016668210200060092,0.0,99.0,0.0,0.0,0.0,0.0,0
93.4884494780387,6.729535282041029,5,0.004798744578117891,0.00032219672214911944,1.0,23.777896829938452,1.693441160059261,1,6,0.0001614227600605002,0.0005922679927437337,0.0,1.0,1.0,4.0,1.0,1.0,1
20.492627540184856,3.374798910232919,3,0.0012142210995571712,0.0024218557863385014,0.0,55.179398153378976,4.59979999239185,5,1,0.002802833893660001,0.0007551363812684686,0.0,3.0,0.0,0.0,0.0,0.0,1
185.6126748533045,5.670276754745955,5,0.004841974227326515,0.003413645067989818,0.0,112.73309168211841,4.128680939864244,2,6,0.0027092864439456983,0.001396135034677536,0.0,99.0,0.0,0.0,0.0,0.0,0
65.94673457625876,1.745255563654169,3,0.0051519356568142174,0.0005295734288814363,0.0,25.885188514050657,6.608509400017076,1,2,0.00391203541646999,0.000829308456884164,0.0,1.0,1.0,0.0,1.0,1.0,1
57.732432952488146,4.364854155398854,3,0.008801505251562753,0.0009011474732591823,0.0,9.380372269191472,5.140628528957931,1,1,0.01177432463415996,0.002703547693788873,0.0,4.0,0.0,0.0,0.0,0.0,0
80.52502084319683,4.099236885119332,10,0.0003926446850090364,0.00015055628111096617,0.0,65.02661382708855,6.272008731859961,1,5,0.00037113983588450477,0.000321255133204503,0.0,2.0,0.0,2.0,2.0,0.0,1
88.42024425214616,7.508595858315608,3,0.005703479422439122,0.0007758695056828535,0.0,88.59796132982484,2.078786790180286,8,3,0.004460037277403813,0.0020707634323148347,0.0,99.0,0.0,0.0,0.0,0.0,0
15.958558980453198,5.473300956672033,4,0.005940405418661921,0.0007495768744516593,0.0,190.432927444598,1.726999063894218,4,2,0.0016597965118706295,0.00030430759332691714,0.0,3.0,0.0,0.0,0.0,0.0,1
101.8117383619504,4.716332196763785,2,0.0030855187142152228,0.0011215305882597891,0.0,15.42725903533191,2.5311399389487708,2,1,0.0004107449950900009,0.002824813197283675,0.0,3.0,0.0,0.0,0.0,0.0,1
32.158541271320836,1.5678340612402992,5,0.001326916208686837,0.0007045424247315886,0.0,143.97662358037104,2.5808655267441134,5,3,0.006886073578539437,0.0016539632271910295,1.0,2.0,0.0,3.0,0.0,0.0,1
110.12782890156268,12.346803817276799,3,0.0012728668718081952,0.0017245375509586322,0.0,44.48110628539738,3.1110450811894617,4,3,0.00037974928535991183,0.0006267689985912562,1.0,99.0,0.0,0.0,0.0,0.0,0
148.31845711853754,6.440254729433546,6,0.0033327613365514764,0.0008642938000526026,1.0,21.13226577125301,1.8747212643881874,4,0,0.006664839933017895,0.0011790743348867193,0.0,1.0,1.0,4.0,1.0,1.0,1
140.35431567963835,2.8134084781856528,4,0.0020580728556670734,0.0026616796329999404,0.0,202.40373598659994,2.326916617579946,2,4,0.004133077068179073,0.0004292425629013651,0.0,1.0,1.0,1.0,1.0,1.0,1
74.3264722459922,4.644984336667007,3,0.003230301130041323,0.0019969397451108954,1.0,21.34233375173907,9.130756733302318,2,2,0.000310204178594647,0.0019105337099549408,0.0,1.0,1.0,1.0,2.0,1.0,1
68.74585440373042,3.4360930952814472,3,0.004438423731359244,0.0023086631134520835,0.0,84.3302973750686,3.9843444487768553,0,1,0.0049140020468287846,9.218158335647367e-06,0.0,99.0,0.0,0.0,0.0,0.0,0
22.333810797140075,3.8297720602629606,2,0.0013641403476450892,0.0014172442344007898,0.0,97.19544664352807,3.6493820620970707,0,8,0.004927047646977205,0.0003338092455060183,0.0,2.0,0.0,2.0,0.0,1.0,1
129.45556061099427,8.516672745680388,2,0.0016070789517830806,0.002312984567626472,0.0,38.78179707834881,4.566554005329758,4,2,0.003562532262454682,0.0008029795592111606,1.0,2.0,0.0,2.0,2.0,0.0,1
35.33146152868852,2.452424226204692,2,0.0017641216741807967,0.001118381398930399,1.0,75.26804568321961,1.8219147755858176,9,4,0.002913757071681737,0.0007095127855924858,0.0,2.0,0.0,1.0,2.0,1.0,1
64.92478167197781,6.602697941630883,6,0.0038333512587228474,0.00025650275319065067,0.0,55.98484198283336,1.5878831579231178,4,2,9.706073142360001e-05,0.0010250989766410774,1.0,2.0,0.0,2.0,1.0,1.0,1
36.75663973309937,8.734983370771019,6,0.0032194267608674325,0.0003412914912306849,0.0,17.794025388327007,3.5929304022428683,6,2,0.00019409326742396944,4.571270233862824e-05,0.0,1.0,1.0,0.0,1.0,0.0,1
21.493775592583695,5.994074642139429,5,4.3180770925919887e-05,0.0007035052752000919,0.0,90.59895841184904,1.4979704642405778,2,0,0.0013543028652359132,0.00046509359216851927,0.0,99.0,0.0,0.0,0.0,0.0,0
89.44460587807379,3.945414096796643,4,0.0007438089320801647,0.0023448182097374846,0.0,162.87880513697684,2.057644350224071,2,2,0.012176919351796671,0.0009291556900601415,0.0,2.0,0.0,2.0,0.0,0.0,1
14.46910077807331,2.6987822398248613,4,0.0034416815866113956,0.0017557031727462192,0.0,45.2406579031804,1.2647012269894302,2,2,0.0010926127851024802,0.003364515343291391,0.0,99.0,0.0,0.0,0.0,0.0,0
120.47119423344643,2.9175750138580416,2,0.0032121082225069274,0.00039923664384309063,0.0,315.1453809975284,5.851926075047098,3,2,0.005153167712298998,9.829818119830411e-05,1.0,2.0,0.0,3.0,1.0,0.0,1
40.569594604311725,4.70271173155436,4,0.0006447462456161645,0.0018045017257521554,0.0,38.5133389260554,4.1090918394942,5,2,0.0017000457285748353,0.00204171018274999,1.0,2.0,0.0,1.0,0.0,0.0,1
10.010776166112214,4.472217321597896,9,0.004523361721162691,0.0034759240187764713,0.0,44.20520062582378,2.517552507761012,3,3,0.006253514579139909,0.000300583738898402,0.0,99.0,0.0,0.0,0.0,0.0,0
67.25255302435562,7.103825693391862,3,0.0010287159273118806,0.0005636474034857577,0.0,72.23261436240055,10.486445733347804,2,1,0.002401564751412197,6.25546369252805e-05,0.0,2.0,0.0,1.0,1.0,0.0,1
13.838799388900174,1.8056276124428279,4,0.004988308074930416,0.0006228192007211837,0.0,17.33075448428106,6.202701281258632,3,0,0.009939085911929893,3.370110776799269e-05,0.0,2.0,0.0,2.0,2.0,0.0,1
35.855848792782375,8.452221083486814,3,0.004533272763345533,6.429232545793531e-05,0.0,144.3342219863369,3.8338790065829396,0,5,0.0048314195256999185,0.0012435064927527263,0.0,2.0,0.0,1.0,0.0,0.0,1
108.20019404746586,17.374472628831132,5,0.0006855173438765977,0.0007366406178013923,1.0,101.9493340769033,7.02699382939571,2,1,0.001743078577783076,0.0010583453293403148,0.0,2.0,0.0,4.0,2.0,0.0,1
15.179264372706143,4.171437825877048,6,0.009791770468081053,0.00237461659652208,0.0,128.53942343231537,3.2482420241353998,3,0,0.0030904678164722942,0.004006255233051153,0.0,2.0,0.0,4.0,0.0,1.0,1
156.27644513718292,3.7969100775139544,2,0.001231982266072297,0.00031965334362364325,0.0,61.4286399493644,4.011036252405275,5,1,9.560012806713892e-05,5.415616193174509e-05,0.0,2.0,0.0,1.0,1.0,0.0,1
10.306178975711685,4.0150732130563505,6,0.011351574803515842,0.0001873021343675947,0.0,134.11968178565263,3.7234710180676958,1,1,0.010213552574345884,0.003875246160135653,0.0,1.0,1.0,2.0,3.0,1.0,1
32.67649384731964,4.605449070966813,4,0.003798368295399917,0.0010313806824551706,1.0,73.36089857768718,2.975162041340285,1,0,0.0011670706921826938,0.0009159806601880278,0.0,99.0,0.0,0.0,0.0,0.0,0
118.04454770488833,3.6220333629605217,0,0.0008417175051709974,0.0010180566397044162,0.0,47.99242893087948,3.0756038641898096,5,7,0.0012288256425575146,0.0008253145304297915,0.0,3.0,0.0,0.0,0.0,0.0,1
40.41539160957998,1.417653477749944,2,0.004480053468014412,0.002127465871615007,0.0,166.1105530573331,10.369748602512853,2,5,3.3526221533646446e-05,0.0007083068991188874,0.0,1.0,1.0,1.0,4.0,0.0,1
18.59723061950348,3.962364994015891,4,0.0014213226350597128,0.0021282911027821084,0.0,39.75909245593609,4.69379834335061,1,2,0.0064695834990309165,0.0003763553196747709,0.0,4.0,0.0,0.0,0.0,0.0,1
45.73221340518464,4.773169165645586,4,0.001348096084571254,0.0007469305795975113,1.0,46.657252490489064,7.340320920211878,1,4,0.013201258091372799,0.0009087873155811657,0.0,2.0,0.0,0.0,1.0,0.0,1
35.21997107910048,9.007653113204197,5,0.00023635367536556002,0.0012866001166449543,1.0,16.146800440264453,1.9493219739174945,1,5,0.003708882078166052,1.9205243043234982e-05,0.0,3.0,0.0,0.0,0.0,0.0,1
157.97409097096232,2.4347575333283897,7,0.0006161135396558679,5.8862136021653135e-05,0.0,181.99852787458792,2.818086021366815,4,2,0.0026245842186522796,0.0005937145575719442,0.0,99.0,0.0,0.0,0.0,0.0,0
40.07420362350718,11.218385797960165,6,0.004772881993761694,0.00020820912929192742,0.0,19.988721528583035,1.9113404716572,3,2,0.001457804741233826,0.0009365662629765529,1.0,4.0,0.0,0.0,0.0,0.0,0
134.44617261850806,3.476610688503274,7,0.011531694502076013,0.00031870276529060413,1.0,18.49490148119855,6.176842293794879,6,4,0.015832694290886518,0.00035378011711059286,0.0,1.0,1.0,2.0,2.0,0.0,1
187.95527261632228,2.6000742784076927,5,0.0074811677214989235,0.0014001594138505985,0.0,11.401324123152765,6.570100956677287,7,3,0.00670632304926619,0.0019050531288557892,1.0,3.0,0.0,0.0,0.0,0.0,1
55.507093803463704,6.441263465130352,6,0.0031584058426119797,0.0027036755132599163,0.0,41.23782946825039,4.553917603353342,3,2,0.004130010595195838,0.00011745603247059175,0.0,4.0,0.0,0.0,0.0,0.0,0
202.58512585289571,3.245516548564661,3,0.0010219146493642879,0.0001416136625054711,0.0,24.180468920849908,12.777071124246985,3,4,0.003359501697804108,0.00019696942414002165,0.0,1.0,1.0,0.0,0.0,0.0,1
47.897552844761286,4.219481165051634,3,0.00057478623639762,0.0005189042390757114,0.0,86.00492100629276,6.464235915199701,2,5,0.010193396167840716,6.93452453175461e-05,1.0,1.0,1.0,0.0,2.0,1.0,1
276.11335617349727,4.393283188517568,3,0.0067431453439809295,0.0030307750662759386,1.0,27.048695715156935,3.7457194956855653,2,7,0.014166056761286861,0.0002371863732114056,0.0,1.0,1.0,1.0,1.0,0.0,1
17.48241934498892,6.221165516859643,3,0.004683393282631194,0.0004406021568401778,0.0,81.54322407905141,3.620509010414866,2,2,0.0012338229672757487,0.00015239277612525077,0.0,99.0,0.0,0.0,0.0,0.0,0
102.92909157279907,4.145035758241368,3,0.004641556674908089,0.002840240146404656,0.0,18.086456388051715,4.667979068092176,3,3,0.0008032506500875042,0.00018684233910531032,0.0,99.0,0.0,0.0,0.0,0.0,0
64.46809345849226,3.879169058287493,6,0.016376972353446727,0.0009215240791689409,0.0,20.67922435385465,6.685051411134236,4,2,0.0032369571844016436,0.0009310953269695568,0.0,99.0,0.0,0.0,0.0,0.0,0
49.23594510100105,3.4235006705899327,4,0.002386768541728904,0.0014137349988190416,0.0,103.44771544148492,4.906969262870902,4,4,0.0030595431773149362,0.00024966748536376276,0.0,1.0,1.0,5.0,2.0,1.0,1
90.12869339242621,5.851504219222966,5,0.011669992474043293,0.00017013596745213237,0.0,32.82636587259325,2.743999656177404,2,3,0.001451564236182249,0.001936926784690428,1.0,3.0,0.0,0.0,0.0,0.0,1
107.35305141080994,3.1474648543669965,0,0.0006800336894867747,0.0011073731673258535,0.0,12.111742184062255,2.731673588562204,0,4,0.0021346221400074823,0.0017707499148033768,0.0,2.0,0.0,2.0,1.0,1.0,1
10.349825319339713,9.189608915405117,3,0.009184779221367878,0.0018971800771926538,0.0,200.27609508741938,4.26727310036139,3,2,0.0025101647998299866,0.00043605086156400043,1.0,99.0,0.0,0.0,0.0,0.0,0
24.61322578969672,4.422608124947292,4,0.0004603873932509643,0.0008989805530254769,0.0,16.716541289106907,2.55152718996273,4,3,0.0025563492124280624,0.001605488710333323,0.0,2.0,0.0,0.0,1.0,0.0,1
109.87468250149331,1.6044085542090913,1,0.0006083008531190363,0.001540854524507398,1.0,14.765051641995328,7.796499839626108,4,1,0.008541719117352615,0.0007392003434850597,0.0,3.0,0.0,0.0,0.0,0.0,1
97.82151081339778,5.198703041860908,4,0.009638179551953242,0.0006531840475145511,0.0,31.625736001868624,4.302055382289065,1,1,0.0004300113557388733,0.00023439689289079494,0.0,3.0,0.0,0.0,0.0,0.0,1
280.6234352832433,5.718791508613355,6,0.0009901752949760638,7.73588427417668e-05,0.0,11.031252685892891,1.7406669324357535,5,2,0.001637557755570976,6.798598237709347e-05,0.0,2.0,0.0,2.0,1.0,0.0,1
124.51598862053925,9.25239010591606,7,0.016383856324775244,0.0023682227917108663,0.0,15.148901407429864,3.4677861944313575,6,3,0.0020238223483817178,0.0015455744492477407,0.0,1.0,1.0,2.0,0.0,1.0,1
250.90456707015034,2.7683042495137213,4,0.0031315246736100424,0.006752206084055444,0.0,117.42163093776136,3.7505089624587202,3,3,0.00314894449611389,0.0010848253132431215,0.0,2.0,0.0,1.0,1.0,1.0,1
106.99817623016699,2.5434471572724813,2,0.003103109657558273,1.7619043903653753e-06,0.0,16.288803019727816,6.55987569189078,1,4,0.0007599223367804302,0.00041275979307054246,0.0,2.0,0.0,0.0,2.0,0.0,1
38.31169992026119,6.345968819012356,3,0.0003853359014607892,0.0005599751001962935,0.0,12.088295846773825,3.5246329016661813,6,3,0.006757079690962873,0.0008233211972375768,1.0,1.0,1.0,2.0,3.0,0.0,1
18.907150256962872,8.348876373830176,3,0.0035805525277452822,3.0346735670601e-05,0.0,132.19458436824323,11.418482105037642,3,2,0.005983977632107774,0.001224493685669111,0.0,2.0,0.0,2.0,0.0,0.0,1
131.79620608915846,2.705925980532557,4,0.009540292961020748,0.00024264313522459532,0.0,40.197263545218576,5.124484274626272,1,2,0.004799739285414018,0.0004095148914048132,0.0,3.0,0.0,0.0,0.0,0.0,1
92.659503796162,5.0868117545972815,3,0.001583942936600524,0.0013652728518331507,1.0,15.258897633317316,1.7254259170708721,3,4,0.008580508563966452,8.076051226902298e-05,0.0,1.0,1.0,1.0,0.0,1.0,1
13.95085235612336,4.187637590542201,1,0.005028703568344471,0.0014841630378087066,0.0,57.26720239226316,3.0223737803150597,3,4,0.00603819966115612,0.0004688704332876658,0.0,1.0,1.0,6.0,0.0,1.0,1
45.70927669662056,2.760448564950229,6,0.0027888298596696966,0.00027858625463795546,0.0,7.543508554337713,2.6527764192431125,3,3,0.0006541403269553722,0.00010693086219182855,0.0,99.0,0.0,0.0,0.0,0.0,0
261.3528410035292,4.042710840740285,5,0.004122710976814067,0.0016784439676024714,0.0,38.452245190470784,3.7614494378770935,2,4,0.0012040103817195407,0.0012005886960633602,0.0,1.0,1.0,2.0,2.0,0.0,1
65.51598351906804,7.993836155330602,7,0.013223943197929753,9.622688352813826e-05,1.0,58.54183055352809,9.46744519634127,5,3,0.0010173891309943606,0.001100237724141795,0.0,2.0,0.0,3.0,2.0,1.0,1
55.35347000580393,4.433876640206097,2,0.002087714587060383,0.0015435088530716746,1.0,193.96102807643942,2.312168299771055,5,1,3.112988188115745e-05,0.0022678372424922624,0.0,2.0,0.0,1.0,2.0,0.0,1
58.95481576399991,3.917111532382405,6,0.0003942649869672254,0.0011565145353907558,0.0,28.712897986250827,1.4374518493718473,4,2,0.005174634444185915,0.0006016476763918447,0.0,3.0,0.0,0.0,0.0,0.0,1
28.744724740207662,6.14748622184618,2,0.006872919236237448,0.00026716702332176093,0.0,91.90323323298401,3.148534553646381,2,3,0.002725595221451066,0.0024188962909321046,0.0,3.0,0.0,0.0,0.0,0.0,1
46.79883620473361,8.433770005094189,2,7.517940936511468e-05,8.329203337180543e-05,0.0,13.542207603421936,2.5513421898981976,2,3,0.004964136016497636,6.481840753432926e-05,0.0,99.0,0.0,0.0,0.0,0.0,0
46.93912675616299,2.411275504766679,5,0.009095055013089088,0.0010512101306363014,0.0,39.10541452550035,4.5719750975406654,3,4,0.002861443980694416,0.00015830787602659098,0.0,2.0,0.0,2.0,1.0,0.0,1
14.302027258887826,5.212926625009244,4,0.0027689361795950485,0.0021136951346113968,0.0,20.149300470748408,1.2605000777123945,4,2,0.005714236342544357,0.000498141308050291,0.0,4.0,0.0,0.0,0.0,0.0,1
126.73247772904398,3.4897536798263094,5,0.002685985524535086,0.0005363521471435804,1.0,45.691711549458184,6.9817993510111265,3,4,0.005978057750480964,0.0003308431533963411,0.0,2.0,0.0,1.0,3.0,1.0,1
53.09747381310159,4.445677843586706,9,0.0017229532382291184,0.00016493504756234388,0.0,37.397952280011374,4.249646328396911,2,1,0.009018640298500065,0.0002629773719307546,0.0,1.0,1.0,0.0,2.0,1.0,1
148.15862718263185,6.439901398315632,5,0.02966349048460908,0.0024100258304178214,0.0,239.07997083921646,4.280817265003525,3,1,0.0030765832522538046,0.0030286093099717876,1.0,99.0,0.0,0.0,0.0,0.0,0
161.95541501910859,3.6543857360805143,3,0.0034980922779964427,0.003062599240757009,0.0,154.6959630984444,3.641918335150723,3,4,0.012980938241955748,0.0003018008156005351,0.0,2.0,0.0,4.0,1.0,0.0,1
29.059971548325,4.126322566737419,3,0.010310072268951358,0.0009395247756837536,0.0,57.36599304495873,1.6075212944078139,3,2,0.00012708596498478214,9.362003633021564e-05,0.0,2.0,0.0,1.0,1.0,0.0,1
95.68447387770476,7.6034255492246805,1,0.006809746118706991,0.0013174652927369589,0.0,16.652216182498208,3.7274786595335345,2,4,0.0031762184942830357,0.0004319297293507045,1.0,99.0,0.0,0.0,0.0,0.0,0
61.13542862085946,5.635957533136781,0,0.0030890045005538286,0.002760378235504656,0.0,53.84530572937915,2.695448379576257,2,1,0.002737338147209863,0.0012879365144845961,0.0,99.0,0.0,0.0,0.0,0.0,0
179.72564314418878,4.071076221261533,3,0.002026984279156153,0.00042916210771935066,0.0,99.23677078418663,1.3961706702741243,2,2,0.0005871526991600806,0.0010654790735521893,0.0,2.0,0.0,2.0,0.0,0.0,1
29.44124375730378,4.707070404098537,5,0.004036163474745919,0.00010890080792386249,0.0,7.326140698530213,2.4601742498456045,2,4,0.005267266793225538,0.0018093180500131781,1.0,1.0,1.0,1.0,1.0,1.0,1
100.60990227067558,4.504060786123645,1,0.00036081427538524487,0.000818753220388344,0.0,39.15278329222352,5.9444425820098035,3,5,0.0069853422539304655,2.15234670426936e-05,0.0,1.0,1.0,2.0,1.0,0.0,1
84.86890382744721,1.553935237641464,2,0.004956304488066595,0.0016815010401385296,0.0,7.614980333182222,5.524205423214246,6,2,0.007904222209644918,0.0011568705503015367,0.0,3.0,0.0,0.0,0.0,0.0,1
37.99881563121272,4.754865553513271,3,0.0005084202084766254,0.000250703505097264,1.0,21.779495971173642,5.25074261488633,3,1,0.0010333061427832764,0.0018248110036690763,0.0,99.0,0.0,0.0,0.0,0.0,0
21.750259398455004,2.011520749378463,4,0.00690046694615701,3.38947036503513e-05,1.0,10.798231126880058,4.745158535217346,3,3,0.00014717167537103395,0.001002717949889623,0.0,99.0,0.0,0.0,0.0,0.0,0
94.36145308683427,8.291955216082542,4,0.0026277994328754075,0.00012025422291344331,0.0,199.00630411872368,4.73155363399362,5,1,0.002480442210062815,0.00019174825933204544,0.0,99.0,0.0,0.0,0.0,0.0,0
117.33550030283767,1.9877142578998237,5,0.007495575043128831,0.0007116153352782484,0.0,16.095158682497512,6.1541950303563615,5,4,0.0018319346026281589,0.0005521921026424607,0.0,99.0,0.0,0.0,0.0,0.0,0
40.34021525281414,3.3890811812813073,5,0.002723641754383735,0.00025100090247626595,0.0,14.758469088788878,2.863744730065549,3,1,0.00030404400494041966,0.00036438352081435646,0.0,99.0,0.0,0.0,0.0,0.0,0
92.81328501443986,3.0276559488773254,4,0.005731818142270845,0.000628360241516077,0.0,219.65094718631934,5.132284003759344,5,3,0.0034519146116738595,0.0003361973734004727,0.0,99.0,0.0,0.0,0.0,0.0,0
50.2194576465094,10.177090820432896,5,0.006789779774356551,0.0008151680588345971,0.0,48.53616755183742,5.50576938144082,6,3,0.00718633830115141,0.0008031798807991623,0.0,99.0,0.0,0.0,0.0,0.0,0
109.91953366662004,8.085161691194575,5,0.003305234879315909,0.0008431635494012397,0.0,90.12534206228568,7.844434795741182,1,2,0.009117461948756225,0.0009423353809932928,0.0,2.0,0.0,1.0,1.0,1.0,1
27.77305005648568,1.2342974442556778,5,0.004382834629552835,0.0011839702073921437,1.0,28.788655630174446,6.622007842057956,1,5,0.011008511178265103,0.00014101120849224994,0.0,2.0,0.0,3.0,1.0,1.0,1
186.73851162183934,4.302333611184764,4,0.009391799763241358,0.0021670055352890918,1.0,50.66766749352335,7.904925706506752,2,2,0.005073194147915404,0.0003198370013783845,0.0,2.0,0.0,6.0,1.0,0.0,1
37.1078794187695,2.196159953367501,2,0.0031205471177495345,0.00019156386402961083,0.0,5.412638397859656,4.448090048973749,3,6,0.00941965098735205,0.0006157558682875988,1.0,1.0,1.0,4.0,1.0,0.0,1
46.682185215067115,4.76557319196869,4,0.002888184047395508,9.093860019006344e-05,0.0,36.53792922252409,7.7105907553045405,2,1,0.0022847168381450603,0.007556210510783805,0.0,2.0,0.0,2.0,2.0,1.0,1
14.787809827496487,6.352349912531737,3,0.0041551433402361075,0.000517616753416808,0.0,53.592967067806335,3.2057801621167252,6,3,0.003615199503080973,0.00021323601180696773,0.0,99.0,0.0,0.0,0.0,0.0,0
19.458750108536908,5.007114684974643,10,0.0014270126698329765,0.00033865740632154463,0.0,48.34345815390017,1.7162672547181521,5,6,0.0006197305463616618,0.0019701671254242067,0.0,99.0,0.0,0.0,0.0,0.0,0
68.03080703907249,6.584088593384835,2,0.00046628085362316056,4.4631887986005365e-05,0.0,36.23434692856459,6.047659426801362,3,3,0.0026842668204567002,0.0004409070165938327,0.0,1.0,1.0,4.0,0.0,0.0,1
34.91347737805796,3.7127029387566886,8,0.00595960203951092,0.0006634937749134496,0.0,98.04401304551205,3.4397513506089243,1,4,0.014690613797502342,0.0008064646768552142,0.0,3.0,0.0,0.0,0.0,0.0,1
154.3779606197605,5.1025545835920765,1,0.00018050219867136858,0.0008675026527412929,0.0,46.78605381805759,2.639834593718041,1,1,0.006935604246247663,0.0009805232793993405,0.0,99.0,0.0,0.0,0.0,0.0,0
11.184192455555337,6.444725161253833,1,0.0004008879853534086,9.882363887862567e-05,0.0,65.65595450548841,5.833583099777033,3,3,0.006498203923408755,0.0010935952661082354,0.0,1.0,1.0,0.0,2.0,1.0,1
48.12605245237657,3.3141279366904373,5,0.00016668094928919998,0.00069057074775909,0.0,17.246144275925865,3.9619313692740743,4,4,0.015411793247880735,0.0019813918736502935,0.0,99.0,0.0,0.0,0.0,0.0,0
42.92012890733144,2.579066264860523,5,0.009557188508036454,0.00021433380287525395,1.0,123.61313896785104,2.3775707960834502,1,2,0.0047321815947702316,0.0022469139747848094,1.0,2.0,0.0,1.0,2.0,0.0,1
11.561348133590169,2.9331642226088555,2,0.0007179508534487273,0.0007595363815706699,0.0,32.04370911109869,2.4622714464003312,2,4,0.0036836019108007615,0.0006773209845913513,0.0,2.0,0.0,0.0,0.0,0.0,1
20.624785864367098,4.038684613005881,5,0.012492152666463072,0.0009424827971298536,0.0,44.4788072644996,3.2170826717719136,8,3,0.0015171902764726242,0.0011980986574621118,0.0,99.0,0.0,0.0,0.0,0.0,0
52.706072438059635,4.372285567973643,8,0.0006557847486795626,0.0001379988493630921,0.0,31.04991283784477,4.753739482174437,0,4,0.012382781453356861,0.0007987461914687697,0.0,1.0,1.0,3.0,2.0,1.0,1
64.31817753871937,5.27916956551074,8,0.0018114350339868803,0.00017119422062124534,0.0,138.48589637511992,2.8244837527230615,5,3,0.002439538337349423,0.0004592001304386989,0.0,2.0,0.0,1.0,1.0,0.0,1
51.440070659177756,2.769501361828225,5,0.005443868774497364,0.0007111194979526718,0.0,143.6008453641529,3.0505742532738176,2,2,0.008906304560337494,1.0900672790729097e-05,0.0,3.0,0.0,0.0,0.0,0.0,1
70.5615710010658,6.556363177208524,3,0.006705399746062402,0.0002623081327811953,0.0,20.23815496491253,6.046510132213666,2,6,0.002082366599209059,0.0006460345820270541,0.0,99.0,0.0,0.0,0.0,0.0,0
82.33547103708135,11.585451032839746,5,0.011319976120879595,0.0003872982273160972,0.0,88.83271789463348,4.595739914812428,4,2,0.00015947322085966967,0.0006261016897529554,0.0,3.0,0.0,0.0,0.0,0.0,1
10.797871236652217,3.0406476772951394,3,0.0012607944701768818,0.00016319305778890393,0.0,11.51417593626778,1.8345401885706512,3,4,0.00588934318971018,8.851067089103129e-05,0.0,99.0,0.0,0.0,0.0,0.0,0
59.903893597329514,15.52098951581142,5,0.0046843186406156775,0.002632603419548031,0.0,6.818296666606953,2.4655193496470447,3,3,0.0077044742281280445,0.002761407789837059,0.0,2.0,0.0,3.0,3.0,0.0,1
274.83377768077105,12.526098528764313,4,0.003980524770460224,0.0001621414319924445,0.0,113.68741260088,2.5998690566441462,1,3,0.011168521985479747,0.00011158513938308024,0.0,2.0,0.0,1.0,1.0,0.0,1
68.55640972678604,4.364102676052422,2,0.00014567665605567132,0.002901727540258698,0.0,13.43703051983393,3.1789083503182223,6,2,0.016031660236744374,0.001151508953918588,0.0,1.0,1.0,1.0,3.0,0.0,1
100.54265705791173,3.9676713409981685,10,0.00021594190855989465,0.00023097066731359402,0.0,15.089692763203288,4.122580137976092,6,5,0.00799351497813899,0.0018771977915129825,0.0,99.0,0.0,0.0,0.0,0.0,0
39.90148637519043,2.909130080121993,3,0.0016595560633658078,4.689169816014125e-05,0.0,60.97391175669867,4.361811319391884,4,1,0.003493959266103434,0.00022144227243764674,0.0,1.0,1.0,3.0,2.0,0.0,1
128.9745704536798,7.137509367306288,3,0.007665064899668623,0.0011385147978619087,0.0,106.82029931487322,3.615524234900386,6,5,0.002011362833697402,0.0011045831406551335,0.0,99.0,0.0,0.0,0.0,0.0,0
128.5967541191744,4.539992097284806,6,0.011083107613422223,0.00024153536564104855,0.0,17.613707680448492,5.794040795026968,2,2,0.0015058456432839804,0.0007358886915491483,0.0,2.0,0.0,1.0,1.0,0.0,1
68.93383409622052,4.8284992218091505,5,0.0015761433621213454,9.123981204866384e-05,0.0,12.27531926717117,2.9274705223547643,2,6,0.0030418547768494273,0.0007369193877736891,0.0,1.0,1.0,0.0,4.0,1.0,1
308.4222067628676,2.6099429282181297,7,0.00030041943515996417,0.0002501103391703575,0.0,9.828520532337098,3.269871743523553,1,2,0.009627995912448109,0.001895958031829095,1.0,2.0,0.0,2.0,3.0,1.0,1
20.732832582749992,7.258430027565315,4,0.005497582861267097,0.0011178991136268207,0.0,6.509617628676574,2.6050901360288155,3,1,0.0028863322186290286,0.0017917716352301991,0.0,2.0,0.0,2.0,1.0,1.0,1
11.367433604677377,3.7836346515039074,5,0.00420745893904947,0.0002847128877657008,0.0,12.430423281159413,5.7347257799455145,0,6,0.010758480567773551,0.00010101273761589793,0.0,99.0,0.0,0.0,0.0,0.0,0
127.62912671678262,2.2843806680730925,3,0.005589150210513755,0.0014506806830173581,0.0,176.5588082578586,2.0512482445930242,0,1,0.010342145428233005,1.0957672239280663e-05,0.0,4.0,0.0,0.0,0.0,0.0,1
141.6697046452757,4.1627412671065365,2,0.009798570737428047,0.0001458627489069572,0.0,11.007953157115203,3.0009076840999196,5,4,0.0017026214427958962,0.0001051937557136552,0.0,1.0,1.0,0.0,2.0,1.0,1
20.24551095027765,2.706061677248175,2,0.0062191466216557105,7.966446004946493e-05,0.0,59.61240273799008,6.84420418170446,4,4,0.003401360447195971,0.00041446433096048956,0.0,3.0,0.0,0.0,0.0,0.0,1
34.69424514784279,9.260448394350435,4,0.0017106065970839128,0.00012841922241232294,0.0,157.27292361422377,3.3933804939270695,3,2,0.003133277231897396,0.0007697249879187154,0.0,3.0,0.0,0.0,0.0,0.0,1
11.4166586165172,12.427682273003688,5,0.0002772156175902235,0.0046156286291627845,0.0,64.30268294100046,1.2179579654256822,1,5,0.004449410267874233,0.0008539131024914702,0.0,3.0,0.0,0.0,0.0,0.0,1
37.772897268132525,4.233281952104855,5,0.004409461264754981,0.00032207222132960424,0.0,6.997633771245067,1.9435131340977316,3,5,0.0041208908535135015,0.0008603123346489854,1.0,99.0,0.0,0.0,0.0,0.0,0
128.67443617024895,7.95160166247563,6,0.00638742290711446,0.0005830923836268866,0.0,59.44191207418595,5.164627991034031,5,1,0.0009999699206186278,0.0001728925056597801,0.0,1.0,1.0,2.0,3.0,1.0,1
68.3783420457656,7.834487441253829,7,0.001362175415570087,0.005501188761479436,0.0,145.02306761732277,5.0086651196934655,0,4,0.023248215158131625,0.00035499352285571674,0.0,1.0,1.0,1.0,1.0,0.0,1
44.228587447467326,1.0444950600676883,6,0.000398686833977876,0.0005367508982430834,0.0,28.36597200047197,9.435026489157503,6,5,0.0028584807834313806,0.002274245589226762,0.0,3.0,0.0,0.0,0.0,0.0,1
47.18400505274923,2.935780180251969,2,0.01372554002599123,0.00023741606735831782,0.0,27.580125294227376,1.684838797022478,2,8,0.0036364417877104423,0.0010364678184665362,0.0,4.0,0.0,0.0,0.0,0.0,0
10.108363415547824,4.659030461340025,1,0.009055750668009946,0.00013261408401209128,0.0,22.1700802499763,6.798530801910221,3,3,0.005280998593451365,0.0013651387668886157,0.0,99.0,0.0,0.0,0.0,0.0,0
38.51120191289657,3.3643750243416384,5,0.0019634636622710244,3.926775254326749e-05,0.0,47.25789786199835,7.733033918504782,8,0,0.0022778217329830603,0.0002896947288877263,0.0,1.0,1.0,2.0,1.0,0.0,1
93.18040692484139,2.806174490493957,6,0.0033357096946285076,0.0008517453842246869,1.0,21.304023260143243,2.7546242895748634,4,1,0.013493327732152234,0.00018508500431492202,0.0,1.0,1.0,1.0,0.0,0.0,1
302.57323634281437,8.148474282942185,4,0.0025692990057240386,0.0003911840661364127,0.0,82.19536309734644,2.714172881430936,5,4,0.006797980586745591,0.0011466603009909638,0.0,99.0,0.0,0.0,0.0,0.0,0
160.2171998899753,3.287728159011787,6,0.0028249015934997826,0.0008369957782306007,1.0,67.11488728591357,3.9676936969560175,4,1,0.01739330499282367,0.0002941614156805627,0.0,2.0,0.0,1.0,3.0,1.0,1
11.91022267324132,5.287457088689472,7,0.004206290909709573,0.0008270261625789835,0.0,35.72694887922483,5.856379362427531,4,3,0.0017123632098180004,0.001367106945763042,0.0,3.0,0.0,0.0,0.0,0.0,1
193.0634999377807,7.7281925959553215,2,0.0013626023530214464,0.0004232000135240667,0.0,81.92796631679943,1.7246353808483117,2,1,0.008814716668180999,0.0016069917619292756,0.0,1.0,1.0,3.0,1.0,1.0,1
132.30181525681218,9.58749035435561,5,0.006122181428937914,0.0006150563246733203,0.0,11.221468353189923,4.856807334067432,4,4,0.003501704507238937,0.001702361591775164,0.0,99.0,0.0,0.0,0.0,0.0,0
131.26710786791995,2.290567458069613,2,0.009590333019995496,0.00074958544359209,0.0,88.0645850989313,1.672583672306415,2,1,0.0016367999332815007,0.0013639333578690724,0.0,99.0,0.0,0.0,0.0,0.0,0
58.998516228515676,2.4003726161608716,6,0.0013316599591417998,0.0006194100695250105,0.0,60.415264663436375,5.449368386540691,2,1,0.007605864873859393,0.0002696395862167972,0.0,99.0,0.0,0.0,0.0,0.0,0
50.60053007961565,4.945583124647519,7,0.0002573276624015828,0.00041077060198842674,0.0,64.66857720651603,3.2128135041256183,3,3,0.0006823045888468354,0.00033945228581457184,0.0,3.0,0.0,0.0,0.0,0.0,1
38.86791759858504,1.410223497000329,4,0.010317562684351404,0.0004456091549793624,1.0,9.010948127358077,1.8725800876039203,2,2,0.010672161562232909,0.0007549824918716722,0.0,1.0,1.0,1.0,1.0,0.0,1
15.43617525074167,2.4651870362105264,5,0.0019059175170484497,0.00024580369884204885,0.0,62.76129000150093,3.1129992773882638,2,2,0.004021437318516101,0.0008820617817393051,0.0,1.0,1.0,3.0,1.0,0.0,1
30.7260520346422,8.684901185486643,4,0.007539220485221799,0.0007545975399264476,0.0,45.88758755493483,1.489705066993142,1,2,4.714761266772758e-06,0.0007764242937589452,0.0,1.0,1.0,1.0,1.0,0.0,1
32.65310468007466,6.257555974733023,4,0.013176553087049715,0.00019515345905719744,0.0,44.91587264480961,2.4066183002107793,3,1,0.0035133980970744115,4.826784612135924e-05,0.0,3.0,0.0,0.0,0.0,0.0,1
62.94383076474936,4.0386545835152985,2,0.0023863549666610345,0.0003996961904054598,0.0,28.30350739508487,4.209487071828912,5,3,0.0027504428417612064,0.000574753058851037,0.0,2.0,0.0,4.0,4.0,1.0,1
120.08991060853725,5.71515138794225,4,0.00989752240701304,0.0007050592814185973,0.0,5.458581015442676,8.73154577239545,4,3,0.009711076128726494,0.00032655924100624765,0.0,2.0,0.0,3.0,0.0,1.0,1
61.36740708925239,6.514446147585116,8,0.0016473535730983616,0.002388242000393655,0.0,37.95708722312033,2.996431396047846,3,3,0.01049546774692918,0.0008810577037458417,0.0,2.0,0.0,0.0,1.0,1.0,1
14.766791204998727,1.8936752003992066,2,0.004657081795968266,0.0010679994698569776,0.0,35.74122987540093,4.370008143816292,5,7,0.004004764225857847,1.2000689923910945e-05,0.0,4.0,0.0,0.0,0.0,0.0,1
263.20747235174053,3.253849232840059,1,0.0053253619887378405,0.00163235872334786,0.0,37.97454921891254,4.491549268768905,1,1,0.008877964944986107,0.002001082307844093,0.0,99.0,0.0,0.0,0.0,0.0,0
238.7903329881635,9.390394674148581,7,0.008573543749943196,0.0010521422561183859,0.0,61.804069551170926,2.264118737459983,2,3,0.004950507915444345,0.00031566787389068155,1.0,1.0,1.0,0.0,3.0,1.0,1
133.03993885823343,4.997453614078399,2,0.0008970959400314238,0.0005505879890135344,0.0,26.39245839709086,4.080334950076159,6,1,0.004022085707779727,0.0008660892267064159,0.0,99.0,0.0,0.0,0.0,0.0,0
389.81155866879544,5.173698282905405,2,0.004141226401957749,0.00013670989509821283,0.0,23.831990672907416,1.1579978228410333,2,7,0.0004870034669886423,0.002136227175169542,1.0,2.0,0.0,2.0,3.0,0.0,1
72.90566213170318,4.239773334214152,3,0.006648285719922287,0.00234871359431716,0.0,46.323173355136156,1.2592253581167934,0,4,0.0027053181648360146,0.002315978897450159,0.0,1.0,1.0,1.0,2.0,1.0,1
273.247686382632,1.5585274990052915,5,0.007435319336456363,0.0004093211521274009,0.0,58.83602152813914,2.4013276831712442,7,3,0.005182344350298367,0.003181151912107977,0.0,99.0,0.0,0.0,0.0,0.0,0
16.289268275933587,3.01241035509889,4,0.0012893553962424252,0.00150789366566435,1.0,55.266579794215936,1.7942970884879474,2,4,0.007608354460591285,0.002496277375243899,1.0,1.0,1.0,1.0,2.0,0.0,1
46.416231971702146,5.514139549561463,5,0.0008116427053908032,0.0009923678298819085,0.0,133.04234617333273,4.704279488009644,3,5,0.005629308061225082,0.0009608855792781067,1.0,2.0,0.0,1.0,0.0,0.0,1
30.430746351887286,3.2985831255682925,6,0.009841939987198095,0.00028924519977728113,1.0,92.9576835317764,5.123995061272405,3,6,0.006725469353804955,0.0023234175434352117,0.0,99.0,0.0,0.0,0.0,0.0,0
27.435873964184655,2.3353434653690046,3,0.003037755635944039,0.0005956039995302684,0.0,8.216066565454204,1.3821643219194009,5,3,0.0022597724550718367,0.004982997239363563,0.0,2.0,0.0,3.0,1.0,0.0,1
22.140558989686802,2.507032911936543,4,0.0056904240864484625,0.0005295261108476792,0.0,54.73463495622653,2.7424986944120713,4,0,0.01037744019726791,0.00030760541698327134,0.0,99.0,0.0,0.0,0.0,0.0,0
87.91647779135849,9.50568796990505,4,0.00019248247949552847,0.00029092857335414555,0.0,37.457939270743395,1.841315783462949,1,7,0.02258005845552876,0.0004410657191802229,1.0,1.0,1.0,2.0,0.0,1.0,1
131.6123432898528,3.196220097539395,4,0.0026860092323275444,4.0246764649152055e-05,0.0,31.87586595291131,7.683199265883356,3,3,0.001481943799014955,0.0018530935470487519,0.0,2.0,0.0,2.0,1.0,1.0,1
79.07658581566614,8.39763693083436,3,0.016950420499725713,0.0010381946477503164,0.0,195.05661807926484,2.5342493386442113,1,4,0.0015410035452480203,0.00028466381231839364,0.0,1.0,1.0,3.0,1.0,1.0,1
22.716161253426012,5.187894446331802,5,0.00407483661541026,0.005383113864528045,0.0,41.61619631865059,2.377101334687625,2,3,0.00040195755304258735,0.000991787377350762,0.0,2.0,0.0,2.0,1.0,0.0,1
143.33306766517234,3.7716247093860895,6,0.014794092020638555,3.803980821828434e-05,0.0,81.2569686471998,2.1412993623614383,3,1,0.005560407220948825,0.001120354091858204,0.0,1.0,1.0,3.0,0.0,1.0,1
90.83815905739175,2.7314465684772253,6,0.007980891215555279,0.0011460143966025539,0.0,209.83319898039892,2.6086859957710304,1,1,0.0034057995707467634,1.8096539394822577e-05,0.0,2.0,0.0,3.0,2.0,0.0,1
49.30350358222247,6.357249213056571,2,0.008378383149613252,0.0004267105030328741,0.0,14.821775164658826,8.843322799529027,3,7,0.0016155301558202573,0.00032631092719540553,0.0,4.0,0.0,0.0,0.0,0.0,1
99.70061256536545,7.7959560930736265,6,0.011522666626396241,0.00016336924118520645,1.0,8.369861726791099,1.846634721398588,3,3,0.003579619155557996,0.000721384447948627,0.0,4.0,0.0,0.0,0.0,0.0,0
34.07813556789737,6.721479797960622,5,0.007326194183375184,1.998917009633232e-05,0.0,27.579452182867396,1.817683171163769,3,3,0.0009250318593208251,0.0013091753047579078,0.0,2.0,0.0,2.0,0.0,0.0,1
43.873082759517025,1.9935534569073656,4,0.00436492680649128,0.0024767462484489395,0.0,7.727731198972174,1.374444673697524,3,4,0.0019272680393654863,0.0012521912113301155,0.0,1.0,1.0,4.0,1.0,0.0,1
209.58283215701638,3.191099956078916,6,0.0012706943264274896,0.002351694408301134,0.0,12.449812128921092,8.449343150008946,5,1,0.0021735424509678404,0.0011003011692647753,0.0,1.0,1.0,4.0,3.0,0.0,1
37.45609063123712,3.4171822564310936,0,0.004073100253410519,0.00021119189458900626,0.0,292.5610340743337,2.2400703287207735,5,3,0.0010610146847009965,0.0015539473514396686,0.0,1.0,1.0,2.0,3.0,0.0,1
60.788490970391535,1.4345344975199326,5,0.002139869096510907,0.0008191455468764538,1.0,198.40150856887357,2.594901754423077,2,1,0.007491337567379661,0.0006072800023108193,0.0,1.0,1.0,0.0,2.0,1.0,1
186.68470434094004,5.681452195952389,2,0.005203378912118657,0.000432352304805155,0.0,75.52169403526004,4.053607489545209,2,4,0.0007169244312896527,0.0001415018961219948,0.0,1.0,1.0,4.0,1.0,1.0,1
108.40381214749857,6.166446851639868,6,0.001994711996935606,0.0001785457761174743,0.0,88.89885863349734,1.2318392574268597,5,4,0.000832153662993028,0.000863341878572782,0.0,3.0,0.0,0.0,0.0,0.0,1
15.13776099792582,6.040606437790861,7,0.0020807698086122675,0.0018630859026017973,0.0,14.083714207985892,3.3391010312637803,4,3,0.0007255988086406879,0.0007442220986744827,1.0,1.0,1.0,1.0,2.0,1.0,1
22.74808507237246,5.4671922215480695,4,0.0036823600237870764,7.53184420027169e-05,0.0,59.26700300802318,2.980391472165601,6,4,0.0008609883946993438,0.0015452291444230147,0.0,99.0,0.0,0.0,0.0,0.0,0
10.629799817917888,3.5894283579113346,4,0.006876394819628877,0.00029949475775245174,0.0,15.063434958674538,4.5039579655964275,3,4,0.0011508220390899942,0.0010622572534015168,0.0,1.0,1.0,2.0,2.0,1.0,1
89.73973654411932,2.671560075188581,7,0.0014618518098695192,0.0010642382314311788,0.0,33.526172527030994,3.0817257798734516,1,3,0.0016328829026544729,0.0011746411773469862,0.0,4.0,0.0,0.0,0.0,0.0,1
57.4892629608187,3.582004317151855,2,0.009517419147500778,0.00016174776032557665,0.0,30.418816307123613,4.616053130078551,2,4,3.458289833505867e-05,0.00023551166536563587,1.0,2.0,0.0,2.0,3.0,0.0,1
21.53502404720828,5.212606975137696,6,0.01035716283011787,3.6105802133573865e-05,1.0,62.10892895652396,5.724651378346936,1,1,0.0005438555145992507,0.0005872440579947296,0.0,3.0,0.0,0.0,0.0,0.0,1
263.48146746521775,8.863657024585155,2,0.006987847113131121,0.0010969586626969612,1.0,9.982885228784626,2.187574653659855,3,1,0.004647622436100455,0.0002626680092779486,0.0,2.0,0.0,2.0,2.0,0.0,1
70.343908370277,4.538831629716549,5,0.00862242577633364,0.0010173282680365696,0.0,11.552880665915104,6.897483808784866,4,0,0.0006237094790774621,0.0008462278296546494,0.0,2.0,0.0,3.0,1.0,0.0,1
32.15449042473638,4.448401641596684,4,0.0010674602222080212,0.0007533955203862645,0.0,61.48604010731749,4.052162648656035,6,2,0.00407088390663724,0.00042473340176657736,1.0,3.0,0.0,0.0,0.0,0.0,1
65.54840416420124,1.4851233628952933,3,0.009475212249552,5.686792271464408e-05,0.0,65.65548181683066,1.348490253481501,1,6,0.0009716735048966634,0.0006435648623056697,0.0,1.0,1.0,4.0,2.0,1.0,1
101.0598821018605,5.418117606922126,1,0.004937666934419903,0.001133318693306046,0.0,29.920238975382745,8.332305131968099,6,4,0.016934093800087074,0.0017605298622762342,0.0,2.0,0.0,1.0,1.0,0.0,1
16.344170781604063,9.248313155126102,2,0.0035667441122675947,0.002589107061293043,0.0,14.530679705857862,3.1472078672619155,6,3,0.009702327637804483,0.0006356074879334045,0.0,99.0,0.0,0.0,0.0,0.0,0
35.69401412680743,4.057636050778713,3,0.004113110673993835,0.0006668428538887214,0.0,135.33548552779686,5.477171869382482,2,1,0.0036511331485887494,0.0007475134829141723,0.0,1.0,1.0,4.0,2.0,0.0,1
141.59090418806815,3.8802571295647312,3,0.018776084126446903,0.0010772397439020671,0.0,8.264127170686976,4.571248696802055,5,2,0.0025634134092328,0.0017760883174317216,0.0,1.0,1.0,2.0,0.0,1.0,1
59.24525772458778,3.4547586971597863,2,0.0015286027356179342,0.002337561982750178,0.0,80.8181707882633,1.75044190759631,4,1,0.004914537516216167,0.00028858728658041183,0.0,3.0,0.0,0.0,0.0,0.0,1
73.27441020846427,6.485144414435004,8,0.0008957611473412743,0.002919262324087596,0.0,14.052493334613198,2.300727779974819,5,4,0.006009001354813737,0.0010826922122298113,0.0,99.0,0.0,0.0,0.0,0.0,0
55.365721344184905,1.4576280444434937,5,0.005260724141145777,0.0009530411375875763,0.0,65.86298158082538,3.0729877399205927,2,3,0.0038129041352392944,0.00030907509209665595,0.0,2.0,0.0,1.0,1.0,0.0,1
13.591416712012563,8.40256960672576,4,5.07748365378412e-07,0.00033642788577930996,0.0,70.37722268767669,5.466603406451007,4,4,0.0015266730478168812,0.00012573222824521267,0.0,99.0,0.0,0.0,0.0,0.0,0
24.497751794015493,3.7810350211341692,2,0.000859940577741704,0.00018695544467133422,0.0,102.85797059996092,3.7117140227984637,6,2,0.00023219992282408412,0.0004277058615800606,0.0,2.0,0.0,1.0,2.0,1.0,1
57.181085393782084,5.476467738618831,6,0.000908647037919048,0.0014174460317862836,0.0,35.154096806537495,3.0861453626076307,4,7,0.007208969388523273,2.453699403038321e-05,1.0,1.0,1.0,0.0,0.0,1.0,1
28.77534465992192,6.7876720824200385,4,0.006446250029391147,0.0005894918196902132,0.0,6.32225122446864,3.6851263466205717,3,4,0.0007892425449631844,0.0008126837531553573,0.0,2.0,0.0,4.0,0.0,1.0,1
14.101697562890148,2.4901093289679324,4,0.001978573221318985,0.00050736694463258,0.0,104.97617596945409,1.0748754224499635,0,1,0.0008286429351798058,0.0002972816499983113,1.0,2.0,0.0,1.0,2.0,1.0,1
158.45248371099447,4.282168296814943,3,0.0007569785206150956,0.0015750912971256013,0.0,40.22655975362534,2.9625733852958236,0,3,0.006032792380556443,0.0019136561808326073,0.0,2.0,0.0,1.0,1.0,0.0,1
327.88008825561917,3.7333987431161844,3,0.0035117530224563903,0.00012562660914751988,0.0,117.67427517007972,3.0393327184200034,2,2,0.0014872466845905442,0.0012011478684334277,1.0,2.0,0.0,1.0,5.0,0.0,1
136.0581549254194,2.178768762321072,5,0.002004139633271297,0.0004342439549653651,0.0,94.76252242223293,2.9492207872312615,1,3,0.0017138074054985843,0.0029455300381489484,0.0,2.0,0.0,3.0,3.0,0.0,1
163.81412818155826,7.75935580437589,4,0.006698477772241304,0.00265954563857583,0.0,46.38599262934876,7.964812193820812,3,8,0.016203231174386493,0.0007696424283186324,0.0,99.0,0.0,0.0,0.0,0.0,0
32.163337816736906,3.559307443451771,3,0.0017480215618745757,0.0005396814532840624,0.0,450.0557825158888,11.688828752760356,7,2,0.004645796061975765,0.0005816309073717094,0.0,2.0,0.0,3.0,2.0,0.0,1
268.77394838870305,2.131946955543299,2,0.003939635957301973,0.0009352418973082908,0.0,42.20217661711,1.7125833021781292,0,3,0.004068995264546246,0.0005942219548982434,1.0,99.0,0.0,0.0,0.0,0.0,0
27.544643747310257,4.436929032420877,4,0.0022833157358224106,0.0016574598151074542,0.0,76.54333346950678,2.2708064294634376,6,4,0.00016528805597108942,0.003656459343838229,1.0,1.0,1.0,1.0,2.0,1.0,1
251.97962545616411,1.8439111235692958,3,0.011508054887854807,0.0006995435901780781,0.0,71.4840989645354,6.732235635495936,5,2,0.0009557934030780275,0.0016638192271645374,0.0,1.0,1.0,4.0,0.0,1.0,1
431.0251145591436,3.299205605056457,5,0.00591557451948872,0.0005363572403903107,0.0,48.79697524665342,4.49848374594003,1,7,0.006169937766655471,7.009217920343294e-05,0.0,1.0,1.0,6.0,1.0,0.0,1
109.50662253477455,5.151368886679753,4,0.009999990781252575,0.0002539895255806464,0.0,57.81927110412418,5.051911766152648,3,3,0.0004897255357905498,0.00034460732148959723,0.0,4.0,0.0,0.0,0.0,0.0,1
327.67279115411566,1.7533730725967716,2,0.013331552465156396,1.813191376184542e-05,1.0,101.15034824021997,2.6871572305845968,3,2,0.005847883136774468,0.00012342235614259226,0.0,1.0,1.0,2.0,2.0,0.0,1
77.43202900475251,6.241990139069353,1,0.012587204409097935,0.0003728209012954045,0.0,55.86373468779802,3.4905652527637456,3,0,0.0004294037904726603,0.0005651632061414552,0.0,3.0,0.0,0.0,0.0,0.0,1
34.03888579938556,4.574313041308111,6,0.004805950431631113,0.0007079698407200447,0.0,40.88640098529025,4.213124299966804,1,4,0.0017629563484546388,0.0014045496343633073,0.0,4.0,0.0,0.0,0.0,0.0,1
55.95746743942477,6.810741725484836,3,0.002506940450768781,0.00021640925211653585,0.0,70.09720526215492,11.484668940557976,6,5,0.0004378222268883278,0.0017796378313244697,0.0,2.0,0.0,1.0,1.0,0.0,1
82.02570110092942,6.766069399340992,2,0.005985548672192921,0.0013317908738036798,0.0,7.169288876815203,4.859915987814681,2,1,0.0009624187605301567,0.001586809458262303,0.0,1.0,1.0,1.0,1.0,0.0,1
16.07117617710751,3.233447495155925,2,0.00015354240484419303,8.945082917895127e-05,0.0,11.937708067132249,6.146517342146954,6,1,0.012895745567657128,8.576739633614249e-05,0.0,99.0,0.0,0.0,0.0,0.0,0
87.90156827159608,3.285062163091395,4,0.01384677011608396,0.0002572371713822572,0.0,13.04112817051466,3.1755558412113327,2,5,0.0004916919519181703,0.0007351925194988568,1.0,1.0,1.0,6.0,2.0,0.0,1
327.81761663003107,5.7174339686532685,5,0.006304117765543799,0.0003846791117822222,0.0,38.2832718332524,5.060215157815943,3,7,0.000978268152505403,0.0005021378096676843,0.0,1.0,1.0,0.0,1.0,1.0,1
26.868315289226697,2.2826241334549966,5,0.004044979928141015,0.0004234821557373478,0.0,128.23823697541286,5.716350722429978,1,1,0.0008550084263767943,0.002365622966096682,0.0,4.0,0.0,0.0,0.0,0.0,1
135.84659489249958,2.2907481692931277,3,0.00901748741606713,0.0005999156535049883,0.0,66.85070250195422,4.421574751289548,2,2,0.004684150729388029,0.0006905293164031138,0.0,1.0,1.0,4.0,0.0,0.0,1
200.78937911610058,2.9809716824812194,3,0.0031697282183948496,0.0006767754943724089,0.0,220.87321410523452,1.5114969963666702,5,2,0.015652366273404338,0.00011389011434744758,0.0,3.0,0.0,0.0,0.0,0.0,1
240.16712287139967,1.9236758438891324,2,0.0032310115152119866,0.00014586406068321488,0.0,7.445630371364118,2.083610664521489,3,4,0.004962467801039976,0.0005819409593483345,0.0,2.0,0.0,1.0,2.0,0.0,1
267.7817355558559,2.119366436279835,3,0.004642765314423904,0.001238909849715034,0.0,81.80957040981781,3.2814708258012253,3,3,0.0026408872295970963,1.0200860682944703e-05,0.0,2.0,0.0,2.0,1.0,0.0,1
68.96117776455635,2.1563044387331756,4,0.004774157556626125,0.00020452403965153058,0.0,27.63029059196868,4.116533229564133,4,2,0.007465271902592121,0.00010594575548088413,0.0,99.0,0.0,0.0,0.0,0.0,0
312.8591027887485,3.5668781540927736,6,0.0016190629557955854,0.0007937098421437986,0.0,6.413649537454438,4.854934207419298,2,5,0.0020291465434258116,0.0008250442172494455,0.0,1.0,1.0,2.0,0.0,1.0,1
123.27769789793388,3.4721984318933816,3,0.003707813834174148,0.001994424129902104,0.0,109.89672477693811,1.807409332057563,0,2,0.004187326103447431,0.0011481794404644727,0.0,4.0,0.0,0.0,0.0,0.0,0
24.1076139584685,7.429650739927144,5,0.0022051274931509804,8.641061632506462e-08,0.0,15.653908317315413,2.902884332587122,3,3,0.008576917364278005,1.1474357378010303e-05,1.0,4.0,0.0,0.0,0.0,0.0,1
61.838626571065625,3.6041245154258266,5,0.0004975085256859876,0.0006933014891959814,0.0,19.453627768157975,4.049339628815983,4,0,0.004759465250813444,0.0014794512970178982,0.0,99.0,0.0,0.0,0.0,0.0,0
111.36186231370016,4.093173917654876,4,0.01011460755025759,0.0018909591228307343,0.0,29.97329237772427,4.712230684048722,7,2,0.004753456071280027,0.0010355249799528005,0.0,3.0,0.0,0.0,0.0,0.0,1
32.731367998383675,11.09426454363912,4,0.009188887085777349,0.0011257291423052704,0.0,98.17129629157897,4.04452565410833,4,1,0.0009426304599474115,0.0004659555791523542,0.0,1.0,1.0,6.0,2.0,1.0,1
91.86892419690822,1.247299221429699,2,0.0022839000634229042,0.002530956720023073,0.0,63.784283582199954,2.3090719832436015,3,1,0.0001686461157094872,7.096216533949711e-05,0.0,1.0,1.0,3.0,1.0,1.0,1
97.87309964151703,4.863745319045192,4,0.0016495656241926528,0.0013345501482676515,0.0,23.461752007643415,1.809508534773431,0,6,0.0053676512796608225,0.0017224872997293316,0.0,2.0,0.0,1.0,2.0,0.0,1
24.205803503880766,3.7843521319700955,3,0.00011174359367490698,0.002724738387917412,0.0,16.070669492776737,3.6518658413517784,4,2,0.0029387814501474715,0.0026764608524039186,0.0,4.0,0.0,0.0,0.0,0.0,1
76.60843101669263,5.156040042524878,6,0.004242678165667899,0.0007654048861744875,0.0,11.96158076998234,10.190695708144341,1,3,0.008312089744148283,9.351178562224949e-06,0.0,1.0,1.0,4.0,1.0,1.0,1
128.14197056331167,3.0886856949547594,3,0.0009457548139866243,0.002928108828364373,0.0,14.738189376339657,2.712842253019142,8,2,8.937970988377025e-06,0.00021685928226734182,0.0,1.0,1.0,4.0,2.0,0.0,1
65.27527561279487,3.5907491593517937,1,0.004096947370529647,0.00024982486756432154,0.0,126.56321635867248,4.225814419909752,2,6,0.00041730989684212697,0.00044307370677149906,0.0,4.0,0.0,0.0,0.0,0.0,1
10.974156471016027,8.61942737082503,3,0.0043275446295929125,0.00023277084493480914,0.0,158.5907750855557,1.953105235049641,3,4,0.0024238813296069933,0.0014700026769138652,0.0,1.0,1.0,1.0,0.0,0.0,1
10.726365108072343,5.671184585070559,3,0.00032379398509380086,0.0017731024388048821,0.0,211.44210393983485,3.01308616402165,6,3,0.01178944691419451,0.0006169155792085683,0.0,2.0,0.0,2.0,1.0,0.0,1
45.332495345608535,3.6962988381657476,5,0.0010995161114013912,0.0022198760418698903,0.0,113.01117087896073,5.540430676032727,4,3,0.006371962479985784,0.0004406898051979318,0.0,4.0,0.0,0.0,0.0,0.0,1
218.50529416419215,2.7073159244253677,6,0.0005173635333371484,0.0007550341225466304,0.0,136.02965861310057,2.4970936879413856,1,3,0.004472747066707065,0.00024581101125991755,1.0,2.0,0.0,2.0,2.0,0.0,1
30.771821677113355,2.2782282155151568,8,0.002603319848964866,0.00012499201091262257,0.0,106.60293092933976,3.139417359280542,3,1,0.0014166662180288632,6.928593460221432e-06,0.0,4.0,0.0,0.0,0.0,0.0,1
90.4892900044176,3.201322236200864,3,0.004565031015558023,0.0017256765378483561,0.0,195.28486264888147,2.0007757247723825,0,5,0.0008899356876682402,0.0012357045428210431,0.0,2.0,0.0,5.0,0.0,0.0,1
30.090102378440776,3.8907335270539134,2,0.005431262842364577,0.0005039768983717157,0.0,117.11231768679278,5.817015998589953,1,4,0.00187019585888085,0.0012722312811715005,1.0,99.0,0.0,0.0,0.0,0.0,0
41.049709483724456,11.0692732735685,6,0.0033009344713553026,0.0015506301540876687,0.0,42.19410219516382,4.361706856406023,7,3,0.00022529644325691088,0.0006452475667083072,0.0,1.0,1.0,4.0,0.0,1.0,1
160.73213614033003,4.657935560131437,4,0.008298930917506537,0.002534179139372509,1.0,28.427583537283237,3.3787150352406567,2,3,0.0015494114776179223,0.0022071775467904092,0.0,4.0,0.0,0.0,0.0,0.0,0
114.41002445011178,2.890123373028908,7,0.002011099000507209,0.0009056959439369031,0.0,57.65476980101681,1.9362784918731542,1,3,0.003170676781095181,0.0009147492083831316,0.0,1.0,1.0,3.0,3.0,1.0,1
18.02092984293352,1.2489760593241006,3,0.0034220775192624307,0.00036123430452524865,0.0,61.21767329381026,2.0876931734873505,1,3,0.0022138857824175067,9.759759564778085e-05,0.0,99.0,0.0,0.0,0.0,0.0,0
54.78754806241429,2.664486447235309,6,0.004357206351265581,0.00042944480611223194,0.0,56.32790272173562,1.732818178846685,2,4,0.0018585104204810543,0.0007646790505808459,1.0,1.0,1.0,2.0,1.0,1.0,1
12.36829278418017,3.2038172681359143,7,0.0034867521477204583,0.0025159140722000976,0.0,78.59894731814863,2.9071270834688008,1,4,0.0020947969747191534,5.5915535881285224e-05,0.0,3.0,0.0,0.0,0.0,0.0,1
62.451180370864456,4.926202663860044,3,0.0005868448285610631,0.0004165265304401908,0.0,77.03403237786297,1.7261053947787337,3,4,0.002719237956156425,0.00011209587547849083,0.0,2.0,0.0,2.0,2.0,1.0,1
96.87954135164364,3.2715548933326537,2,1.0189751767533621e-05,0.0016743026037284916,0.0,10.473933099244793,3.3459885162698493,2,5,0.006022147609258312,0.003410203488470142,0.0,3.0,0.0,0.0,0.0,0.0,1
20.090660274956672,11.381126354543547,4,0.00932288347892934,0.0005431846190009878,0.0,25.17222230752535,5.088621534104648,4,1,0.00023200681221541947,0.0034758035131049435,0.0,1.0,1.0,2.0,1.0,1.0,1
37.27368258616276,3.7346198304803933,5,0.008410003028054903,0.0010647072630645385,1.0,137.36028180551736,3.1036575037738037,1,7,0.007060877038003295,0.0007035035614468503,0.0,99.0,0.0,0.0,0.0,0.0,0
50.57811874262803,7.579867035602155,6,0.0028611016399468264,0.0008144846286980503,0.0,58.50101723540548,2.1915377523304205,1,1,0.0017305411845347281,0.0008534780065141544,0.0,4.0,0.0,0.0,0.0,0.0,0
211.5906854637688,1.6864656301483651,6,0.00830767984853791,0.0008202130462419579,0.0,28.89668265936938,3.830843127031214,3,1,0.0026431754703932194,0.0007856174672937647,0.0,2.0,0.0,5.0,2.0,1.0,1
409.91648607218804,4.148111790219534,4,0.007763412290929798,0.0010167870414203128,0.0,119.01093997869205,1.3954070805955232,4,3,0.003997176838287791,0.0005011873909756735,0.0,2.0,0.0,0.0,3.0,0.0,1
13.67608497453462,2.680078437822873,6,0.004695290916128415,0.00020934947529798695,1.0,22.184356075374463,2.080100589261959,4,3,0.0072924949061602285,0.0004752051131657945,0.0,3.0,0.0,0.0,0.0,0.0,1
124.50599042404596,7.704722393022595,2,0.004161846099058011,0.0018823012116654292,0.0,36.57664992592463,3.5053025074607254,2,0,0.010782914221273969,0.000194582395899083,0.0,3.0,0.0,0.0,0.0,0.0,1
47.18206594443912,3.396522087750039,4,0.004981487588530801,0.000339661411625734,1.0,24.398950586031496,1.9684728495034112,1,7,0.004371517079184332,4.639000984777211e-06,0.0,3.0,0.0,0.0,0.0,0.0,1
49.86674215073385,8.763669417571986,2,0.00275656575518772,0.0007806353829772191,0.0,128.03954887027538,3.6700014006066612,3,3,0.0006708493242343054,0.0001098286683781301,0.0,1.0,1.0,4.0,3.0,1.0,1
122.28011607962735,6.192524301211744,3,1.776143432936726e-05,0.002509035023236907,1.0,83.18090749077972,3.295250371637719,2,3,0.013360717086775714,0.000585236617038089,0.0,4.0,0.0,0.0,0.0,0.0,1
210.4999994269738,3.1455309918026,4,0.0040747043062181925,0.0009359164521193009,0.0,41.99624523287297,8.067223966438705,2,2,0.0020343098745047258,0.0008373105620557242,0.0,2.0,0.0,2.0,1.0,0.0,1
251.1583029269765,2.2558395790485752,4,0.0019521784530425468,0.002374130362793396,0.0,166.5608837375841,2.883438460694179,1,1,0.0016821560189266322,0.00043752307919788457,0.0,99.0,0.0,0.0,0.0,0.0,0
78.8538354756371,2.7711366033057527,8,0.002212439032139794,0.00023041671608701943,0.0,162.40444156097038,7.7059664437274735,6,5,0.004073250332754745,0.00014481970630386384,0.0,99.0,0.0,0.0,0.0,0.0,0
45.34392005195312,3.593225988373194,2,0.00048052952574862714,0.00019476906679092185,0.0,79.58881655561929,3.3610083875680434,0,2,0.0007688081073809951,0.003631234351018646,0.0,1.0,1.0,4.0,0.0,1.0,1
133.92354476616788,6.1690218864542405,6,0.008321347062800894,4.470233847894475e-05,0.0,138.5339061320376,1.851678693655288,2,1,0.0035897982259183617,0.0005250462766201482,0.0,2.0,0.0,1.0,0.0,0.0,1
33.12145138230183,4.23130274456002,3,0.0017867912735304453,0.0010593085289604528,1.0,81.2480358670055,2.7922868539267887,3,2,0.0019963225967701056,0.0004274845531809846,0.0,3.0,0.0,0.0,0.0,0.0,1
76.42262727614188,6.835906035640154,3,0.004490065955473326,2.7156939708771828e-05,1.0,64.36586740164822,5.3867846878189685,4,1,0.0007437190568024663,0.0002210421530244043,0.0,1.0,1.0,2.0,4.0,0.0,1
45.52547295013228,9.171127972983834,5,0.0013249487691530532,0.0005827847275091612,0.0,37.764687107730936,4.846035688437674,3,1,0.0018837711546825847,0.00015751142941675329,0.0,2.0,0.0,3.0,1.0,1.0,1
95.5159858390235,4.364056550494007,3,0.002199055475299435,0.0008064374673213627,0.0,24.16851053056377,4.218910878722054,2,5,0.008610821631103835,0.0005305945707330399,0.0,1.0,1.0,2.0,0.0,1.0,1
31.99694951108077,2.388112681304321,6,0.0004547424017601759,0.0036435780466171318,0.0,8.728953622283852,8.90526946760794,3,4,0.00434601547398492,0.0031630099646566727,0.0,3.0,0.0,0.0,0.0,0.0,1
27.01516538275541,5.2969690247329035,6,0.007812601832528021,0.0005630399254450501,0.0,101.82783548738801,4.906538925463916,6,2,0.006442043653966077,0.00012766247117103053,1.0,2.0,0.0,2.0,1.0,1.0,1
210.31647854317495,12.138638610153665,4,0.0027660042716452504,0.0005547869460009834,0.0,12.817666632092754,2.335517860438886,4,3,0.00034801321180502674,0.0003508158759496503,0.0,1.0,1.0,0.0,1.0,0.0,1
18.589329496303343,7.064921709932422,2,0.006126288345852616,0.0010885714214727146,0.0,36.69349103994634,1.6807604526236857,3,3,0.002278576357007486,0.0019071408830802303,0.0,2.0,0.0,3.0,1.0,0.0,1
66.4107646727854,5.063353149130459,5,0.00021056575780615592,0.0017702114202875986,0.0,21.044084487212984,4.443634230228586,5,5,0.00462407173433777,0.0006008361289515455,0.0,2.0,0.0,1.0,3.0,1.0,1
29.96442151124201,2.556964538587192,5,0.0019523983103877551,0.0008897835449175865,0.0,41.3770417710408,5.187498611015007,2,1,0.00036041032042367514,0.0008514538043802285,1.0,2.0,0.0,2.0,0.0,0.0,1
13.176639497109331,3.8116935496276803,2,0.009966356239110897,0.0011839324978148644,0.0,27.698769712541566,2.0480748126851482,0,6,0.0017289574700935857,0.0030814244795436593,0.0,1.0,1.0,1.0,2.0,1.0,1
12.934680448906168,1.7354550032203644,3,0.0006837120277178946,0.0014752308465838405,0.0,111.20945343398336,4.859243818493637,5,3,0.0031554752197356507,0.00033549172241521927,0.0,2.0,0.0,2.0,2.0,0.0,1
25.411259476666146,2.1859888615078376,5,0.0060789514460571036,0.0008530472783862169,0.0,234.49174178425937,4.5925459707205825,2,4,0.006870500478472022,0.00031228702126549215,0.0,1.0,1.0,0.0,0.0,0.0,1
171.25447854965782,5.361199027983548,7,0.0034484217388406086,0.000926586891188103,0.0,175.37991807668004,2.531895570248278,5,5,0.006694754773829139,0.00035867598286052406,0.0,1.0,1.0,2.0,1.0,0.0,1
36.55621653344396,1.5717571973891031,7,0.0029227405717205997,0.00012784638449271993,0.0,63.43041101718788,4.9715499106784415,1,3,0.0008725542886044397,0.0011510096610165203,0.0,2.0,0.0,2.0,0.0,0.0,1
250.39664900286078,3.4909331457045165,0,0.008584313825019054,0.003540212622054849,1.0,237.58935494918185,3.0725066283533624,8,2,0.001131808323951784,0.0013730805581866424,0.0,2.0,0.0,2.0,1.0,0.0,1
79.7096519339091,2.065338591994736,2,0.0036022835245015233,0.0005437708143123128,0.0,35.72184680510578,2.916261511333436,1,3,0.005119044419118746,3.463426539610183e-05,0.0,99.0,0.0,0.0,0.0,0.0,0
55.90324878520701,2.242404210201414,3,0.0066044662595241875,0.00017042834390566016,1.0,49.34988944070708,8.531558507518065,8,5,0.0005672826298837963,0.0014930234368837302,0.0,1.0,1.0,4.0,1.0,0.0,1
79.41696809552826,4.41086009299749,8,0.0064048297449737545,0.0022159549111038044,0.0,22.81142866817256,2.404165144361621,4,3,0.011829326727129729,0.00022633195893750728,0.0,4.0,0.0,0.0,0.0,0.0,1
68.16914871960692,2.7732594068742236,7,0.003634555227728649,0.00046027390175722285,0.0,141.95667361550102,2.764008878096806,5,2,0.0005380594694339208,0.0007810704133490252,1.0,2.0,0.0,0.0,1.0,0.0,1
123.76242948394787,1.8685842650253772,6,0.004528183875995725,0.0012980917695476462,0.0,16.885776278225855,2.5253206837636553,1,1,0.006492722928237545,0.0006638502050265662,1.0,2.0,0.0,3.0,1.0,0.0,1
36.558147871898115,3.0827653590426225,5,0.0073293747392026536,1.7426686819523078e-05,1.0,61.57155519630926,6.96600496752078,0,2,0.004785157958212615,0.006947079301344784,0.0,2.0,0.0,3.0,2.0,0.0,1
44.838949801810124,1.8376979187540268,2,0.002405747184443392,0.0013670399506513888,1.0,101.40273343616988,3.1359766294726477,2,8,0.012043144185034214,0.0009381866823210466,0.0,2.0,0.0,3.0,2.0,1.0,1
189.61649819044166,8.44324440024807,2,0.005996651295331315,0.0004910975267627712,0.0,59.291195416353965,7.3190902522101675,1,6,0.0027412424793466636,0.000718622425418689,0.0,4.0,0.0,0.0,0.0,0.0,1
244.18088935553203,6.370008664484859,2,0.005301208371234616,0.001860707902729286,0.0,9.923072563333013,4.183832966283187,2,2,0.011721921205977493,0.000488702752720195,0.0,1.0,1.0,2.0,1.0,0.0,1
188.46449833578458,6.353316709257298,1,0.006695812312075774,0.00044083165339197164,0.0,61.7195230571163,1.9069396120939266,2,5,0.0013886173397807868,0.002663605750240043,0.0,2.0,0.0,2.0,0.0,1.0,1
53.50207147979952,2.6281552530966534,3,0.010205416941864512,3.9937990214491025e-05,0.0,92.42343929752629,3.3500651545052285,6,0,0.0017767794656948323,0.0011151568280828312,0.0,2.0,0.0,3.0,1.0,0.0,1
131.2632393241222,5.465059266637797,3,0.009136904163638233,7.757070658584432e-06,0.0,17.482600050914815,6.243496960075203,7,2,0.009035300230939956,0.00042798189433452004,1.0,1.0,1.0,2.0,4.0,1.0,1
61.752360992934534,4.79111036500087,3,0.005798557640080907,0.0011745271753478915,0.0,85.12532047671338,3.571429429136354,2,2,0.0030156486914340325,5.2491358617814856e-05,0.0,1.0,1.0,3.0,1.0,1.0,1
65.05911599578957,2.7384201604438747,2,0.00460678758851927,0.0018693016221432953,0.0,131.50884760631675,1.4002988499686497,1,4,0.005625512221295435,0.0007782125418935998,0.0,4.0,0.0,0.0,0.0,0.0,1
28.320869337283607,4.0768782430274095,6,0.0001877132456096222,0.00027551104514904513,0.0,263.1197506999625,2.263546824235706,3,2,0.0006140057235254834,0.00031053239513694663,0.0,99.0,0.0,0.0,0.0,0.0,0
81.54870108591953,1.698107038034864,4,0.005896625593117558,0.0006001161590588637,0.0,36.66399165317118,6.986322019875747,2,5,0.0012364188769489618,0.00021842403670749956,0.0,2.0,0.0,2.0,2.0,0.0,1
26.47695019794646,2.2873323295771355,7,0.006044525978108554,0.0005531744921706259,0.0,6.529062085090443,3.2872047862594,2,2,0.002040197959314359,0.003630783096683224,0.0,3.0,0.0,0.0,0.0,0.0,1
42.22525356583347,4.0115234707773055,4,0.0009862277098868567,0.00040085102338412675,0.0,37.588430273786386,2.7062081402988154,2,4,0.0072994614170998244,0.00042952453749359746,0.0,99.0,0.0,0.0,0.0,0.0,0
164.49838762322838,3.1840724282642694,7,0.004982473734522034,6.408159946756885e-05,1.0,69.76880024750902,4.143763730062091,2,2,0.0014303076968473609,0.0006333602010796061,0.0,1.0,1.0,1.0,4.0,1.0,1
28.562212793048246,5.1864846964300195,1,0.002384323187889819,0.0013638579710902536,0.0,138.1857193200437,6.08276471491172,2,2,0.007228217306754709,0.001289818501784204,0.0,2.0,0.0,1.0,2.0,1.0,1
15.905354960242102,2.7792948712327648,5,0.000681112394810566,0.0006941399023003568,0.0,171.93972075003785,4.665002661259372,4,1,0.0067812111669083575,0.0012030268615607197,0.0,99.0,0.0,0.0,0.0,0.0,0
15.72033256551637,3.4549536667324294,5,0.0013671230268816523,0.0005690653539986675,0.0,149.19459229290993,4.162638691779165,5,4,0.009910169736580937,0.00016789181923333155,0.0,1.0,1.0,0.0,1.0,1.0,1
236.12578346268367,4.208838127346098,4,0.005136268854070959,0.00011986690629160014,0.0,69.36961547741163,5.400305796551262,2,4,0.01887343148589456,0.000536884612265245,1.0,3.0,0.0,0.0,0.0,0.0,1
66.56677876126396,2.6526266381875727,4,0.011450562353125505,0.00033071315898543967,0.0,73.8410023003246,1.9624270611741363,1,3,0.0005851925980100682,5.2042435176926776e-05,0.0,2.0,0.0,1.0,1.0,1.0,1
52.1309399841331,3.421077183052372,10,0.0033079269982861067,0.0013890802875275205,1.0,5.143199177227845,2.3525005149144302,1,2,0.0034961423988530494,0.0023354035140397177,0.0,4.0,0.0,0.0,0.0,0.0,0
143.22928333294664,4.771588444975402,1,0.003374377350385916,0.0007300258815149928,0.0,32.128053898677045,8.732722582549581,5,2,0.005351656424737088,6.25106572859451e-05,1.0,3.0,0.0,0.0,0.0,0.0,1
154.54623991047757,9.875292863595675,5,7.765080648737278e-05,4.120562524182352e-05,0.0,147.41666787270873,3.3036888010649568,0,5,0.011139872588914669,0.00047900538571385236,1.0,3.0,0.0,0.0,0.0,0.0,1
42.30024992503101,2.661341478804621,3,0.009778707231455899,0.0001255762991556698,0.0,75.19702401194527,1.8661360537336593,6,1,0.010550226506193085,0.001257562691100819,0.0,4.0,0.0,0.0,0.0,0.0,1
104.6338221733079,3.192771306436254,4,0.0015478510813514484,0.001166695638866073,0.0,42.857770195351364,2.003530057596034,4,3,0.0017768367367939847,0.0012066643739094514,1.0,3.0,0.0,0.0,0.0,0.0,1
127.96557864474096,7.023664796527575,5,0.005529685473738697,0.00017872949938543378,0.0,11.605797124119256,5.277936441387396,6,5,0.004502286775098274,0.0008253555844146611,0.0,99.0,0.0,0.0,0.0,0.0,0
95.05590978777764,8.063957833055852,0,0.001242574499316798,0.0016426453483811448,0.0,21.966978832175204,3.0191007500863507,3,5,0.002177189652123487,0.0031575800508226864,0.0,3.0,0.0,0.0,0.0,0.0,1
23.151780082243945,5.771859915046686,4,0.0030522600641580025,0.0017034571497318964,0.0,53.57041368250944,3.5014811891539384,2,5,0.0009304663499061077,0.001794957294272632,0.0,99.0,0.0,0.0,0.0,0.0,0
176.92250261935584,7.941946535161318,5,0.009123309908558716,0.00014908190195837465,0.0,141.67443484153574,3.5375454921122547,4,4,0.01144841959655586,0.0003274772184883475,0.0,2.0,0.0,3.0,1.0,1.0,1
71.9649888456739,2.5797310267813263,4,0.002342524585658152,8.586982952154316e-05,0.0,11.04310160562277,2.4911713158707105,2,1,0.0007933457920876767,0.00118382975637527,0.0,99.0,0.0,0.0,0.0,0.0,0
36.5555121552355,7.498646793161122,3,0.006367260381233084,0.0009789852800206511,0.0,15.016813298432176,4.593452567943237,4,3,0.0016409207667962414,0.001407137818841691,0.0,2.0,0.0,2.0,1.0,0.0,1
54.30257289502145,6.502696439186563,5,0.00013088115031520433,0.0008694525578359725,0.0,68.85353457034805,6.472421909334448,5,4,0.000621808897069691,0.0019339406646110492,0.0,2.0,0.0,5.0,2.0,0.0,1
13.063606056216182,2.2266075542280244,2,0.002539829747369613,0.00445374381906128,0.0,25.901128895324597,1.116348789371457,3,5,0.002619270985184134,0.0016194468543317777,0.0,99.0,0.0,0.0,0.0,0.0,0
20.94504926773312,3.4840833384926015,2,0.007968915611635829,0.0006856317813410906,0.0,16.15836584962018,3.683123218604366,3,3,0.00025679968937296495,0.0013381190432031871,0.0,2.0,0.0,0.0,0.0,0.0,1
126.03992588097123,1.3372020646067453,4,0.004921049222619383,0.0018449197128263103,0.0,16.79272374648685,6.947001378986682,1,4,0.002293719620045315,0.00021248796111759147,0.0,2.0,0.0,2.0,1.0,0.0,1
10.000930785844034,4.569519619010437,6,0.001658816484990353,0.001524696150375021,0.0,45.708901914017986,1.449729401068518,1,7,0.0008596771493214289,6.653681008061057e-05,0.0,3.0,0.0,0.0,0.0,0.0,1
53.105892017061684,7.41833006209498,4,0.0055072596590272525,0.00026612043650416664,0.0,57.58732630907461,3.197362202818201,5,4,0.0007397576973244569,0.0005264210427698314,1.0,99.0,0.0,0.0,0.0,0.0,0
69.13699527470985,3.100480072595001,7,6.601060862512132e-05,0.00020016769376431836,0.0,145.82324047558825,3.263473574089445,4,5,0.008670145432847602,0.00019904315468501858,0.0,2.0,0.0,2.0,2.0,0.0,1
14.494685532519753,2.36457538828154,7,0.011297754243134095,0.0001126198113812536,0.0,50.278022012333366,6.743941396515934,1,3,0.00022098046238201534,0.002260858436135147,0.0,99.0,0.0,0.0,0.0,0.0,0
299.18540290230203,2.278466161327335,1,0.0012959031362152129,0.00032573092208314333,0.0,75.51798627600505,1.835274508577207,5,3,0.02290212361548215,0.005778082716872774,0.0,1.0,1.0,5.0,2.0,1.0,1
30.507627614649024,4.172325672985325,2,0.0005370436031445139,0.0005288386145147056,1.0,16.957268989353388,8.53066496457356,1,2,0.0017868775367387204,8.650910381890583e-05,0.0,1.0,1.0,4.0,2.0,1.0,1
39.01529409073362,5.741739737599899,4,0.009399138323667108,0.00013389953648659838,0.0,79.99268826859397,5.771958410852707,5,3,0.0032325458222524496,0.0009875155317354267,0.0,2.0,0.0,1.0,1.0,0.0,1
38.98584197791669,9.999481723649172,3,0.0013439600479925055,0.00021600037727531664,0.0,67.7657882199634,1.5030356642588703,3,1,0.004957212352557204,1.114042945325945e-05,0.0,2.0,0.0,2.0,2.0,1.0,1
30.952482418031572,1.30080076884164,3,0.003623084019702689,0.00019341479220918444,0.0,19.61471049412927,10.611502657537287,3,4,0.00215587830441987,0.001158640112616116,0.0,2.0,0.0,4.0,3.0,1.0,1
10.117992738430805,9.280214592370534,3,0.011017483963817746,0.001326914136588227,1.0,71.406675928491,4.9371071019477775,8,7,0.0002392621348631226,0.003010967239391484,0.0,1.0,1.0,3.0,3.0,1.0,1
114.55276568597499,4.713706132757027,3,0.011586315401450213,0.00014533397577476325,0.0,19.25676697982817,2.7437408580170892,4,0,0.008036839652483535,0.0013275116344360536,0.0,2.0,0.0,4.0,0.0,0.0,1
282.5261455122199,7.212278337236741,5,0.002200186416862047,0.0004477833275380702,0.0,59.021761820497886,1.7848632827695439,2,3,0.006323433132274528,0.001956333688807222,0.0,99.0,0.0,0.0,0.0,0.0,0
30.31848243553688,6.280557325774774,2,0.0060341769747074775,0.0008603703350887515,0.0,71.31097652149853,5.592332694636202,1,3,0.005097849178977274,0.0005899864766045161,0.0,99.0,0.0,0.0,0.0,0.0,0
97.02499147684698,4.3228283678962836,3,0.006429114280642818,0.0011365342976016205,0.0,75.92300136237324,6.070666734799871,4,4,0.010217358537362406,0.0013510627695410625,0.0,1.0,1.0,2.0,1.0,1.0,1
118.35151530244993,4.227932244109816,3,0.0057464141838093445,0.003156673319320985,0.0,148.98977975826665,2.3532870178525878,4,4,0.007078136323676912,0.0004905021408200091,0.0,99.0,0.0,0.0,0.0,0.0,0
160.9341782429628,5.2732226188008875,5,0.0022568278219935833,0.0017968822191997372,0.0,182.20331919439863,1.5413643004038025,4,3,0.0002577809434017266,7.437050666173013e-05,0.0,2.0,0.0,2.0,1.0,1.0,1
53.94164635097805,3.639265042282223,5,0.004513613069224825,0.00010454563960926317,1.0,104.70641628041437,6.050629836988695,1,3,0.004503913622868444,0.000705072173316448,1.0,99.0,0.0,0.0,0.0,0.0,0
38.86965936474794,3.8095171698555217,4,0.017094055481905134,0.0030470871872993327,0.0,131.59311127438392,3.51082245601596,5,4,0.0013365399467499168,0.0013445070233366275,0.0,2.0,0.0,1.0,1.0,0.0,1
41.47839354517083,5.906889773138751,7,0.0027898968943162717,0.0007380816372186413,0.0,6.171087712430765,2.939629414972834,5,3,0.014437728979343728,0.00012853302131324206,1.0,3.0,0.0,0.0,0.0,0.0,1
109.75636287939386,2.6560641820515043,5,0.0005437567782612976,9.593939433457238e-05,0.0,32.02788420161969,6.252141058313068,4,2,0.004232317007822399,0.00011441497777599338,0.0,99.0,0.0,0.0,0.0,0.0,0
145.76518005040424,7.61630527277345,3,0.005210040715092942,0.00035462747193576644,0.0,7.431960588289336,3.198175607089564,3,1,0.006959978495105039,0.00036944059698996025,0.0,2.0,0.0,1.0,2.0,1.0,1
26.033690531331185,7.247862905400503,5,0.006000110609261547,2.771039709827216e-05,0.0,20.281563838538375,2.758205599142376,3,3,0.001058748969824238,0.0005873873074494734,0.0,99.0,0.0,0.0,0.0,0.0,0
47.08241919734243,3.2020831959222558,10,0.009531297273837228,0.001963505909995994,0.0,33.849250480663414,3.429669569850638,2,6,0.008752723011856733,0.0002440828648848912,0.0,99.0,0.0,0.0,0.0,0.0,0
195.77421993416263,5.941213973956539,2,0.004265656541090487,0.0016541615647364125,0.0,126.30456102127276,1.1648258478700455,6,5,0.014932290669292626,0.0022928115429675013,0.0,1.0,1.0,0.0,4.0,1.0,1
141.47826949834968,5.5069764820019005,1,0.004368151731947468,0.0002316815832229172,0.0,48.016164699128566,3.487476970073534,1,0,0.00028580927001094035,0.0017736337495526903,0.0,1.0,1.0,1.0,2.0,1.0,1
345.2247630945901,3.0172952344487833,3,0.0011760570384295047,0.0007121699455660681,0.0,67.79439608364082,7.616839747076243,7,1,0.004131764516485239,0.0011781519707298822,0.0,1.0,1.0,1.0,1.0,1.0,1
122.27467506560328,6.198413124457612,5,0.0013924301364425943,0.00108232413357265,1.0,32.04177050072555,3.758800372096592,4,4,0.010451854796919255,0.00018334603453243347,0.0,2.0,0.0,3.0,1.0,0.0,1
49.96384983069315,9.68115005691648,5,0.0010480312556860089,0.001221690708114698,1.0,60.41643193626716,3.0370485399088487,4,6,4.201947867569181e-07,0.0010411962664053586,0.0,3.0,0.0,0.0,0.0,0.0,1
81.45240186399664,7.769592066406851,3,0.0072443842176889706,0.0006678625896230782,0.0,106.41821967405345,6.341272347626599,3,1,0.006046340919936988,0.0007719851319451171,1.0,99.0,0.0,0.0,0.0,0.0,0
96.54377763303394,1.8584162624562575,5,0.004696827402952591,0.0006628823002655084,0.0,26.506995266211334,4.442105820948917,2,1,0.0018662403532311732,0.0007132033181513017,0.0,2.0,0.0,2.0,0.0,1.0,1
16.53636443638649,5.619057124546379,4,0.00028948361352756734,0.00044903243085209796,0.0,166.52178122116308,5.605723147946087,2,3,0.0066483009728348684,0.0010306228855390793,0.0,99.0,0.0,0.0,0.0,0.0,0
72.90823090819285,7.047690210170182,6,0.002911708163932738,0.0027080339708856027,0.0,19.39552717120796,3.3236650890927946,2,5,0.0019120899926652899,0.0005561253244662126,0.0,2.0,0.0,3.0,1.0,0.0,1
108.84280986854621,2.908398007566914,3,0.005290453965952374,0.001774914439617324,0.0,156.0219736329298,1.9221615009238024,5,3,0.009421592265358256,0.0005737445990967211,0.0,3.0,0.0,0.0,0.0,0.0,1
24.648594425035576,7.617148292904816,2,0.00029952553087055756,0.0011129119358861202,0.0,6.722338279819077,3.813125627573738,8,4,1.6191369360572534e-05,0.0005660534509274041,0.0,99.0,0.0,0.0,0.0,0.0,0
131.36026447792892,2.727966301087717,5,5.188968594920596e-06,0.00011894072017217151,0.0,51.951798388019725,6.680613026562357,2,3,0.00802455432934251,3.277819725128055e-05,1.0,3.0,0.0,0.0,0.0,0.0,1
80.12191737175543,3.617855437225953,4,0.0016387872868618243,0.00040006648981138587,0.0,257.67793268422076,5.918680784753485,4,6,0.015917737965076808,0.0016046491582208872,0.0,2.0,0.0,2.0,1.0,1.0,1
253.29484088884112,2.7869181093369035,2,0.00366446934673176,0.0010802505270564413,0.0,61.462480007673285,1.4559669332054264,5,1,8.053877004248706e-05,0.0004025198283550845,0.0,3.0,0.0,0.0,0.0,0.0,1
13.467872841769001,2.542025443489522,8,0.001599244635195848,0.0001179950687570703,0.0,53.56220514107027,5.16297266885634,1,1,5.716668745816637e-05,0.000756720394632,0.0,3.0,0.0,0.0,0.0,0.0,1
34.66628822475504,5.2683257551707126,4,0.0014456993624053008,8.450241691909046e-05,0.0,73.83102524191985,4.160959513208717,5,2,0.006193462158741267,0.0005290766021411986,0.0,1.0,1.0,0.0,1.0,1.0,1
83.6146396129795,1.940066422917794,2,0.001994123962789156,0.0022553703820683097,0.0,25.490482518946514,3.2572798593482046,5,2,0.00026011152332898105,0.0004042737930421204,0.0,2.0,0.0,3.0,1.0,0.0,1
38.14180552837082,3.734629838848939,12,0.00821049715305707,0.0011636965456035086,0.0,8.32539322156237,1.7344617423018807,2,2,0.0030631682739805464,0.0008421835287705999,0.0,3.0,0.0,0.0,0.0,0.0,1
110.25981281510072,5.269882396186589,5,0.0044418118337450066,0.00039718126709897334,0.0,22.346124745596835,5.533284119118594,2,2,0.0023772799211377927,0.00039539132866376036,0.0,4.0,0.0,0.0,0.0,0.0,1
123.83842119278782,2.808660310213466,6,0.012503596188200334,0.003023958343704218,0.0,16.633085252209412,2.777801416421058,1,1,0.004562499546320772,0.0008009880621655711,0.0,1.0,1.0,3.0,1.0,0.0,1
18.652795683087525,8.395675092837031,3,0.004900608562092545,0.00046766445010633297,0.0,159.2822002393645,1.7217952980182993,4,4,0.00024875114928037974,2.920075163563012e-06,0.0,99.0,0.0,0.0,0.0,0.0,0
67.69977948360606,3.9085644334187326,4,0.0005248320869841678,0.0012696284966161075,0.0,119.73890229658677,3.4322496957497783,4,5,0.0021679562523993687,0.00134431066298914,0.0,2.0,0.0,3.0,2.0,0.0,1
66.88706199918525,10.599370620293156,3,0.006485680952801592,0.0013157151560715648,1.0,27.938371012457896,1.605421644384137,4,3,0.0018217207376265603,0.0012472344810965214,0.0,4.0,0.0,0.0,0.0,0.0,0
46.87155809498054,1.835181014137258,6,0.0015877330203087792,0.0001485239114673101,0.0,113.49869238958165,3.4734017129992276,4,1,0.0017946810393905943,0.0010659792188174304,0.0,4.0,0.0,0.0,0.0,0.0,1
226.15534670137404,5.3910537902568985,6,0.004028104991006719,0.0023923060873466302,0.0,19.276603488239676,2.2673071768065918,2,4,0.00035862880416884045,5.403624591091059e-05,0.0,99.0,0.0,0.0,0.0,0.0,0
150.59157441024655,4.781961521109915,2,0.0011475668128571358,0.0005401679290747361,0.0,18.357065400075022,6.887164128074206,4,1,0.004381676670662209,0.001361032230357948,0.0,99.0,0.0,0.0,0.0,0.0,0
105.57709933987039,3.3949115251808704,0,0.003743316618414906,0.0009603199563746681,0.0,92.5410468914742,3.332968382822527,3,0,6.69474597888837e-05,0.002480021710443159,0.0,99.0,0.0,0.0,0.0,0.0,0
110.23249630604397,4.3379698232211865,6,0.0037015153947570346,3.138055939762312e-05,0.0,28.75441117813861,4.666500013060281,2,2,0.0020414971633042414,0.0010785667175201876,0.0,3.0,0.0,0.0,0.0,0.0,1
59.54953953834207,5.863873518455778,4,0.0011915718903731456,0.0008661802780634792,0.0,9.019219895937166,6.677698921707487,2,2,0.01651411859156946,0.00042936136383437876,0.0,4.0,0.0,0.0,0.0,0.0,0
213.059046056963,6.52101888336119,4,0.018266503548067563,0.0011790851462734136,0.0,81.37506510363629,3.929970161046071,2,0,0.010831984636272824,0.002005113970930264,1.0,4.0,0.0,0.0,0.0,0.0,1
104.88943306673673,3.9834366637701875,6,0.0005035515238914637,0.0003121181671304485,0.0,278.9649309695684,4.776341424603675,3,4,0.002325251344134799,0.0030943221215326087,1.0,3.0,0.0,0.0,0.0,0.0,1
114.44532618842265,5.431708855080789,1,0.0029115046997420318,0.0008701388605244684,0.0,55.07956387249589,12.952363481393682,1,4,0.002191551790951437,8.881741093399195e-05,0.0,4.0,0.0,0.0,0.0,0.0,1
168.26114166972576,2.649007042006282,4,0.003946374531278984,0.00014146516599847727,0.0,23.364415895383164,5.276345071730483,4,3,0.0011451106298418776,0.0010662228381185812,0.0,2.0,0.0,3.0,0.0,1.0,1
35.62431015430196,6.595113960858778,2,0.00598285861292737,0.0006782146813200836,0.0,32.999500451351594,4.779459829381347,4,6,0.006709689884878265,0.0009112296610497022,0.0,99.0,0.0,0.0,0.0,0.0,0
141.63460280996793,9.37362069780683,3,0.00315109728866402,0.0025083491971846917,0.0,67.75826870265257,1.818001638185125,7,3,0.0020796131585421335,0.001082321771712379,0.0,4.0,0.0,0.0,0.0,0.0,1
27.376954551922662,6.892739936684973,0,0.0033553755464791318,0.0011413473663832827,1.0,77.514927089201,3.667388511673398,5,1,0.0026267374723512186,0.0012937613108180408,0.0,2.0,0.0,2.0,2.0,0.0,1
43.89137953328116,2.790179701012563,6,0.009208225447737254,0.0005551414877895018,0.0,135.46851927029059,10.782450007420552,2,3,0.010307535398150271,0.002691540892307446,0.0,3.0,0.0,0.0,0.0,0.0,1
42.71093090161823,2.4240248005688185,3,0.006622389907174799,0.0008228339966372426,0.0,148.70529869081676,4.672562737323902,6,3,0.0016575886970520198,0.00031124471183092154,0.0,3.0,0.0,0.0,0.0,0.0,1
317.2710097802092,14.612701595433812,3,0.00013747603016909014,0.0005014094077762597,0.0,123.51722246995884,4.082553806986837,8,0,0.0005037314828506924,0.0001498958483288644,0.0,2.0,0.0,1.0,2.0,0.0,1
165.3343741097954,9.00835521582193,5,0.0018819853473921158,0.0003534400421603,0.0,67.73118521756744,3.242121907799091,5,5,0.007014640503078965,0.0003201536982751345,0.0,3.0,0.0,0.0,0.0,0.0,1
106.63039727879104,6.5349654781056445,2,0.006791386787820798,0.00016410222492808165,0.0,40.854117095781845,2.3398523908155653,0,4,0.00036517683127466454,0.0015978246224137866,0.0,99.0,0.0,0.0,0.0,0.0,0
113.87931387361715,9.741159502412629,1,0.0018518813205690339,0.001735053123861253,0.0,73.23597642201122,2.1517831117587627,1,6,0.007124219532819551,0.0008414952874848761,0.0,2.0,0.0,0.0,0.0,0.0,1
76.05620637473048,4.255803432746684,8,0.0265176805030742,0.0005122749887533356,0.0,70.8985224099293,3.666453121849323,5,2,0.011234374633005684,0.0004550589577119858,0.0,3.0,0.0,0.0,0.0,0.0,1
245.13404244073612,6.464869227215815,2,0.005608989374826326,0.0005660400683375715,0.0,19.752721934758117,4.6493555661107955,2,7,0.00022944181474779382,0.00046228175743596143,0.0,1.0,1.0,4.0,1.0,1.0,1
64.85540330568446,8.343569773917741,4,0.011167518547544164,0.0001119185136297917,0.0,47.502182989172404,2.2344699331104523,1,2,0.0008541438736002246,0.0008518012705317241,1.0,1.0,1.0,5.0,2.0,1.0,1
48.309693254573666,3.638248373009383,4,2.5048704006436756e-05,0.00041826674692571847,0.0,19.007905431659204,2.1939990586304416,2,1,0.002837004406792057,0.0001675038444714783,0.0,99.0,0.0,0.0,0.0,0.0,0
24.23787423521214,5.6166482796292465,3,0.0009045266981443751,0.0006695545300119426,0.0,142.63166408342823,1.53337250797705,4,1,0.00024105644498191527,5.5808981675499074e-05,1.0,99.0,0.0,0.0,0.0,0.0,0
133.4192574306496,7.804450901944136,2,0.00010087846880476612,0.0005417585562225512,0.0,28.427015608108412,4.721868414419082,3,6,0.00042990392612733523,0.0011478786414502891,0.0,3.0,0.0,0.0,0.0,0.0,1
116.07434255777619,2.3339990657759557,3,0.00024954855523881347,0.00018051447457529746,0.0,103.21656015958102,4.210151366122419,1,5,0.0023823337702010843,0.0006159164908205059,1.0,3.0,0.0,0.0,0.0,0.0,1
48.80678742792674,3.432480333593684,3,1.5783009076997398e-05,0.0008713819984541657,0.0,33.41439780242835,5.187688972619764,5,3,0.010791777107081565,0.0002757798320375825,0.0,2.0,0.0,1.0,0.0,1.0,1
12.041296076351287,7.701775667806779,4,0.0010367563197917762,0.0001248731770294016,0.0,91.56836325610742,1.6409858678267863,7,5,0.0005368834942298002,0.002304171037172388,0.0,3.0,0.0,0.0,0.0,0.0,1
156.10674528885133,4.858058876060053,5,0.003972207991234966,0.0010274951964771907,0.0,19.977911478877296,2.1243456181087534,5,8,0.002776507514421589,6.12759371020596e-05,0.0,99.0,0.0,0.0,0.0,0.0,0
10.918693528341084,4.48984472358843,5,0.02377663393549072,0.0015006771686287236,0.0,91.57016024955456,1.0119124418929994,2,4,0.00936741825348968,0.0005561230337456002,0.0,1.0,1.0,2.0,0.0,1.0,1
107.31056645281903,4.186218790760382,3,0.005709988436198465,0.0015470619674418486,0.0,16.872824711873232,2.017824057693126,0,6,0.0036301107483398863,0.00043686571975050045,0.0,3.0,0.0,0.0,0.0,0.0,1
291.21321263518496,8.17551135624355,3,0.02415309117667995,0.00016101127872942219,1.0,45.49693157614303,2.176721564185332,2,2,4.231598468419607e-05,0.0002948624824737849,0.0,99.0,0.0,0.0,0.0,0.0,0
56.05207933095671,2.4698720603503004,3,0.0024637535178839167,0.0002114677946569172,0.0,12.237028148901409,5.4738735515179675,3,2,0.0016474230787187428,0.0005880315005515074,0.0,1.0,1.0,3.0,1.0,1.0,1
31.427574483896553,3.300802641621748,5,0.0011785854728318397,0.0006908708908541855,0.0,50.03362317314204,5.764296908531527,1,3,0.0032453701606073547,0.0012187680397873232,0.0,1.0,1.0,1.0,0.0,1.0,1
107.62742112958385,1.931939017263291,7,0.002196898778636078,0.0005431583269267452,0.0,108.12649613284698,2.845714849302551,5,4,0.005561701900772788,0.002354848105247575,0.0,3.0,0.0,0.0,0.0,0.0,1
145.91756808074604,3.5738609135488724,1,0.019782458964352868,0.0005752248255557577,0.0,89.52392140167375,11.642103083337656,7,4,0.00879585159534615,0.0011578685498667234,0.0,3.0,0.0,0.0,0.0,0.0,1
73.24850905511204,4.719996226453814,5,0.004656866132332404,0.0015228012669120208,0.0,8.12278617089521,6.277734774272068,3,5,0.009729811421687343,0.00036912099972337317,0.0,4.0,0.0,0.0,0.0,0.0,1
282.98537891224663,1.4865986386289327,3,0.00271220408991746,0.0012660452256276536,0.0,45.65740654357231,3.3148733753688773,1,4,0.009952963677828195,0.0005269945589720472,0.0,1.0,1.0,2.0,4.0,1.0,1
14.244111043404931,2.671590284364499,2,0.0019464758086313553,0.0009854340497614316,0.0,119.7239919692273,2.9889962194725426,1,5,0.002700822953895829,0.00018121828201094435,0.0,3.0,0.0,0.0,0.0,0.0,1
66.2227735142859,4.853743151029228,3,0.0097476151852675,0.004292131022009128,0.0,68.00707129065995,3.2480462675855435,5,1,0.0002613578471578055,0.0006689176790114974,0.0,2.0,0.0,3.0,2.0,1.0,1
111.39673978798226,5.564926801425633,1,0.0022583905984262863,0.0010955737851735068,0.0,8.661566231461,1.1369815546891102,2,2,0.010767222289583376,0.0014438352006116712,0.0,2.0,0.0,2.0,0.0,0.0,1
168.81227939445432,11.055148589527096,5,0.0067748736664377225,0.00034324032177587485,0.0,28.63876146618167,2.10031293700963,3,3,0.005577588479697148,0.0010797819905049946,1.0,1.0,1.0,0.0,0.0,0.0,1
25.80348481279639,6.0563618714391625,3,0.006861320485253769,0.0013152550545341294,0.0,53.79520474351478,8.379906555283668,5,4,0.011081739159379912,0.00044133088298941653,0.0,1.0,1.0,3.0,2.0,0.0,1
138.7564257123234,3.894483647351268,3,0.0046435457895570315,0.0017200992701324417,0.0,16.371754406328723,3.376175757681164,4,2,0.006119423627525499,0.0014412328188232034,0.0,4.0,0.0,0.0,0.0,0.0,1
74.36332699198638,4.646257218015059,7,0.004290700828790509,0.0001976329502966737,0.0,73.7260222269169,3.5623325493762596,3,2,0.017230027460819402,0.00022673126918448892,0.0,2.0,0.0,2.0,1.0,1.0,1
50.407855480222345,4.7397475000018225,6,0.004915203157453536,0.0009410552283361786,0.0,65.44623305897119,4.718925007766087,2,0,0.004975786098500162,2.44104818398437e-05,1.0,4.0,0.0,0.0,0.0,0.0,1
21.29882480915942,3.3038414114282175,1,0.0048047668112021205,0.0009097211165257859,0.0,18.57221471770745,4.820158885667142,2,8,0.003849821520427668,0.0005816242421379036,0.0,99.0,0.0,0.0,0.0,0.0,0
170.3738968483404,4.97551070776204,2,0.0006910009525929145,0.0025783450977776984,0.0,52.96354722267038,7.40888905672281,2,3,0.0027087491631820823,0.0003541532590044202,0.0,4.0,0.0,0.0,0.0,0.0,1
23.68899711010488,3.2132309693631114,6,0.0011507183039752339,0.00033087609615329195,0.0,105.18904355011475,7.095242344892718,0,5,0.0013149820958973982,0.0024138477108470477,0.0,99.0,0.0,0.0,0.0,0.0,0
39.6605022577946,5.121240830704134,3,0.0012637736793738993,0.00217665481043359,0.0,33.18358323945915,3.508322155248367,2,1,0.010297313014819365,0.00013656626864960925,0.0,2.0,0.0,1.0,0.0,1.0,1
37.40435524221766,4.183723409371998,3,0.010150186214593168,0.0005843494691694822,0.0,22.02033335938472,7.394643268558358,3,4,0.0025565851960859033,4.468205374393257e-05,0.0,1.0,1.0,0.0,1.0,1.0,1
174.09260829602482,3.7948118725549933,6,0.0004587245917504347,0.00035961009531692884,0.0,77.48298090111103,4.498613049154631,8,7,0.0001353119635950713,0.0002739558176174442,0.0,3.0,0.0,0.0,0.0,0.0,1
