lines_of_code,function_count,class_count,import_count,dependency_count,dependent_count,in_degree,out_degree,reference_count,call_count,complexity_score,pagerank,betweenness_centrality,closeness_centrality,is_entry_point,is_test_file,is_config_file,is_private,min_path_length,num_external_deps,unused
26.11706404895866,5,0,4,6,5,5,6,5,7,2.6508219316337067,0.001956333524087595,0.002956339090269089,0.1505400469830754,0.0,0.0,0.0,0.0,1.0,2,0
140.45546439128844,4,0,6,2,3,3,2,3,5,5.916423334854327,0.014063591732550904,0.0011488596923356212,0.05291750367715209,0.0,0.0,0.0,0.0,1.0,3,0
64.25355620954522,5,0,2,3,1,1,3,1,7,7.3745732221992135,0.012469674897638955,0.000605117439057509,0.12318787803672919,0.0,1.0,0.0,1.0,3.0,3,0
46.082414919917895,4,1,0,1,4,4,1,4,9,6.378652625896806,0.013490785821194519,0.0019665753906787007,0.25756121197367615,0.0,0.0,0.0,0.0,2.0,1,0
12.633119170805582,3,0,2,0,0,0,0,0,1,1.7476721282453012,0.0007717160306292142,0.0,0.048496078647875945,0.0,1.0,0.0,0.0,99.0,2,1
12.631833136157233,2,2,1,2,5,5,2,5,8,3.8779086572539434,0.004453776905074004,0.002349329576193715,0.44594993488988804,0.0,1.0,0.0,1.0,1.0,2,0
7.692744587390631,4,0,4,3,1,1,3,1,13,1.6199889621476253,0.004355977371228672,0.0028065579567728466,0.3899474603755123,0.0,0.0,0.0,0.0,2.0,2,0
95.50538890159727,4,0,1,6,1,1,6,1,5,6.274253319746166,0.0045116290354311915,0.000395511482840194,0.19687689573155215,0.0,0.0,1.0,0.0,3.0,3,0
46.3586969132269,5,1,4,1,1,1,1,1,11,3.3565880775038917,0.018175590206317937,0.0029398682524827335,0.07381152102649526,0.0,0.0,0.0,1.0,1.0,1,0
60.406252776706566,1,0,8,2,3,3,2,3,3,1.3593412588399119,0.00408613570011773,0.0011718859287583117,0.4970467740192218,0.0,0.0,0.0,1.0,1.0,2,0
5.935968859961238,2,1,3,4,0,0,4,0,8,3.4714925470904427,0.0007491899730329559,0.0,0.2860202707167055,0.0,0.0,0.0,0.0,99.0,3,1
162.66008638212404,1,1,3,3,1,1,3,1,6,7.7049662146998195,0.010439048450465163,0.0007516735241837192,0.21725788027373724,0.0,0.0,0.0,0.0,3.0,1,1
85.38932945096037,4,0,3,6,1,1,6,1,6,8.343171749632047,0.010899323266488615,0.000550794048010256,0.10733321634483327,0.0,0.0,0.0,0.0,1.0,2,0
15.740943136202615,1,0,5,2,2,2,2,2,0,3.0784229628364956,0.0037678050291008163,0.0013414534843405063,0.10957613048551086,0.0,0.0,0.0,0.0,1.0,1,0
14.03055449373485,3,0,3,4,6,6,4,6,8,4.5485191456302125,0.00024065618936661617,0.0009282041415517119,0.4001424876185289,0.0,0.0,0.0,0.0,2.0,2,0
14.117514027451568,1,0,4,6,2,2,6,2,7,3.2961930113891924,0.002829402044631029,0.0021174599625304923,0.26474177501334345,0.0,1.0,0.0,0.0,1.0,2,0
21.32391782572147,2,0,8,2,2,2,2,2,5,6.997056606982312,0.003578107712032118,0.0018004262809664592,0.4921609608204698,0.0,0.0,0.0,1.0,3.0,5,0
38.47675238873845,5,1,5,3,0,0,3,0,3,4.109732220326415,0.0005429556697511667,0.0,0.47701788687661933,0.0,0.0,0.0,0.0,99.0,2,1
30.44916800511515,4,0,5,1,1,1,1,1,4,2.710888856591559,0.014429011256822942,6.884661703192913e-05,0.11134562326470451,0.0,1.0,0.0,0.0,1.0,6,0
20.490034664927368,3,0,1,6,2,2,6,2,6,4.708248027441815,0.0007416041804079483,0.0002486303180346989,0.4996939238645375,0.0,0.0,0.0,0.0,2.0,1,0
47.58668932549094,3,0,5,4,2,2,4,2,4,4.715019031482341,0.006872796145483519,0.0016506135623996045,0.4934314714259265,0.0,0.0,0.0,1.0,2.0,5,0
11.76055379273024,5,2,7,2,0,0,2,0,4,3.538382622865459,0.0006118926487756407,0.0,0.4016469785762724,0.0,0.0,0.0,0.0,99.0,0,1
20.548198040108105,3,0,7,4,0,0,4,0,6,3.407877146139998,0.0003892628385710645,0.0,0.20154582822352995,0.0,0.0,1.0,0.0,99.0,1,1
25.532474819938116,2,0,2,4,4,4,4,4,3,7.099576049596253,0.024256819147504497,0.0006698924400947567,0.11983095143292331,1.0,0.0,0.0,0.0,3.0,4,0
32.402060953689876,1,0,3,2,0,0,2,0,3,3.9301544866524143,0.000633397917191844,0.0,0.060547766576170704,0.0,0.0,0.0,0.0,99.0,1,1
74.20712049639104,2,2,2,5,2,2,5,2,3,1.8540172738286456,0.005708913557904902,0.0011747448664438647,0.03546737271406629,0.0,0.0,0.0,1.0,2.0,2,0
15.023113795791064,1,2,3,2,1,1,2,1,5,2.2383012103741793,0.007646179904299962,0.001006900815411461,0.4121931678300018,0.0,0.0,0.0,0.0,2.0,6,0
37.49131197649075,2,0,7,2,0,0,2,0,7,4.053628909023372,0.0007467251309351293,0.0,0.4733251934793638,0.0,0.0,0.0,0.0,99.0,2,1
45.38771245893923,1,1,3,3,3,3,3,3,5,3.4547790297193703,0.014084263609669752,4.283828265521875e-05,0.3885530865157741,0.0,1.0,0.0,0.0,2.0,4,0
7.140373239038384,3,0,4,4,0,0,4,0,6,3.4061423650546394,0.00010284367572565778,0.0,0.3819290321611513,0.0,0.0,0.0,0.0,99.0,1,1
47.089985929232455,3,2,4,2,0,0,2,0,2,1.9194482515020412,0.00011398162286760236,0.0,0.21343785373155982,0.0,0.0,0.0,1.0,99.0,1,1
13.41325633898374,6,0,7,3,0,0,3,0,2,5.084802183130638,0.0005127285809832867,0.0,0.3241786735106125,0.0,1.0,0.0,0.0,99.0,3,0
8.02687688956869,5,0,1,5,4,4,5,4,5,4.310050450880761,0.004138868347147339,0.0011267081913983242,0.3388956412678603,0.0,1.0,0.0,0.0,2.0,1,0
138.81595070781188,6,0,4,4,1,1,4,1,5,3.7271574103682377,0.009894659935432605,0.00010102596351429948,0.1360667179488336,0.0,0.0,0.0,0.0,2.0,3,0
156.67836541075278,1,0,4,2,4,4,2,4,3,1.7192036374181536,0.0022293797641022824,0.00042853597977020476,0.37195295582126003,0.0,0.0,0.0,0.0,2.0,5,0
79.35492077657945,2,1,5,4,8,8,4,8,9,2.394672755297544,0.00033879195829663537,0.0019176424019986518,0.08159731354777988,0.0,1.0,0.0,0.0,1.0,5,0
21.34795369859412,4,0,1,2,8,8,2,8,4,1.8675113784434756,0.001493262126045796,0.0009739613592870277,0.1537935313937399,0.0,0.0,0.0,0.0,3.0,5,0
9.624979175112781,2,2,1,3,4,4,3,4,6,2.018471518567072,0.001748296371828873,0.0012981002345334822,0.29895710461369873,0.0,0.0,0.0,0.0,2.0,3,0
56.87378433943978,1,0,2,2,0,0,2,0,6,2.1390190741746125,0.0004961604974873602,0.0,0.2743913858080438,0.0,0.0,0.0,0.0,99.0,0,1
31.104087916342927,4,0,1,2,0,0,2,0,4,2.0758669261609723,0.000995390402561462,0.0,0.3552449193662753,0.0,0.0,0.0,1.0,99.0,2,1
10.85685052795019,4,0,4,4,4,4,4,4,8,2.374385182623835,0.0026074906833589997,0.0009057876183325062,0.29562773893173483,0.0,0.0,0.0,0.0,3.0,4,0
35.75962526603676,1,0,2,0,2,2,0,2,5,8.97658590581429,0.0022125608939325267,0.002080959304103831,0.034276292728914144,0.0,0.0,0.0,0.0,1.0,2,0
6.574717464956558,4,1,1,1,1,1,1,1,5,3.8743418164163104,0.0007606532599388288,0.001276028720487368,0.4890744685910074,1.0,0.0,0.0,0.0,1.0,3,0
113.01902993268607,3,0,3,6,1,1,6,1,7,3.184742783071209,0.005825407547039349,0.0008992118042603676,0.3841095892320447,0.0,0.0,0.0,0.0,3.0,1,1
18.475599957830873,1,0,2,3,1,1,3,1,6,4.710978479617934,0.00757579636755532,0.0007321401651023249,0.441411286733844,0.0,0.0,0.0,1.0,2.0,2,1
53.88151093542412,2,0,2,4,0,0,4,0,6,1.4189898871878612,0.00014272472343093557,0.0,0.4039247979455035,0.0,0.0,0.0,0.0,99.0,4,1
21.809596174593064,1,0,4,6,1,1,6,1,7,3.4769280369452993,0.003104964815259893,0.0003568289431636763,0.11407291011387713,0.0,0.0,0.0,0.0,1.0,0,0
38.03499031591529,2,2,5,4,1,1,4,1,6,4.921704802620391,0.0031487512869669606,9.492643402846916e-05,0.4670272900250483,0.0,0.0,1.0,0.0,1.0,1,0
40.60507090918089,2,0,1,3,2,2,3,2,9,8.445517391470744,0.00439444839070023,0.0038439203162628772,0.4922010118418434,0.0,1.0,0.0,0.0,1.0,2,0
14.197486977855759,3,1,1,2,2,2,2,2,4,3.556698536665028,0.014521626443752182,0.0013151735733629843,0.04854938314359029,0.0,0.0,0.0,0.0,1.0,2,0
162.1763209731302,4,0,4,6,1,1,6,1,5,2.670687539809137,0.014007769351679689,0.00042795058624055997,0.08763325248617623,0.0,0.0,0.0,0.0,1.0,2,1
72.15104197121633,4,0,5,8,1,1,8,1,10,1.938840736324544,0.0070054924865143725,0.0019398687684600608,0.4952440007570047,0.0,0.0,0.0,1.0,3.0,1,1
131.2292488681212,0,2,4,5,0,0,5,0,4,3.5722559987802938,0.000163938210843846,0.0,0.15379766289272312,0.0,0.0,0.0,1.0,99.0,3,1
106.34683988903885,3,0,2,2,4,4,2,4,1,2.680902210833153,0.0043466695554424265,0.0010280790901265942,0.4117033093195583,0.0,0.0,1.0,1.0,2.0,2,0
45.997448557247374,0,0,3,1,1,1,1,1,7,2.877658670414516,0.006451280563046197,0.003983137986440128,0.04633010427627319,1.0,0.0,0.0,1.0,2.0,1,0
119.72459206712323,3,0,7,6,3,3,6,3,2,3.715000120159889,0.00020698788568230934,0.0010989073386271835,0.36889605393797065,1.0,0.0,0.0,0.0,3.0,1,0
9.169495652890202,1,0,2,3,1,1,3,1,7,2.5367569970601305,0.001203770146966021,0.001441267715811225,0.3536835494237733,0.0,1.0,1.0,0.0,3.0,2,0
14.816061258407036,4,1,6,1,1,1,1,1,6,1.7044080959602246,0.002314435337599876,0.0019837635807827725,0.4694458393795383,0.0,0.0,0.0,0.0,3.0,2,0
7.082688455907438,5,0,9,2,2,2,2,2,5,4.123901358666517,0.003487260732658433,0.0003794577212121068,0.36707120100555224,0.0,0.0,0.0,0.0,1.0,1,0
22.708943906138906,1,1,4,1,1,1,1,1,5,2.3956836106219357,0.00359836665975117,0.0010813065201171913,0.03028581401631282,0.0,0.0,0.0,1.0,1.0,5,1
27.145863130739837,3,0,4,5,1,1,5,1,1,5.334048715390073,0.0031982077398385075,0.002018285152572199,0.23072186289926702,0.0,1.0,0.0,0.0,1.0,2,0
19.245219944397157,3,0,2,3,2,2,3,2,4,2.08669658154369,0.008397156326008383,0.0005314820452961262,0.18046640105025102,0.0,0.0,0.0,0.0,3.0,4,0
84.40510393584202,3,0,3,2,2,2,2,2,7,6.383966315517963,0.014413472489607799,0.00015938480978905189,0.28965589751023574,0.0,0.0,0.0,0.0,2.0,1,0
24.855214978844156,2,0,4,4,4,4,4,4,3,2.6416916448164676,0.012100098352326068,0.002075280313975759,0.21987804999708585,0.0,0.0,0.0,0.0,1.0,1,0
19.841127806041214,3,2,3,5,1,1,5,1,9,7.830767895859681,0.012715873354037836,0.0010642171497780215,0.1476131438036402,0.0,0.0,0.0,0.0,3.0,3,0
40.20831874434857,3,0,2,3,6,6,3,6,6,1.6883902959750328,0.0008306689499531245,0.0022217952824899793,0.33391198761593954,0.0,0.0,0.0,0.0,1.0,3,0
11.835416651928298,4,0,1,2,5,5,2,5,7,5.984075458631047,0.040016712869645636,0.0018396625844223054,0.16245660992487584,0.0,1.0,0.0,1.0,2.0,2,0
77.9217618098629,3,1,4,6,5,5,6,5,4,2.4855205717264983,0.0027764603129916223,0.0002719770587612766,0.4268220903696152,1.0,0.0,0.0,0.0,2.0,5,0
8.486414096508906,1,1,3,0,2,2,0,2,4,1.5623989154958182,0.001860090419133163,0.0017531616755924557,0.1682669559055683,0.0,0.0,0.0,0.0,3.0,2,0
200.03658528142938,2,0,4,2,5,5,2,5,3,2.2153083060937857,0.006584853954291147,0.002751636116860157,0.26251378954174487,0.0,0.0,0.0,0.0,1.0,2,0
71.57676993086801,4,1,4,6,1,1,6,1,6,7.9826411230036936,0.00013340112421952858,0.004752010879176143,0.41475063853589644,0.0,0.0,1.0,0.0,1.0,2,0
14.969274822764868,1,0,4,3,1,1,3,1,2,2.845436547298109,0.008794316750388203,0.0012417611891438972,0.4132157094190403,0.0,0.0,0.0,1.0,2.0,2,1
5.249183916917096,4,0,4,4,1,1,4,1,7,4.303592234208789,0.0016619664643225428,0.0003614147973194711,0.2971851569903881,0.0,0.0,0.0,0.0,3.0,1,1
81.04535498687567,2,0,4,1,0,0,1,0,5,2.8606698220916558,0.0002173688705571573,0.0,0.19616120610434845,0.0,0.0,0.0,0.0,99.0,1,1
60.21931583241701,1,0,5,4,2,2,4,2,1,3.562009675876821,0.0031426380491323593,0.0026110024775490757,0.28339034835853544,0.0,0.0,0.0,0.0,1.0,1,0
63.75483089545995,5,0,1,2,7,7,2,7,8,2.8370708241766964,0.010882351149509575,0.00048702033488575835,0.42634493971178083,0.0,1.0,0.0,1.0,1.0,4,0
71.3846536719581,6,0,6,1,1,1,1,1,7,2.34183011415001,0.0024561938609455867,2.392706153060455e-05,0.1172027970392794,0.0,0.0,0.0,0.0,3.0,3,0
8.461816948120836,1,0,2,2,7,7,2,7,1,4.406835896588974,0.004841214182851616,1.8944888900266404e-07,0.07001770295008557,1.0,0.0,1.0,0.0,2.0,1,0
24.97517025873046,7,1,2,3,7,7,3,7,2,1.5536637726909919,0.002439932154419804,0.0014576705342275354,0.2951957892132804,0.0,0.0,0.0,0.0,1.0,2,0
10.541754707200234,4,2,5,3,0,0,3,0,3,1.945092392183369,0.0005060010568288402,0.0,0.2912810562244387,0.0,0.0,0.0,0.0,99.0,1,1
94.48383072462002,3,1,4,3,0,0,3,0,7,4.755284842911204,0.0007428880594767488,0.0,0.1536426321570714,0.0,0.0,0.0,1.0,99.0,3,1
48.93355362705683,3,0,6,4,6,6,4,6,4,3.366132460790397,0.005619862077884556,0.0003679520444198547,0.22288579589477134,0.0,0.0,0.0,0.0,3.0,1,0
23.081846056308546,0,0,7,3,9,9,3,9,2,5.617469126170505,0.0003572392179602995,0.002978760643152341,0.05337895095879109,0.0,0.0,1.0,0.0,3.0,3,0
7.95506296121523,3,0,3,4,0,0,4,0,6,8.636612382235352,0.0005191121519587897,0.0,0.07407253245501626,0.0,0.0,0.0,0.0,99.0,0,1
21.761975768465916,3,0,0,3,2,2,3,2,2,4.781941746693947,0.009463927029336683,0.0002208739316478141,0.4158826063229687,0.0,0.0,0.0,1.0,2.0,2,0
22.69913959328591,1,0,5,1,4,4,1,4,7,8.639025042232273,0.0008999817580129769,0.0008656155351447775,0.23759185183890194,0.0,1.0,0.0,0.0,1.0,5,0
63.854410278098335,0,0,10,1,2,2,1,2,3,5.864913010068721,0.002591110996486614,0.002254970714635918,0.05890839651626724,0.0,1.0,0.0,0.0,2.0,5,0
50.670021151670895,2,1,9,1,4,4,1,4,4,2.8536109945550923,0.000491987566196596,0.002225896071444224,0.48131554656746034,0.0,0.0,0.0,0.0,3.0,3,0
103.20133605806816,4,0,5,4,1,1,4,1,6,5.272194905894917,0.006171722365863117,0.00014144052049153326,0.11287130791798271,0.0,1.0,0.0,0.0,1.0,1,0
33.75797600193394,6,0,5,3,3,3,3,3,4,7.551390119583666,0.003406851835180286,0.0009078268903550785,0.16528524627022093,0.0,0.0,0.0,0.0,1.0,3,0
10.731757712697586,3,0,3,7,1,1,7,1,6,4.3281680052498395,0.004221325143955728,0.003345171817206174,0.48654216400352324,0.0,0.0,0.0,0.0,3.0,3,0
61.210685494246974,3,0,2,7,1,1,7,1,5,4.71899457024703,0.004454450056458699,0.0016338850018128349,0.09863406727661041,0.0,0.0,0.0,0.0,2.0,3,1
69.36767388845888,2,0,5,4,1,1,4,1,5,2.235195504656354,0.008124483678580628,0.0004273571217795815,0.48467546725854277,0.0,0.0,0.0,0.0,2.0,4,0
42.074937269862296,1,0,4,4,6,6,4,6,5,4.817188005405436,0.0007964262935875804,0.00026349557577983005,0.3638975156354007,0.0,0.0,1.0,1.0,1.0,2,0
71.3250485024614,0,0,4,3,1,1,3,1,7,3.6097716705252965,0.0014355837231149263,0.00027342204555294585,0.21919219216721292,0.0,0.0,0.0,0.0,1.0,2,0
35.63666291796251,2,0,3,10,5,5,10,5,6,2.841316885195115,0.005422819441864293,0.00450744911182627,0.30151531209337634,0.0,0.0,0.0,0.0,3.0,5,0
38.285547744977016,6,0,2,3,5,5,3,5,4,6.182764583785573,0.001331466530346205,1.0711391261374773e-05,0.2588671245844101,0.0,0.0,1.0,0.0,2.0,2,0
30.10163872587923,6,1,3,4,2,2,4,2,5,1.647632409645444,0.007330482984498527,0.00025013000573156045,0.4043215151982924,0.0,1.0,1.0,1.0,2.0,3,0
6.1586498295551175,3,1,6,2,1,1,2,1,6,4.414935345470606,0.013482795950938986,0.0002573516903851098,0.04079299391502065,0.0,0.0,0.0,0.0,3.0,2,1
10.137534583633963,3,0,8,5,0,0,5,0,3,5.304686404011455,0.0009947163600683288,0.0,0.4085620671688763,0.0,0.0,0.0,0.0,99.0,3,1
6.437015658187422,2,0,2,2,2,2,2,2,6,3.2626858864369077,0.003078856459256756,0.0002316191553938639,0.48560432504374434,0.0,0.0,0.0,0.0,2.0,2,0
50.52782979173973,5,1,2,3,1,1,3,1,10,8.190869142202516,0.0032566431438363786,0.0005955516140375242,0.22049073854547074,0.0,0.0,0.0,1.0,3.0,0,1
21.982851895779493,3,0,2,2,3,3,2,3,5,3.5314395824187845,0.005938486264509482,0.0004462686167784283,0.1037871548575058,0.0,0.0,0.0,0.0,2.0,2,0
36.96967297103855,2,0,4,3,9,9,3,9,8,2.2106690269035054,0.006546081836301811,3.368739824235939e-05,0.0633165050132604,0.0,0.0,0.0,0.0,1.0,1,0
112.1569488430689,2,0,3,4,1,1,4,1,6,2.18013991211398,0.006265066904942187,0.000795868594658938,0.17991022643889418,0.0,0.0,0.0,0.0,2.0,2,0
17.903247034248423,2,0,4,2,3,3,2,3,5,3.6227183685035893,0.007556785875945553,0.0017654377155431886,0.07402061648100002,0.0,0.0,0.0,0.0,1.0,1,0
28.772688869720266,3,1,5,5,10,10,5,10,5,2.0476183351992443,0.0019824180960338524,0.0003860832788551387,0.12255869221511882,0.0,0.0,1.0,0.0,2.0,5,0
68.39371163923624,1,1,6,3,6,6,3,6,7,9.566108413191756,0.002258375188307222,0.0008676588067324418,0.330673694441263,0.0,0.0,0.0,0.0,3.0,2,0
16.691232061282733,6,0,5,3,6,6,3,6,7,2.7581504001225494,0.013129912155076555,2.409299200102362e-05,0.21373131377253335,0.0,1.0,0.0,0.0,3.0,5,0
8.604692534757936,4,0,5,4,5,5,4,5,4,7.284562073025295,0.008016657497713615,0.000323274148804562,0.4514999939986205,0.0,0.0,0.0,0.0,1.0,0,0
20.396313674917568,6,0,5,4,2,2,4,2,6,6.57557422492299,0.004297497156956689,0.0013502961176206003,0.23731249633878884,0.0,0.0,0.0,1.0,2.0,2,0
12.911376132502827,2,0,4,4,7,7,4,7,4,4.2231507406662505,0.00011317915170740499,0.0014573023157961533,0.0855090526758763,0.0,0.0,0.0,1.0,2.0,4,0
124.47275386462812,5,2,3,0,0,0,0,0,8,3.215713658790126,0.0006556916401041536,0.0,0.07793433213676695,0.0,0.0,1.0,0.0,99.0,1,1
79.28991862180563,2,0,4,2,2,2,2,2,4,3.6028808408926447,0.003042474314366637,0.0009768571749679893,0.34962806386824946,0.0,0.0,0.0,0.0,1.0,1,0
50.157238573423896,3,0,7,6,2,2,6,2,2,5.817482918950556,0.004267095724484089,0.00032518661890377294,0.3206139814928169,0.0,0.0,0.0,0.0,1.0,1,0
97.31838787343659,6,1,3,2,0,0,2,0,5,3.995431243247933,0.00041859601246628476,0.0,0.35685666810164185,0.0,0.0,0.0,0.0,99.0,3,1
78.25860233332504,6,1,5,4,2,2,4,2,6,6.21870532856685,0.003290045039250885,0.0005360955703313475,0.17599115412142285,0.0,1.0,1.0,0.0,2.0,3,0
14.29229643613876,5,1,4,3,1,1,3,1,4,2.3484201600024512,0.012484532761431726,0.0013610163449352417,0.4583652105585118,0.0,0.0,0.0,0.0,3.0,0,0
105.38660323560025,4,0,4,4,3,3,4,3,5,4.30637587344297,0.00033250605496102016,0.00025366214168862143,0.06574336251276844,0.0,0.0,0.0,0.0,3.0,1,0
39.87949558847774,3,0,2,3,3,3,3,3,7,2.77729118135904,0.00782391216851076,0.0016800965766151756,0.026095785174119722,0.0,0.0,0.0,0.0,1.0,2,0
79.13067310866047,1,0,4,2,2,2,2,2,8,2.6144249654968115,0.0020693684116078227,0.00023595173430584636,0.37365180991753605,0.0,1.0,1.0,0.0,1.0,2,0
106.89091921788041,4,0,6,2,1,1,2,1,4,2.858895940726794,0.004899250031295906,0.0005073358832501637,0.3417666653210721,0.0,1.0,0.0,0.0,3.0,0,0
22.22288223882433,3,2,3,1,5,5,1,5,5,5.011926436644249,0.009646147206045131,0.0011800066721959041,0.2518446543479144,0.0,0.0,0.0,0.0,2.0,2,0
10.246647205573288,4,0,4,3,1,1,3,1,6,4.591287439208719,0.006994404552514136,0.00042020035645574244,0.03140958455030454,0.0,0.0,1.0,0.0,1.0,3,0
16.640903576272162,2,2,7,1,0,0,1,0,2,1.3164207024141428,0.0007262612724624538,0.0,0.06595820996711838,0.0,0.0,0.0,0.0,99.0,4,1
30.067596173687647,2,0,4,6,3,3,6,3,3,8.06312400353906,0.0007940472735934056,0.001461524924163418,0.10569618179028593,0.0,0.0,1.0,0.0,1.0,0,0
81.67233769875253,4,1,4,1,2,2,1,2,6,4.267926916820437,0.0094154660840015,0.0020373028940657597,0.32297437538031526,0.0,0.0,1.0,0.0,1.0,0,0
93.7105237345925,4,0,4,0,1,1,0,1,3,2.4884739193177356,0.00039456549736486624,0.003821278137848823,0.3348932114334014,0.0,1.0,0.0,0.0,2.0,2,0
5.313938413174279,1,2,6,4,2,2,4,2,5,5.423899721333557,0.0049009032304824715,0.0008956664908043515,0.34168802653928226,0.0,0.0,0.0,0.0,3.0,4,0
37.16942717023501,2,0,5,1,5,5,1,5,8,6.461666009139082,0.0005941086831708845,0.0012819895624923896,0.4034940052587299,0.0,0.0,1.0,0.0,3.0,1,0
29.31229944134021,4,0,2,4,3,3,4,3,2,3.8679846378062086,0.004458416953298157,0.00020587723196827695,0.02215006162482818,1.0,0.0,0.0,0.0,3.0,3,0
16.302530222412102,2,1,1,1,2,2,1,2,3,3.4588732674734293,0.011220621501975794,0.00024331519351612624,0.32519836404174124,0.0,0.0,0.0,0.0,3.0,2,0
10.745617619554107,3,0,5,3,0,0,3,0,3,2.8870499736362296,0.0005377655163020012,0.0,0.13326590328887752,0.0,0.0,0.0,0.0,99.0,3,1
23.53588609380946,5,0,3,3,3,3,3,3,7,5.00507638480049,0.0020108072530517058,0.004639627764524748,0.2898084321658908,1.0,1.0,0.0,1.0,2.0,3,0
133.84045052110173,2,2,3,2,7,7,2,7,7,4.796493299070638,0.012227161609174475,0.0005033258991130405,0.37155909235336426,0.0,0.0,0.0,0.0,1.0,1,0
22.56727112966635,2,0,6,4,3,3,4,3,7,5.894542554115085,0.003495949213740861,0.0011349253605474486,0.3628230418498988,0.0,0.0,0.0,0.0,1.0,1,0
37.91537625920684,2,0,3,5,5,5,5,5,3,5.26218506300104,0.002631318990237957,0.0014169878823991745,0.15107146965261237,0.0,0.0,0.0,0.0,1.0,1,0
59.63391395963847,2,0,2,1,0,0,1,0,2,4.522943467029057,0.0007407663872149065,0.0,0.1841008824734931,0.0,0.0,1.0,0.0,99.0,3,1
25.338852453513304,4,1,3,3,4,4,3,4,4,3.993895725935225,0.012565718792599503,0.0013353790728175062,0.45947861988386596,0.0,0.0,0.0,0.0,3.0,4,0
165.55091622312648,2,0,2,6,7,7,6,7,5,4.2095798936390665,0.0008480999613589687,0.004546815460045826,0.4259546877641055,0.0,0.0,0.0,0.0,1.0,0,0
152.69044390436292,2,0,7,1,5,5,1,5,7,5.696867030909926,0.011702135387651899,0.0016663082186785328,0.13593325100249787,1.0,0.0,0.0,0.0,2.0,2,0
18.052758274649236,3,0,3,3,7,7,3,7,5,5.465775380459037,0.030416198300559767,0.0006105922217974116,0.2976484770872144,0.0,0.0,0.0,0.0,2.0,0,0
35.944667530873126,2,0,5,1,0,0,1,0,4,3.4519787037396004,0.0006392182723641935,0.0,0.06256548136356538,0.0,0.0,0.0,0.0,99.0,2,1
21.106870703557107,2,0,5,3,0,0,3,0,9,3.154243499512036,0.00013640426706717845,0.0,0.33039528891445163,0.0,0.0,0.0,0.0,99.0,1,1
20.086235437148677,2,0,4,4,3,3,4,3,6,8.774819560435024,0.0073638696510173254,0.0011769317504329343,0.3144616288307673,0.0,0.0,0.0,0.0,1.0,1,0
6.691301499448514,5,0,3,4,6,6,4,6,12,1.7582892645563168,0.0009093611150274533,0.00012540569818405306,0.1393195080939268,0.0,1.0,1.0,0.0,1.0,3,0
47.32214319421669,4,0,2,3,1,1,3,1,3,2.607137863107932,0.0030255002854357145,0.00011670417557287621,0.2167014815228265,0.0,0.0,0.0,0.0,3.0,2,0
36.433383477333734,4,0,3,3,4,4,3,4,4,4.118239368137094,0.015575505648748808,0.0010989348571208192,0.3933302086860977,1.0,1.0,0.0,0.0,1.0,5,0
7.378298932117662,4,0,3,3,6,6,3,6,6,6.9983091638979795,0.004054145828276603,0.000153981523899998,0.13516463706079862,0.0,1.0,0.0,0.0,3.0,2,0
19.69816644546662,4,0,5,1,1,1,1,1,6,6.3508514393627395,0.009485809262391575,0.0007421964156012167,0.386499563073651,0.0,0.0,0.0,0.0,1.0,0,0
112.49874279902032,4,0,7,2,4,4,2,4,4,3.834236855113518,0.007560538874026893,0.0020459538819595923,0.1650289888178996,0.0,0.0,0.0,0.0,3.0,2,0
17.323724846393468,0,0,7,4,5,5,4,5,2,1.7852353394619653,0.010100018018415563,0.0008981444945084737,0.4213868880981855,0.0,0.0,0.0,1.0,3.0,5,0
12.04388874434614,1,0,7,2,1,1,2,1,5,2.7302122766553825,0.008605322568592389,0.0015975263471164293,0.02494688947986557,1.0,1.0,0.0,0.0,1.0,9,0
35.25224492631363,4,0,5,5,2,2,5,2,8,4.30926811452386,0.027826615774461907,0.001069914506541531,0.13649252865652026,0.0,0.0,0.0,0.0,2.0,3,0
195.9816642176867,1,1,4,0,3,3,0,3,6,5.115277261793607,0.00786926241497357,0.00016689064290434543,0.09703572100744354,0.0,0.0,0.0,0.0,2.0,3,0
17.471516610187678,4,0,6,3,3,3,3,3,2,6.714100164010256,0.008219481588520572,0.0006733370787117717,0.4463788193596973,0.0,1.0,0.0,0.0,2.0,0,0
55.1819754633782,1,0,2,2,1,1,2,1,4,3.5780969970845393,0.0012599021458195349,0.0029923098716838647,0.21997469172138076,0.0,1.0,0.0,0.0,2.0,4,0
69.52494318077584,2,0,4,5,0,0,5,0,4,1.989296662305492,0.0004797998289765687,0.0,0.2773443593479651,0.0,0.0,0.0,0.0,99.0,0,1
17.20999275511126,2,0,4,6,1,1,6,1,4,1.764997916162557,0.010240589603538311,0.002307062552145742,0.12861763084894293,0.0,0.0,0.0,0.0,2.0,2,0
63.62370178215423,1,1,3,3,1,1,3,1,2,3.1962727906835755,0.005781975930428542,0.0010331770356577375,0.07289416794336882,0.0,0.0,1.0,0.0,3.0,3,0
25.63352596689368,4,0,2,1,1,1,1,1,5,5.46595199837723,0.004451253731591444,0.0003407085052101426,0.3031387451998075,0.0,0.0,0.0,0.0,3.0,1,1
50.022668647929706,7,0,3,4,4,4,4,4,8,3.599890074484809,0.005319353020423895,0.00032285656633431717,0.14881667956169203,1.0,1.0,0.0,1.0,2.0,0,0
50.172702221193724,3,0,7,1,3,3,1,3,4,1.6740291219617238,0.0010759577200492485,0.00037594824693221087,0.4651397148683304,0.0,1.0,0.0,1.0,1.0,1,0
39.532336247855696,4,0,1,4,5,5,4,5,7,3.0259010569677764,0.0030381704419694677,0.00012785945192231825,0.24341141355944437,0.0,0.0,0.0,0.0,2.0,1,0
9.258312146522943,5,0,0,1,1,1,1,1,2,6.574457925483399,0.012301467992701006,0.002279313944971141,0.07769827391964361,0.0,0.0,1.0,0.0,3.0,1,0
86.16401574108336,3,0,5,4,0,0,4,0,3,1.3930856744288604,0.0003181468732358512,0.0,0.02165761235841173,0.0,0.0,0.0,0.0,99.0,3,1
22.406463215032847,2,1,4,1,2,2,1,2,3,3.0866278053480345,0.0014071926714661989,0.001676880545724575,0.12381723584315443,0.0,0.0,0.0,0.0,3.0,4,0
14.289444797340044,3,0,6,5,6,6,5,6,5,6.330568434572426,0.005553729751378543,0.00016532704072493376,0.1667623172955839,0.0,0.0,0.0,0.0,1.0,3,0
6.873339190745535,2,0,2,2,4,4,2,4,4,2.454075502597678,0.002821366262924753,0.0003714287244800447,0.11141409466983297,0.0,0.0,0.0,0.0,1.0,2,0
45.220028206756254,2,0,3,5,6,6,5,6,6,3.8258599826750848,0.006535481903756119,0.0003001235215396616,0.18914470535236766,0.0,0.0,0.0,0.0,1.0,3,0
55.9333280420307,4,0,4,2,1,1,2,1,6,5.334530290291825,0.007944380560437099,0.00021875793001469116,0.44069261267401566,0.0,0.0,0.0,0.0,3.0,1,1
5.752712640131178,1,0,1,3,4,4,3,4,4,10.107615240675567,0.011587166034319479,0.0008607575531237757,0.033496734229743495,0.0,0.0,0.0,0.0,1.0,4,0
37.293376304726976,5,0,1,2,3,3,2,3,3,5.54536102584823,0.005947259446490326,0.0003326957872578476,0.4026020044508342,0.0,0.0,0.0,0.0,1.0,3,0
16.557086617473097,2,0,4,1,0,0,1,0,2,2.0251171076875876,0.0008301391833844957,0.0,0.2186378346802852,0.0,0.0,0.0,0.0,99.0,5,1
51.625595369646135,3,0,3,7,2,2,7,2,5,7.287069362379722,0.0011718396863954932,0.00040593009016067313,0.45414449812156865,0.0,1.0,0.0,0.0,2.0,2,0
13.622190014261019,6,1,5,4,0,0,4,0,5,4.038664937644126,0.0005727287242335801,0.0,0.3368545862541522,0.0,0.0,0.0,0.0,99.0,2,1
57.83956374054736,3,0,4,3,1,1,3,1,3,1.905101686739651,0.014435061078842841,0.001852183424152594,0.09080920009511731,0.0,1.0,0.0,1.0,2.0,3,0
27.00314154414958,3,1,7,6,4,4,6,4,2,1.395609498287118,0.009551732442479302,0.0006923787438860557,0.4801548177826524,0.0,0.0,0.0,0.0,3.0,2,0
129.21547180119381,7,0,3,1,1,1,1,1,3,1.7506284766026607,0.012737225206966275,6.0306632867265776e-05,0.08581018281896245,0.0,0.0,0.0,1.0,1.0,3,1
11.657498604767554,3,0,1,3,1,1,3,1,4,2.7061227527227825,0.007180381019079667,0.0013883954349787125,0.1747837044671953,0.0,0.0,1.0,0.0,2.0,4,0
23.77095952978273,1,1,6,5,1,1,5,1,8,3.461323787451035,0.005994783587509739,0.00041739547873053605,0.489614503842002,0.0,1.0,0.0,0.0,2.0,1,0
10.419992826664839,0,0,1,3,0,0,3,0,5,4.1226108681074,0.0005195911391583894,0.0,0.11380450500409356,0.0,1.0,0.0,0.0,99.0,2,1
121.37856787178256,3,1,2,3,2,2,3,2,7,5.3319222795267915,0.00865458949142364,0.0020930479812664464,0.31927993434387497,0.0,0.0,0.0,0.0,3.0,0,0
99.42501682224473,1,1,1,1,0,0,1,0,2,1.780297989977711,0.0001254407456769314,0.0,0.4889798404161563,0.0,0.0,0.0,0.0,99.0,2,1
18.424731652767,2,0,4,4,0,0,4,0,7,2.469868119713477,0.0005711619613394635,0.0,0.3475705530305105,0.0,0.0,0.0,0.0,99.0,4,1
53.544323256976156,1,0,2,4,9,9,4,9,4,3.7113258167143823,0.001156626641560555,0.005107548032162947,0.3347535318738568,0.0,0.0,0.0,0.0,3.0,0,0
81.47678326876496,3,0,5,5,6,6,5,6,3,3.554806932731135,0.0002493314634602211,0.0008829279966337695,0.314557415963748,0.0,0.0,0.0,0.0,2.0,4,0
41.455956230892866,1,2,3,2,7,7,2,7,5,4.196822298472661,0.001461888184369284,0.0005758830848171938,0.28217361100640365,0.0,0.0,0.0,0.0,3.0,2,0
38.94257345872757,2,1,4,2,0,0,2,0,4,3.1117832041368114,0.00097734598649327,0.0,0.47508552131734577,0.0,0.0,0.0,0.0,99.0,0,1
17.45946704470564,4,0,6,2,0,0,2,0,7,5.9455599236775445,0.00035454753532323705,0.0,0.27644082871483194,0.0,0.0,0.0,0.0,99.0,0,1
9.397676321372334,3,0,3,3,3,3,3,3,7,4.692223463274013,0.0071509104138110235,0.0006809429424197447,0.33501485613194176,0.0,0.0,0.0,0.0,2.0,1,0
107.38054513375353,4,0,2,3,2,2,3,2,6,4.646898865401665,0.0003392495774507602,0.001131397789157531,0.37203054180914474,0.0,0.0,0.0,0.0,2.0,0,0
108.80484924417921,2,0,3,2,1,1,2,1,6,1.842554075029724,0.004606324581043521,0.0015259646307679427,0.2685779738445553,0.0,0.0,0.0,0.0,1.0,0,1
50.120146376729814,2,0,4,2,0,0,2,0,3,6.442356677105154,0.0006616148388054175,0.0,0.44498310461849067,0.0,0.0,0.0,0.0,99.0,0,1
23.632092941509576,3,0,3,2,0,0,2,0,9,6.9081079007983295,0.0008399436935763234,0.0,0.021170983893181738,0.0,0.0,0.0,0.0,99.0,1,1
24.330542711523975,1,0,4,5,6,6,5,6,4,1.8212569619446632,0.0028136733264882505,1.4750571531876937e-05,0.2036814223531034,0.0,0.0,0.0,0.0,3.0,4,0
63.25094433772031,2,0,4,2,3,3,2,3,7,9.534327614127278,0.011044319539503758,0.0008824931451750879,0.31214850486620904,0.0,0.0,1.0,0.0,3.0,2,0
107.33438070982635,4,1,3,3,3,3,3,3,6,3.9007523113401943,0.0013510492419449328,0.00048337748213645945,0.01929636669344817,0.0,1.0,0.0,0.0,3.0,1,0
103.1509656228476,6,1,2,4,2,2,4,2,1,2.6578428128696867,0.0007300809850935543,0.00025198655547526745,0.4690798549311026,0.0,0.0,0.0,0.0,3.0,1,0
73.11029863689065,4,1,5,2,0,0,2,0,0,2.596251476915925,0.0005251013820597384,0.0,0.4149262097412257,0.0,0.0,0.0,0.0,99.0,3,1
51.22898121054673,1,1,6,1,9,9,1,9,5,1.6642430829839148,0.0020534688653698822,0.001042036048970447,0.11732763737098467,0.0,0.0,0.0,0.0,1.0,2,0
8.955127678823782,4,0,5,5,1,1,5,1,7,7.415922144578463,0.0049610068041689576,0.001620342293889857,0.17256871359177678,0.0,0.0,0.0,0.0,3.0,2,0
12.933239660753518,4,0,4,4,2,2,4,2,6,2.7277723445759277,0.0037563062991561066,0.0007050295077561334,0.3418036151001732,0.0,0.0,0.0,1.0,3.0,6,0
107.97037250798775,1,0,2,4,3,3,4,3,5,2.944095621615755,0.003366812219073952,0.0004729015109860707,0.17709830899898588,0.0,0.0,0.0,0.0,3.0,1,0
46.96222761345153,5,1,4,3,2,2,3,2,1,1.785395776863579,0.000520953542020235,0.0002292287343751764,0.42981240615766636,0.0,1.0,0.0,1.0,2.0,0,0
5.415782252494749,2,1,5,3,0,0,3,0,5,4.363628143218008,0.0008026446818591156,0.0,0.13175271263095362,0.0,1.0,1.0,0.0,99.0,4,0
9.81486056461772,1,1,1,6,1,1,6,1,8,3.7146369765797127,0.016885493177869883,0.001460246595452493,0.41096187823897984,0.0,0.0,0.0,0.0,3.0,3,0
54.01230742806084,4,1,5,1,1,1,1,1,9,7.581775127424852,0.0028883620725637317,0.0017092252220667536,0.2376541719521718,0.0,0.0,0.0,0.0,2.0,2,0
5.228349667330865,3,0,1,5,2,2,5,2,3,1.6062856256986728,0.016071036628527664,0.0021124977812124516,0.2321527945026973,0.0,0.0,1.0,0.0,3.0,2,0
12.889211724688957,3,0,1,5,6,6,5,6,3,4.227604651175986,0.0020855293930829304,0.002951039015879362,0.09253421449110534,0.0,0.0,0.0,0.0,3.0,1,0
40.806403076251925,6,0,3,5,2,2,5,2,3,1.8732101947279638,0.0051202641253977116,0.0023777267931815536,0.49185190508515686,1.0,0.0,0.0,0.0,3.0,2,0
57.97918789946657,4,0,4,6,1,1,6,1,3,2.4132877112038766,0.011416447723585466,3.053874671015655e-05,0.1789671810049132,0.0,0.0,0.0,0.0,3.0,2,1
52.49486669608619,9,0,6,2,2,2,2,2,7,3.7111399066446635,0.0030283265267219504,0.0003687602309682505,0.1102643669834299,0.0,0.0,0.0,0.0,3.0,3,0
16.427744028861103,3,0,1,3,1,1,3,1,5,8.672995076097278,0.012806314509821476,0.00017899574552235548,0.025896444000268463,0.0,0.0,1.0,0.0,3.0,3,0
61.04377800043425,2,0,3,6,0,0,6,0,5,1.2286472562123072,0.0008463723461667343,0.0,0.25182027394196554,0.0,0.0,0.0,0.0,99.0,4,1
17.187069157376264,3,0,3,1,2,2,1,2,3,1.3224998102421854,0.01469751438192927,0.0018870960365993405,0.025806992978245603,0.0,0.0,0.0,0.0,1.0,3,0
22.7135709013138,2,0,5,2,12,12,2,12,7,1.8931548701093466,0.014389235127570949,7.286535915983852e-05,0.2331267883787069,0.0,0.0,0.0,0.0,3.0,2,0
66.75608982496058,5,0,8,4,2,2,4,2,7,3.6741067308782465,0.007938201634976069,0.0005739854998855025,0.45229571464090407,0.0,0.0,0.0,0.0,2.0,5,0
52.194821643624564,4,0,1,1,0,0,1,0,2,1.7223990311101938,0.00040049363665071997,0.0,0.25400562748138816,0.0,0.0,0.0,0.0,99.0,1,1
90.13802348585304,3,0,4,2,1,1,2,1,6,1.3647721712735998,0.0005085934602341112,0.001136389846647742,0.03122222763859743,0.0,0.0,0.0,0.0,3.0,0,0
53.23159796763931,5,0,1,3,1,1,3,1,5,4.3991237122451095,0.005473269603918089,0.0012088911288436123,0.13954150154662442,0.0,0.0,0.0,0.0,2.0,7,1
42.801993751426586,3,1,2,0,1,1,0,1,2,2.8775403019319903,0.01174598332503004,0.0011922416807186146,0.03388581256782042,0.0,0.0,0.0,0.0,3.0,1,1
9.426067765178471,1,0,1,3,3,3,3,3,5,6.43164466608688,0.0008054194726520595,0.0005151197681495973,0.44219724368573693,0.0,0.0,0.0,0.0,2.0,0,0
25.6287338243159,3,0,3,2,0,0,2,0,1,4.434332779110728,0.0005979776913557937,0.0,0.1276529764873102,0.0,1.0,0.0,0.0,99.0,2,0
18.8672066536474,7,1,3,0,0,0,0,0,4,4.487054465551536,0.0008722068267931798,0.0,0.04187753718728751,0.0,0.0,1.0,0.0,99.0,2,1
17.58650916480896,3,1,6,2,5,5,2,5,7,2.42252688607172,0.007697549532396803,0.0022236702275352537,0.4826226290674125,0.0,0.0,0.0,0.0,1.0,1,0
167.55392327733165,2,1,2,3,1,1,3,1,5,6.856175744306719,0.0043700808029290975,0.001424472936690517,0.2486984503102859,0.0,0.0,0.0,0.0,3.0,4,0
27.47243736680107,5,0,4,0,2,2,0,2,5,2.0186917560219206,0.00310729452636363,0.00017441017177529863,0.20876238061692706,0.0,0.0,0.0,0.0,1.0,1,0
105.17248450618352,2,0,5,2,6,6,2,6,2,2.9955703605670707,0.0008767837028761787,0.001766089883248517,0.46426877163136504,0.0,1.0,1.0,0.0,2.0,2,0
49.88004735814174,4,0,5,3,0,0,3,0,5,3.838186992210681,0.00026150636875626565,0.0,0.27011051523441687,1.0,0.0,0.0,1.0,99.0,2,0
76.27213637097799,1,0,7,1,5,5,1,5,6,6.321834685306199,0.005212900371781168,0.0023295043264728783,0.14791202315705196,0.0,1.0,0.0,1.0,3.0,5,0
36.42958959749467,3,1,7,6,2,2,6,2,3,1.7362100917042629,0.0010811391144455059,0.0006891228508794151,0.3980654937034006,0.0,0.0,0.0,1.0,3.0,2,0
43.707015618871324,8,0,7,3,0,0,3,0,6,4.56589442785384,0.0006897985410750003,0.0,0.14317388709596934,0.0,0.0,0.0,1.0,99.0,3,1
35.52320450037621,3,0,4,1,1,1,1,1,4,2.2855757627897866,0.007266403457633354,0.0017776401732556445,0.22698516193062374,0.0,0.0,0.0,0.0,1.0,1,1
14.774670289635733,5,0,0,2,7,7,2,7,5,3.061507429746318,0.0008607704293887657,0.0011001031985115562,0.4035538062798362,1.0,0.0,1.0,1.0,3.0,1,0
62.67928113796117,6,0,1,4,7,7,4,7,4,6.223619212303731,6.614485468013145e-05,0.0036319659562611254,0.46640571569334077,0.0,0.0,0.0,0.0,2.0,4,0
19.830981576481832,5,0,3,1,0,0,1,0,9,3.095520229506908,0.0004729919699853157,0.0,0.30689007696605913,0.0,1.0,0.0,1.0,99.0,1,1
6.107741648630988,4,1,2,5,0,0,5,0,11,3.042008895892592,0.00044072664679642995,0.0,0.257357365234102,0.0,0.0,0.0,0.0,99.0,2,1
51.66359538328732,3,1,4,5,5,5,5,5,5,2.0298825855609857,0.005201070108458463,6.390171984027579e-05,0.04732483043323913,0.0,0.0,0.0,1.0,3.0,0,0
13.77201066011702,4,1,7,1,0,0,1,0,4,2.000931377937797,0.0008511625367819839,0.0,0.3123394121716524,0.0,0.0,1.0,1.0,99.0,4,1
131.94874162729866,0,0,7,2,2,2,2,2,5,4.72228431448343,0.0020924671348791567,0.000892909129039602,0.17003230139955916,0.0,0.0,0.0,1.0,2.0,1,0
143.49030857546106,8,0,7,2,5,5,2,5,4,3.842505615337861,0.006839423435961462,1.0231402191611296e-05,0.2621042789550046,0.0,0.0,0.0,1.0,3.0,1,0
115.85794480852286,2,0,2,4,0,0,4,0,6,4.39511007254926,0.00033972935793143713,0.0,0.37485429706338125,0.0,0.0,0.0,0.0,99.0,1,1
25.8029328423815,4,0,5,2,1,1,2,1,4,3.0858451357160677,0.004475884452836436,0.0008582750104644918,0.3236994192277781,0.0,1.0,0.0,1.0,2.0,4,0
5.700979191737497,0,1,9,2,2,2,2,2,5,3.1726214828981965,0.0010160519356990766,0.002884750289444458,0.05749726101920742,0.0,1.0,0.0,0.0,1.0,3,0
123.59855557993504,1,0,1,3,5,5,3,5,5,4.793202833470938,0.003634447765022557,0.0002652880516294813,0.20465016305889447,0.0,1.0,0.0,0.0,1.0,4,0
30.15222246738776,7,1,1,6,2,2,6,2,3,3.8627849759970947,0.00584729230950308,0.0002707676289936597,0.10775214374921856,1.0,0.0,0.0,0.0,3.0,2,0
158.03789072549253,4,0,1,2,2,2,2,2,2,1.278347334634825,0.014318801270706309,0.0031167889086106595,0.08404821399486266,0.0,0.0,1.0,0.0,2.0,1,0
154.11809642585925,5,0,2,3,19,19,3,19,7,7.86076884848943,0.010563720429831372,6.964602701754364e-05,0.11797291170320688,0.0,0.0,0.0,0.0,3.0,1,0
91.28241577307385,1,0,1,3,2,2,3,2,6,2.5496066807468054,0.00158870866998637,0.0009438622755665849,0.4611349975591302,0.0,0.0,0.0,0.0,1.0,0,0
20.69492306774721,5,0,6,3,1,1,3,1,4,5.977008909377034,0.0006710808626936775,0.00086577450345723,0.3591295036540914,0.0,0.0,1.0,0.0,3.0,3,0
26.883136944441212,1,1,2,3,3,3,3,3,4,6.083861841908246,0.006601943394071783,2.4838880774577873e-05,0.45497114299981767,0.0,0.0,0.0,0.0,2.0,3,0
90.71269936151359,2,0,6,4,0,0,4,0,4,4.919909662079403,0.0006839227678563886,0.0,0.25816475241998194,0.0,0.0,0.0,0.0,99.0,0,1
22.15158041438227,1,1,9,1,0,0,1,0,3,5.38555772902466,0.0002661599791726104,0.0,0.010549321092270567,0.0,1.0,0.0,0.0,99.0,2,1
13.357337733308965,4,1,4,2,0,0,2,0,5,9.865325749676384,0.00038912987440373366,0.0,0.026871604267265918,0.0,0.0,1.0,0.0,99.0,0,1
41.61816464271025,3,0,1,0,1,1,0,1,5,1.3259022874201594,0.010117439053682129,0.0004029385471234616,0.08090065923753914,0.0,0.0,0.0,0.0,1.0,3,1
128.80820618631688,1,1,4,2,3,3,2,3,0,4.625767346459059,0.005948204983510789,0.001015876952336723,0.3925525670633115,0.0,0.0,0.0,1.0,2.0,1,0
58.58715189910717,3,0,2,6,1,1,6,1,6,6.019276794710274,0.014124689138328162,0.000314183868483286,0.10881231368005183,0.0,0.0,1.0,1.0,1.0,1,0
42.9850551396045,2,0,7,4,2,2,4,2,5,1.6208888047083256,0.003914773076184362,0.0003509161319967507,0.05978220659497496,0.0,0.0,0.0,0.0,1.0,0,0
9.600268880719529,2,1,5,3,2,2,3,2,9,5.334670606912114,0.008744307480841157,0.00042920601426173585,0.4318865597566954,0.0,0.0,0.0,0.0,2.0,0,0
47.9538821982973,1,2,7,4,8,8,4,8,4,1.9830843905622701,0.004913963881420813,0.00077752909397437,0.1219846921817242,0.0,0.0,1.0,0.0,3.0,2,0
212.47563865308427,3,0,5,2,0,0,2,0,8,2.835253353600851,0.0001362850207920308,0.0,0.25618497396256723,0.0,0.0,0.0,1.0,99.0,1,1
11.791426398901887,2,0,5,0,8,8,0,8,7,3.2073494643809046,0.0067055669195379575,0.0026530518237757057,0.17634102032328947,0.0,0.0,0.0,1.0,1.0,2,0
37.872289624167664,3,0,7,3,4,4,3,4,4,2.4192321949637083,0.011214921306635187,0.0011792495973179508,0.44931083807264854,0.0,0.0,0.0,0.0,2.0,1,0
99.43738870553575,3,0,3,0,0,0,0,0,6,3.4076747285086184,0.0005510450379601971,0.0,0.35532783268222295,0.0,0.0,0.0,0.0,99.0,1,1
65.75154117591515,5,0,3,2,1,1,2,1,9,4.03924302624758,0.03633768971648478,0.0012087614595623344,0.23241987628615948,0.0,0.0,0.0,1.0,3.0,2,0
58.733349138575285,6,1,6,3,0,0,3,0,7,1.7661274941587997,0.0006241925682099407,0.0,0.4328993678796348,0.0,0.0,0.0,0.0,99.0,1,1
59.55294003010204,3,0,3,3,0,0,3,0,1,6.581522620949938,0.0005998637042657588,0.0,0.36609845418784426,0.0,0.0,1.0,0.0,99.0,3,1
25.04715540417271,5,0,6,3,12,12,3,12,7,4.193726215158459,0.002376107688966631,0.0004317340369234396,0.4063494174343778,0.0,0.0,0.0,1.0,3.0,2,0
20.640293792019282,2,0,4,6,1,1,6,1,9,5.981250575509565,0.0015749524340851096,0.003712133299674516,0.48900724915709964,0.0,0.0,0.0,1.0,3.0,0,0
79.58185282668705,2,0,6,2,1,1,2,1,4,3.8569458514242703,0.0011647223524623872,0.0027592408930773513,0.10954438116902854,0.0,0.0,0.0,0.0,1.0,2,0
79.7597689589163,4,0,5,5,2,2,5,2,5,9.310471326318154,0.003724674014612844,0.00016506561783310878,0.1092199030601136,0.0,0.0,0.0,1.0,1.0,2,0
95.80775213155617,3,0,7,6,2,2,6,2,2,6.211816908008453,0.000705671763269873,0.0006604378939616628,0.28268566582311455,0.0,0.0,0.0,0.0,3.0,2,0
115.00771828264864,2,1,5,4,1,1,4,1,5,3.2558690106293815,0.00022152559847046918,0.0010698152305534804,0.2709780893838654,0.0,0.0,0.0,0.0,1.0,3,0
37.224195661980666,1,0,4,3,0,0,3,0,2,2.3559588916366248,0.000428144533834142,0.0,0.43586817544269046,0.0,0.0,0.0,0.0,99.0,2,1
36.32829698980396,5,0,7,3,0,0,3,0,0,2.4038526082929197,0.00039926917286763384,0.0,0.08639747790697984,1.0,0.0,0.0,0.0,99.0,2,0
77.04274695388193,3,1,3,2,2,2,2,2,4,2.4800957319265637,0.0137373428248894,3.195669781865796e-05,0.21827095962155424,0.0,1.0,0.0,0.0,3.0,1,0
52.23735836995101,4,0,2,4,1,1,4,1,5,5.665087775085661,0.0016570253493059434,0.00040512624744119206,0.2686764273311339,0.0,0.0,0.0,0.0,2.0,1,1
59.47477918301826,1,0,4,6,4,4,6,4,5,3.86101246931306,0.0005750110869252925,0.000711871730631794,0.23742777696959896,0.0,0.0,0.0,1.0,2.0,0,0
76.48787637293921,3,0,6,3,2,2,3,2,5,8.844797599158355,0.009679806845664834,0.00027874950770562885,0.042880391431181296,0.0,0.0,0.0,1.0,1.0,1,0
104.32955643560452,4,0,5,3,3,3,3,3,5,3.4105692412174498,0.032677637115481044,0.0007409103078976718,0.08244792873720685,0.0,0.0,1.0,0.0,3.0,3,0
23.56170832119444,2,0,2,2,0,0,2,0,6,3.3057243732157735,0.0009665658038568513,0.0,0.08524672523196482,0.0,0.0,0.0,0.0,99.0,1,1
26.192155492740035,2,0,1,6,0,0,6,0,8,2.66596965542563,0.0006500890029620481,0.0,0.3020552448413442,0.0,0.0,0.0,0.0,99.0,1,1
9.441321763431226,2,1,3,2,3,3,2,3,6,2.57356209580748,0.0012459632284985657,0.0014093850039758448,0.22014232920206245,0.0,0.0,1.0,0.0,3.0,1,0
43.85363119742456,4,1,8,3,8,8,3,8,2,1.5459841429727856,0.011031153641551763,0.0025052349800282468,0.09730442441004826,0.0,0.0,0.0,0.0,2.0,1,0
6.647184689488565,5,0,7,3,3,3,3,3,5,6.760593792786872,0.005870531298519463,0.0004996194961885055,0.3709598994804227,0.0,0.0,0.0,0.0,2.0,0,0
33.19731266819493,2,0,3,1,1,1,1,1,1,1.8269645159735262,0.003193129019561643,0.0006449763211879929,0.4034534311105078,0.0,0.0,0.0,0.0,2.0,2,0
40.203256355920665,2,0,4,1,2,2,1,2,3,2.395393758722185,0.0008730817066093252,0.00022846251789631605,0.11296546283466587,0.0,0.0,0.0,0.0,3.0,2,0
20.19337971415351,4,0,3,2,3,3,2,3,10,3.177845768295458,0.012268631510907077,0.00044168670243601165,0.36415452258085207,0.0,0.0,0.0,1.0,3.0,1,0
45.21346385657789,0,0,0,1,3,3,1,3,3,1.580578174446663,0.0010004751459371857,0.004315586696822817,0.0411712455568227,0.0,0.0,0.0,0.0,2.0,3,0
6.393877794566355,3,0,4,5,4,4,5,4,6,2.802979000767945,0.005757793334780032,0.0018338118097266571,0.4294102640743431,0.0,0.0,0.0,0.0,3.0,1,0
6.712857467725522,0,0,5,0,1,1,0,1,3,2.032116966714513,0.0119007311075821,0.0006022814907938081,0.4817352605881814,0.0,0.0,0.0,1.0,1.0,3,0
82.82081162921612,2,1,5,3,4,4,3,4,3,3.400194429685608,0.006937732101807111,0.0002580501433940267,0.08637573938093474,0.0,0.0,0.0,1.0,3.0,2,0
25.096326089348512,2,0,3,5,5,5,5,5,6,11.572540867613645,0.013257883115345794,0.0019752765109490814,0.39521837758705564,0.0,0.0,0.0,0.0,3.0,1,0
11.115006858384259,1,1,2,2,0,0,2,0,5,3.0363031633440682,0.0005855948063994081,0.0,0.05767696713359188,0.0,0.0,0.0,0.0,99.0,3,1
38.2394114725557,4,1,4,3,0,0,3,0,5,4.32234107917471,0.0006803550723229458,0.0,0.4810132224753303,0.0,0.0,0.0,0.0,99.0,1,1
71.13415732005808,5,0,7,4,0,0,4,0,3,5.631506245860774,0.00017431017482937548,0.0,0.23151509358575745,0.0,0.0,0.0,0.0,99.0,2,1
15.940310154345651,1,1,0,3,0,0,3,0,4,2.5108464224132683,0.0006504670855822358,0.0,0.2722860079532436,0.0,0.0,0.0,0.0,99.0,2,1
48.88488283954218,4,1,8,2,1,1,2,1,4,1.3336667460589002,0.003402281346686466,0.00038307236737396993,0.3843091187969192,0.0,1.0,0.0,0.0,1.0,4,0
9.014496304545379,0,0,3,4,5,5,4,5,7,1.8256397053425326,0.010735583742732759,0.002745755944366138,0.13190360639050322,0.0,0.0,0.0,0.0,3.0,2,0
7.387929315963923,6,0,6,1,1,1,1,1,3,3.863704504398884,0.0015436085156894134,0.001569134230581564,0.205441924872987,0.0,0.0,1.0,0.0,2.0,2,0
39.105902328148446,5,0,2,1,4,4,1,4,2,1.6298715259192424,0.002491765103521982,0.0011461792170794109,0.04430571706668552,0.0,0.0,0.0,1.0,1.0,3,0
40.0059699212634,1,1,1,4,0,0,4,0,4,3.588075703314182,0.0009721373565456717,0.0,0.31116405681444087,0.0,1.0,1.0,0.0,99.0,2,0
50.654185169207715,5,0,4,2,0,0,2,0,4,3.9772437782327223,0.0005289618126885609,0.0,0.40167232816323417,0.0,0.0,0.0,0.0,99.0,2,1
63.27322533125079,1,0,5,4,1,1,4,1,4,1.964492677275557,0.00020758995264431686,0.00035140904188612376,0.42740197232173477,1.0,0.0,1.0,0.0,1.0,2,0
172.56006539149968,4,0,0,2,2,2,2,2,2,3.7517181516131424,7.573488038509142e-05,0.0003392409878109199,0.27281215759926825,0.0,0.0,0.0,0.0,1.0,1,0
37.68310036536603,2,0,4,1,1,1,1,1,6,2.7540466064366163,0.016253214063405054,0.0010425417090613003,0.3852447359021589,0.0,0.0,0.0,0.0,2.0,0,0
22.550887134769045,1,0,4,3,1,1,3,1,7,4.45971399974092,0.00024097357451623465,0.0029845815460422483,0.08345414121708127,0.0,1.0,0.0,0.0,3.0,1,0
76.35442908797089,3,1,2,2,5,5,2,5,7,5.0335036165158575,0.006912654540800205,0.00016772864387548837,0.3742723553910311,0.0,0.0,1.0,0.0,3.0,2,0
19.213315944626178,3,0,4,2,5,5,2,5,4,2.4799411005697136,0.0034516081457614703,0.000969806419875767,0.012224121417901914,0.0,0.0,0.0,0.0,2.0,1,0
31.00925440729856,6,1,3,4,0,0,4,0,4,9.55405071737914,0.0009226443431438708,0.0,0.10547419628273458,0.0,1.0,0.0,0.0,99.0,2,1
8.676732586265146,0,1,2,6,6,6,6,6,4,1.591847606130067,0.002211247852109985,8.354750614171683e-05,0.3209724169740906,0.0,0.0,0.0,1.0,2.0,1,0
6.1554924293663476,3,0,3,4,2,2,4,2,5,2.094127410607666,0.0035928595480283956,0.0020270550058314268,0.16706460518972902,0.0,1.0,0.0,0.0,3.0,2,0
152.9320965470871,5,0,4,3,6,6,3,6,7,2.451038565353154,0.002414422612555588,0.0005149711264186373,0.21119866899492312,0.0,0.0,0.0,0.0,2.0,3,0
86.34954389517782,1,1,7,3,0,0,3,0,6,4.451113833348634,0.00010438331053040982,0.0,0.41477276642242117,0.0,0.0,0.0,0.0,99.0,2,1
58.57892297597037,3,1,5,3,0,0,3,0,3,1.6249284003801436,0.000881806341034858,0.0,0.28983724145623624,0.0,0.0,0.0,0.0,99.0,3,1
28.663684000931386,4,0,7,1,4,4,1,4,8,7.325082093180312,0.007802319385710345,0.003697376482825219,0.20549252192024808,0.0,0.0,0.0,0.0,2.0,4,0
13.563794126394892,2,0,4,0,0,0,0,0,4,2.606894905095066,0.00019711013699790642,0.0,0.23822381116416558,0.0,0.0,0.0,0.0,99.0,1,1
12.655433370778436,3,0,4,2,5,5,2,5,4,2.9331582714774265,0.0045463393618912626,0.0008580297402117492,0.4257311882996119,0.0,1.0,0.0,0.0,3.0,2,0
17.960269510696264,7,1,6,1,2,2,1,2,1,2.041565991898589,0.020205867108718134,0.00045956145099750593,0.24793982429311454,0.0,0.0,0.0,1.0,1.0,3,0
40.855579174099155,1,1,4,3,1,1,3,1,3,4.159265163822897,0.005067423772652608,0.00018793567433832153,0.4389212158609781,0.0,0.0,0.0,1.0,2.0,0,1
61.42321794995491,3,0,6,1,1,1,1,1,5,5.193223989559161,0.007920766234204164,0.0002723992581548297,0.13107867616088745,0.0,0.0,0.0,0.0,2.0,1,1
53.57256573635593,3,1,2,6,1,1,6,1,6,2.9340586357045138,0.019166851170755866,0.000962350584932039,0.2715410593182944,0.0,0.0,0.0,0.0,1.0,4,0
19.77855176250482,1,0,5,2,0,0,2,0,7,7.012699151624105,0.0007239560478782705,0.0,0.19082495760526108,0.0,0.0,0.0,0.0,99.0,0,1
144.4146574350338,1,1,3,3,0,0,3,0,5,2.867280493488246,0.0007713341386130657,0.0,0.29973596459922447,0.0,0.0,0.0,0.0,99.0,2,1
65.2557832193852,2,0,2,3,2,2,3,2,8,3.1292638490838245,0.031277876337221365,0.002134100183447746,0.29200016653291166,0.0,0.0,0.0,0.0,2.0,1,0
41.370371686909905,2,0,3,0,1,1,0,1,3,2.6976116675367052,0.009510838694238426,0.001274929157460223,0.2899416086401156,0.0,1.0,0.0,1.0,3.0,0,0
47.57137124168458,6,0,4,3,1,1,3,1,5,4.565182531606008,0.025326076779554913,0.0006289038257343404,0.26860881789170965,0.0,1.0,0.0,0.0,2.0,3,0
29.48170394894231,1,0,1,3,5,5,3,5,2,3.6341817482081034,0.007877553782808445,0.0030084771115108846,0.2326716567451407,0.0,0.0,0.0,0.0,3.0,0,0
17.809758152332858,3,0,5,2,1,1,2,1,5,2.585242556533029,0.0031469914077078527,0.0011026313482735489,0.4560827482293176,0.0,0.0,0.0,0.0,3.0,2,1
24.80063581954006,3,0,6,3,8,8,3,8,2,3.7412575229394167,0.010250359714490715,0.0027723538807714852,0.14129710916386207,0.0,0.0,0.0,0.0,1.0,5,0
68.81818314905209,4,0,1,1,4,4,1,4,6,4.6972118984592655,0.0035570017685222777,0.004082939047643596,0.22263733555657855,0.0,0.0,1.0,0.0,2.0,1,0
5.652413587436192,2,0,2,3,0,0,3,0,7,4.101428315583263,0.0007342251768290295,0.0,0.11349195612836964,0.0,0.0,0.0,1.0,99.0,5,1
10.552117650798923,3,0,2,3,3,3,3,3,3,2.5195452424563665,0.007434440509489024,9.18914085238881e-05,0.17280451483411793,0.0,0.0,0.0,0.0,2.0,1,0
7.119246962863423,4,1,5,7,4,4,7,4,4,3.964751255364174,0.007416885451042601,0.0005971181384291429,0.1320014807545302,0.0,0.0,0.0,0.0,3.0,3,0
6.8711653362781595,2,1,4,0,3,3,0,3,5,2.2191836696236082,0.0007019609375383777,0.0006531279005627541,0.33816235471893263,0.0,0.0,0.0,0.0,2.0,4,0
92.03913651270463,3,0,4,6,5,5,6,5,6,2.9355494812207343,0.01148632770198993,0.002386384763518216,0.3567302939239769,0.0,0.0,0.0,1.0,1.0,2,0
59.73082752653097,2,0,5,4,6,6,4,6,6,2.301185457773366,0.005572127095602801,0.001123985023254176,0.14560060284923532,0.0,0.0,1.0,0.0,1.0,0,0
33.925306748580155,4,0,6,4,3,3,4,3,5,3.4168208784894447,0.0003679323469749456,0.0008771982118655996,0.49197041725793966,0.0,0.0,0.0,0.0,3.0,0,0
9.633061330151596,1,1,5,3,3,3,3,3,4,4.82925589706616,0.0004187764012459367,0.0016450670477851526,0.14927065396032596,0.0,0.0,0.0,0.0,3.0,2,0
35.4433084608755,3,1,4,7,0,0,7,0,7,8.895060742925,0.0002634107647216411,0.0,0.4159128323509525,0.0,0.0,0.0,0.0,99.0,4,1
33.865264944246704,5,0,2,3,8,8,3,8,6,6.881834567184703,0.001615421839001911,0.00044046799963273254,0.15337357928264722,1.0,0.0,0.0,0.0,3.0,2,0
13.558762076010124,2,1,6,2,4,4,2,4,4,9.527140299718198,0.005105278863203482,0.00016512712383427751,0.2124645443954841,0.0,0.0,1.0,1.0,3.0,3,0
30.60046090860457,4,1,2,6,1,1,6,1,5,5.7010397664540875,0.000918574019401164,0.00033499659591048204,0.33571211095298753,0.0,0.0,0.0,0.0,1.0,3,1
27.87514765624431,2,1,4,2,0,0,2,0,7,7.393489155567974,0.0003303907736433951,0.0,0.2832566447300984,0.0,0.0,1.0,0.0,99.0,1,1
48.05250948109105,1,0,4,2,6,6,2,6,3,1.0630278335573473,0.026969774098148803,0.003195457481436462,0.25803894974392105,0.0,0.0,0.0,1.0,1.0,1,0
50.365154121841044,3,0,9,5,1,1,5,1,4,11.319056973872408,0.0058008712150903335,0.000768565813055638,0.3991673885102949,0.0,0.0,0.0,1.0,1.0,1,1
7.086304580924063,4,0,3,2,1,1,2,1,3,3.303335133329985,0.010302065905660202,0.0005203423266057879,0.3567832087505964,0.0,0.0,0.0,0.0,1.0,2,1
26.12228020947777,7,0,4,1,1,1,1,1,6,11.400350258380778,0.0016236417863814804,0.00019298335700779223,0.45794174373819896,0.0,0.0,1.0,1.0,3.0,5,0
49.24062476522278,4,0,6,5,3,3,5,3,8,8.576085028702222,0.006023495471024387,0.0008272733766100268,0.1231150706745817,0.0,0.0,0.0,0.0,2.0,2,0
36.47477536735054,6,0,1,0,0,0,0,0,2,3.819119070195699,0.0004939392494305726,0.0,0.017995932034930804,0.0,0.0,0.0,0.0,99.0,3,1
92.36072539289474,4,0,6,3,0,0,3,0,8,1.3254892600137174,0.00015710226510306228,0.0,0.499930650289725,0.0,0.0,0.0,0.0,99.0,3,1
53.3738643824749,1,0,5,1,1,1,1,1,1,5.770382431395799,0.008730948679460837,0.0005064416521844017,0.1488731487226656,0.0,0.0,0.0,1.0,3.0,1,1
13.00337909452883,1,0,6,3,5,5,3,5,7,1.0985207888861799,0.008726029745027763,0.000491827272949594,0.03104390087833791,0.0,0.0,0.0,0.0,1.0,0,0
8.293209631530837,7,0,4,3,8,8,3,8,9,5.1715104989216245,0.0031528988548972293,9.222411549128622e-05,0.13120095860901282,1.0,0.0,0.0,0.0,3.0,3,0
51.2777366199001,4,1,3,3,0,0,3,0,8,1.5535516170188064,0.0009499254393984897,0.0,0.3377023503110749,0.0,0.0,0.0,0.0,99.0,4,1
6.20910827003275,3,1,4,2,1,1,2,1,3,3.6548661520958987,0.0005612696894074625,0.0001819731202571762,0.29817443405068217,0.0,0.0,0.0,0.0,3.0,1,0
44.66063200132808,3,0,6,5,3,3,5,3,3,5.610586452152544,0.0032816145237793653,0.0003419662523965735,0.11128720295941344,1.0,1.0,0.0,0.0,3.0,0,0
131.77649549242182,3,0,3,6,5,5,6,5,5,4.899779658705818,0.001467273325118238,0.001261624788161637,0.10124914618170817,0.0,0.0,0.0,0.0,3.0,0,0
43.5552100509895,3,0,3,5,5,5,5,5,8,5.1840878522032705,0.010941706156321033,0.00019220630543405088,0.22772772244263345,0.0,0.0,0.0,0.0,2.0,4,0
27.108531150075827,1,0,6,2,4,4,2,4,6,5.18676888811228,0.001354511748159897,0.001321288806952715,0.016617863017009207,0.0,0.0,0.0,0.0,3.0,4,0
51.387222103024186,1,1,4,2,7,7,2,7,5,5.881533103295997,0.00020792744738597256,0.0006554051043541497,0.011165642311095967,0.0,0.0,0.0,0.0,3.0,2,0
32.5830188322991,3,0,1,7,1,1,7,1,14,2.577515500911632,0.01647855345053597,0.001126056044899887,0.31225606875538736,1.0,0.0,0.0,0.0,3.0,1,0
40.496646225934406,0,0,5,3,0,0,3,0,5,6.761224708009809,0.0007593625793113768,0.0,0.16938990032916706,0.0,0.0,0.0,0.0,99.0,4,1
132.71572158048497,3,1,1,4,3,3,4,3,2,2.1342385970793813,0.007947567766625927,0.002071335219526104,0.02171863576580589,0.0,0.0,1.0,0.0,3.0,1,0
26.95673873075842,3,0,4,2,0,0,2,0,8,6.722949818290636,0.000604541449757174,0.0,0.23530584488008735,0.0,0.0,0.0,0.0,99.0,6,1
151.20913376780393,0,0,5,2,3,3,2,3,4,4.916363190489873,0.0002199002946507497,0.000546650342813654,0.46842265343028117,1.0,0.0,0.0,0.0,1.0,5,0
111.09092826964637,2,0,6,2,10,10,2,10,4,3.8838226848249975,0.002921108390172034,0.0010652361984533859,0.13490837714202136,0.0,0.0,0.0,0.0,3.0,1,0
14.80533174232025,1,0,1,7,5,5,7,5,4,2.505368951913466,0.018445118135741286,0.00010474606022003316,0.13302104233466333,1.0,0.0,1.0,0.0,1.0,1,0
8.234786988642066,2,0,4,0,0,0,0,0,6,1.7413384355866732,0.00043886693444892096,0.0,0.23931251499313677,0.0,1.0,0.0,0.0,99.0,4,1
9.78014009667336,4,0,4,8,1,1,8,1,3,2.4436146640173835,0.0023687242963740937,0.001205575567231299,0.08274580234599559,0.0,0.0,1.0,0.0,3.0,3,0
5.827544953125517,4,0,5,5,1,1,5,1,6,2.500062493384047,0.00330941836459968,0.0010073086696248494,0.3225902697400131,1.0,0.0,0.0,0.0,3.0,2,0
9.464225524508937,1,1,3,4,5,5,4,5,3,5.725649971657239,0.0034426593906479192,0.001436660472996975,0.4212352877728026,0.0,1.0,0.0,0.0,2.0,3,0
56.69936926597252,3,0,2,6,1,1,6,1,6,1.8108824047268255,0.001243119702402865,0.0005991564507667329,0.10531748151207976,0.0,0.0,0.0,1.0,2.0,0,1
8.323233212589216,3,1,5,2,0,0,2,0,3,4.162699505401587,0.00020855203699533012,0.0,0.3327792421015355,0.0,0.0,0.0,1.0,99.0,2,1
22.287073473269082,2,0,7,5,7,7,5,7,6,4.5648429610011085,0.0008421317295598712,0.003217523960002228,0.445122261909927,0.0,0.0,0.0,1.0,2.0,2,0
88.85867180437747,2,0,3,3,0,0,3,0,4,1.872995290205366,0.00018004920574658331,0.0,0.45250847580886494,0.0,0.0,0.0,1.0,99.0,0,1
6.059615143132018,3,0,5,2,0,0,2,0,7,5.618427477017569,0.00013253503775578093,0.0,0.2809129670104564,0.0,0.0,0.0,0.0,99.0,4,1
80.80387277836813,2,0,3,6,5,5,6,5,5,4.294419576494833,0.008978435339504107,0.002335767323369484,0.08462401998190026,0.0,0.0,0.0,0.0,2.0,4,0
19.898756007783327,3,0,1,5,0,0,5,0,10,6.905650925414924,0.0004507751675552453,0.0,0.3329940994084272,0.0,0.0,0.0,0.0,99.0,1,1
10.658755392309843,2,0,11,5,1,1,5,1,7,6.113953363021801,0.00044909586938929276,0.0015096395481711217,0.37005877180497854,0.0,0.0,0.0,0.0,2.0,2,0
58.6919933797961,1,1,4,3,3,3,3,3,2,4.219521491804625,0.000832572584622656,0.0017679024092982004,0.3796138150903158,0.0,0.0,0.0,0.0,3.0,2,0
49.61296293949491,0,0,6,3,5,5,3,5,5,2.3459592419543833,0.0024872517452758872,0.0014729175210570315,0.4678261295334046,0.0,0.0,0.0,0.0,2.0,2,0
99.4737116339126,3,0,3,3,1,1,3,1,6,2.3572432192375095,0.004281303407186889,0.0013879193785702848,0.3114842327102691,0.0,0.0,0.0,1.0,1.0,1,1
64.77321104439801,4,1,4,4,2,2,4,2,4,1.874423599945883,0.004642313207774728,0.000218867570267009,0.23839497906904966,0.0,0.0,0.0,1.0,2.0,2,0
78.21481126972901,4,0,8,3,1,1,3,1,5,2.083980538374492,0.0064773534035025455,0.00016073581501977103,0.25624996849341064,0.0,0.0,0.0,0.0,2.0,1,0
19.910023803803234,3,0,5,2,0,0,2,0,6,4.641688787588733,0.0001853469228192208,0.0,0.1675556167487707,0.0,0.0,0.0,0.0,99.0,0,1
13.789998321820114,3,1,2,2,4,4,2,4,8,3.767196777783316,0.0038729528408330974,0.0002249350541004767,0.03806033029811536,0.0,0.0,0.0,0.0,2.0,0,0
67.49403782024412,6,0,7,1,2,2,1,2,7,1.6219073283183156,0.0022562143188451637,0.00031834092818475417,0.36155832440923663,1.0,0.0,0.0,0.0,1.0,3,0
78.98941324595388,4,0,4,1,1,1,1,1,4,4.756428810878381,0.00028814124606631284,0.0009054692327073975,0.01972635992549704,0.0,0.0,0.0,1.0,3.0,1,1
214.56522005631038,4,0,1,3,3,3,3,3,6,6.242960905055983,0.004319362780131469,0.0007411718397447787,0.04141547687914764,1.0,1.0,0.0,0.0,1.0,2,0
28.943570936867225,5,0,10,5,3,3,5,3,4,6.462628644683019,0.0007621603992262178,0.0009207030840681686,0.17372225442627265,0.0,0.0,0.0,0.0,1.0,2,0
25.93597603827797,1,0,5,2,5,5,2,5,5,1.5331211827947615,0.005132572659141882,0.0010954240200323725,0.4662216172550383,0.0,0.0,0.0,0.0,3.0,3,0
72.40795265046141,4,0,2,3,1,1,3,1,10,6.189154022292198,0.004490431490893932,3.15353960184061e-05,0.24673563658180442,0.0,0.0,0.0,0.0,1.0,3,0
23.75301519188389,2,1,3,5,12,12,5,12,3,4.710083579692388,0.0024982226491134644,0.0020268700367443624,0.1154375531092949,0.0,0.0,0.0,1.0,1.0,1,0
125.15620659796969,4,1,2,2,0,0,2,0,3,2.8448119523812747,0.0003210981987531787,0.0,0.4495540282523915,0.0,0.0,0.0,0.0,99.0,1,1
92.96776207248121,5,0,2,2,1,1,2,1,6,8.223840061091186,0.0003137547270610991,0.0007285387081319037,0.29012850342206836,0.0,0.0,0.0,0.0,3.0,5,0
30.216002424897184,2,0,2,3,2,2,3,2,4,2.412853946153434,0.002266948555437182,0.0010984963702342842,0.191208329848776,0.0,0.0,0.0,0.0,3.0,4,0
67.54031224229576,4,1,5,3,3,3,3,3,6,1.0564334884557594,0.002298942361235415,0.0017674769514360285,0.36070376867500153,0.0,0.0,0.0,0.0,1.0,2,0
68.20848440847577,1,0,5,1,8,8,1,8,6,2.911359013700891,0.013731091915769864,6.174671561826842e-05,0.226149579944876,1.0,0.0,0.0,0.0,3.0,1,0
9.89768834630231,2,0,7,5,4,4,5,4,8,2.598537783709962,0.007295397461816825,0.0010608563265543725,0.36768952580756675,0.0,0.0,0.0,0.0,3.0,2,0
109.78005563904344,4,0,5,5,3,3,5,3,7,4.4863202073145025,0.00021321931880548657,0.00018178570406315067,0.11700452221637565,0.0,0.0,0.0,1.0,3.0,2,0
36.666837039053945,1,1,4,1,1,1,1,1,3,4.977959828246736,0.010112130840600387,0.0013146458537856235,0.08358938882409267,0.0,0.0,0.0,0.0,3.0,1,1
83.80996508854986,1,0,5,4,1,1,4,1,5,5.116264993790049,0.0036801016541610047,0.000363890085149637,0.23585918479696705,0.0,0.0,0.0,0.0,3.0,2,1
22.358094177402872,0,2,3,5,2,2,5,2,3,3.715051984773085,0.004072257525792231,0.00048544065687669064,0.1666025618920674,0.0,0.0,0.0,0.0,2.0,2,0
106.64557315456668,3,0,4,3,4,4,3,4,7,3.8358327818626146,0.0007132540380832919,0.0004769219412844,0.30652493225128774,0.0,0.0,0.0,0.0,1.0,3,0
27.184480432707705,3,0,4,1,4,4,1,4,3,7.984912949208622,0.0005700938540203695,0.005514569801174711,0.39650845911480337,0.0,0.0,0.0,1.0,3.0,4,0
5.490356297682896,4,0,6,5,1,1,5,1,4,1.4031103305973964,0.0016640675288603927,0.00044084699128748504,0.451737125021137,1.0,0.0,0.0,0.0,1.0,2,0
111.10582836331042,2,0,2,5,1,1,5,1,6,5.247920854506747,0.007444918378983992,0.0005413459392136245,0.3826585952039814,0.0,0.0,0.0,0.0,3.0,1,1
9.307652474681387,3,1,4,4,2,2,4,2,6,4.011554061881416,0.0032751313201829883,0.001703345550714832,0.1774571608692019,0.0,1.0,0.0,1.0,3.0,4,0
22.30941350232675,6,2,4,3,0,0,3,0,8,2.8995828188313366,0.0003368796067704089,0.0,0.3664092303786728,0.0,0.0,0.0,0.0,99.0,2,1
139.86375724347286,2,0,4,3,3,3,3,3,7,3.3970926388175013,0.0018775073144306682,0.00017695858527860345,0.2696442392541249,0.0,0.0,0.0,0.0,2.0,2,0
140.35772930467954,2,2,5,3,0,0,3,0,4,4.055282325088536,0.0004240933141597233,0.0,0.4539795064263983,0.0,0.0,0.0,0.0,99.0,2,1
43.33987809748687,2,1,2,2,0,0,2,0,4,2.189018631419781,0.0004531279021180246,0.0,0.3563716586783097,0.0,0.0,0.0,0.0,99.0,1,1
49.965353617573605,4,0,6,2,0,0,2,0,4,4.6513865687259734,0.0007713433451390357,0.0,0.0836162936637223,0.0,0.0,0.0,1.0,99.0,0,1
31.775659863028594,1,0,3,4,2,2,4,2,6,4.935350680937978,0.001209363997383548,0.001971111885926083,0.0482668161876395,0.0,0.0,0.0,0.0,2.0,3,0
20.616025043578865,4,0,3,1,0,0,1,0,7,5.184653751404929,0.0002500466706688686,0.0,0.27648066303551605,0.0,0.0,0.0,1.0,99.0,2,1
22.931885054767537,3,0,1,2,0,0,2,0,8,7.0464190584183175,0.0003492028978799921,0.0,0.18887064358527883,0.0,0.0,0.0,1.0,99.0,0,1
55.234561096782784,3,0,3,3,2,2,3,2,3,2.088328356315275,0.0036027186184763994,0.0013969110589457916,0.09236748978226143,0.0,1.0,0.0,1.0,1.0,1,0
67.81270431483847,5,0,3,0,1,1,0,1,4,2.5103575426706914,0.004718967559225073,0.0005345557302577319,0.40085058738805174,0.0,0.0,0.0,1.0,2.0,1,1
75.5687937299517,3,0,3,2,0,0,2,0,1,1.7793344030720841,0.0005210084015086607,0.0,0.19395701226537382,1.0,0.0,0.0,0.0,99.0,1,0
75.14739643319338,1,1,5,2,4,4,2,4,5,4.094985230414931,0.0036438099200390103,0.00122227195201526,0.052147284724703875,0.0,0.0,0.0,0.0,1.0,0,0
9.303662594314375,1,1,5,2,1,1,2,1,5,3.111467024147425,0.010032233450910815,0.0013007921183935186,0.13851055613767904,0.0,1.0,1.0,0.0,1.0,1,0
35.69223184580102,3,0,9,4,0,0,4,0,5,6.186458215352163,0.000464718629832035,0.0,0.3416731473962902,1.0,1.0,0.0,1.0,99.0,0,0
7.667676790193201,5,0,6,3,5,5,3,5,1,8.317382748301016,1.4677344931860362e-05,0.0013730557717789617,0.3274900972149674,1.0,0.0,0.0,1.0,3.0,2,0
40.88575920629268,4,0,3,1,2,2,1,2,7,7.6457854310115145,0.009868087705590443,0.003173331843376141,0.1386076404034792,1.0,0.0,0.0,0.0,1.0,1,0
31.21498737442776,2,0,6,5,3,3,5,3,3,4.110937509055976,0.003294571625251869,0.001043767722883309,0.17719082503621672,0.0,0.0,0.0,0.0,2.0,4,0
103.39783988993605,7,0,4,4,4,4,4,4,6,10.866702585418908,0.0012027691972544066,0.00040627701771091046,0.03441416230262829,0.0,0.0,0.0,0.0,1.0,0,0
24.44862287605483,0,0,3,5,0,0,5,0,4,4.615821933718417,0.0006108125381666153,0.0,0.47709926887207693,1.0,0.0,0.0,0.0,99.0,1,0
10.602768989860289,4,0,4,3,1,1,3,1,3,2.2224108314533497,0.0032332684336573766,0.002010505632999473,0.17030687486804943,0.0,0.0,1.0,0.0,3.0,3,0
11.943844454395371,2,0,10,3,0,0,3,0,9,2.181511604039553,0.0007515730389727073,0.0,0.4654110944010849,0.0,0.0,1.0,0.0,99.0,3,1
69.50437461855923,3,0,3,2,1,1,2,1,4,4.387848135438041,0.009337685206066221,0.00016996951742458296,0.40880136800446204,1.0,0.0,0.0,0.0,1.0,1,0
48.330755588661575,1,0,4,2,4,4,2,4,8,5.222994595399073,0.0008578523995625741,0.0019474062371916297,0.17423841184236513,0.0,0.0,0.0,0.0,3.0,2,0
9.797392051042344,3,1,3,3,2,2,3,2,6,2.251308761172627,0.003278355360069761,0.0013673248422839124,0.3501323337682305,1.0,0.0,0.0,1.0,3.0,1,0
8.953498475087228,1,2,7,1,3,3,1,3,2,3.257888683932594,0.009710574167087815,0.00011809026923342119,0.24207643223438624,0.0,1.0,0.0,1.0,2.0,1,0
59.32438122438949,3,0,4,2,0,0,2,0,9,1.307906270170985,0.00088834764924946,0.0,0.4885590609023018,0.0,0.0,0.0,0.0,99.0,2,1
8.399574028660872,6,0,5,7,2,2,7,2,4,1.4083993672056025,0.004563182530261687,0.0002843119926349455,0.3228588296579107,0.0,0.0,0.0,0.0,1.0,3,0
82.63336342138616,3,0,4,2,0,0,2,0,6,2.0127607282829603,0.00045203943057667403,0.0,0.2643464206032125,0.0,0.0,0.0,0.0,99.0,6,1
60.124988890850226,2,0,3,3,2,2,3,2,8,3.219981654283322,0.008367678325486917,0.0012576646087438367,0.3226052592901008,0.0,0.0,0.0,0.0,1.0,3,0
8.818193776114043,1,0,1,3,2,2,3,2,9,4.100238397796758,0.002743833158187286,0.0033771296485905484,0.11792235688746094,1.0,1.0,0.0,0.0,2.0,3,0
8.9894240500013,4,0,4,4,2,2,4,2,5,2.9321872300412912,0.00042993868827178173,0.001559096971961471,0.16013104708637874,0.0,0.0,0.0,0.0,3.0,5,0
199.19563529261416,4,1,1,3,10,10,3,10,7,2.5140749561458824,0.012025811373669298,0.0004934411544580259,0.359220893577324,0.0,0.0,0.0,1.0,3.0,3,0
26.097691214853032,3,0,3,3,5,5,3,5,6,4.628406655482344,0.004335687653050672,0.0016977638961092362,0.05102218276338553,0.0,0.0,0.0,0.0,3.0,3,0
25.837486721389062,1,1,8,5,1,1,5,1,5,3.7842967020234637,0.017198909917601486,0.0014450225497743723,0.15826889837392646,0.0,1.0,0.0,0.0,2.0,3,0
80.40089314772047,4,0,3,1,9,9,1,9,6,3.384571800897815,0.005249259738525133,0.0006377392266732699,0.3135877810652227,0.0,0.0,0.0,0.0,2.0,2,0
137.39740420834596,2,0,6,2,5,5,2,5,6,1.9101950758254516,0.00039129872975283714,0.0008184657965984304,0.4978912418942294,0.0,0.0,0.0,1.0,3.0,1,0
197.09482728208928,4,0,5,2,1,1,2,1,6,3.4907819586609303,0.001108956840295402,0.0007426114448964116,0.4635769943528546,0.0,1.0,0.0,0.0,2.0,2,0
67.99546535523538,1,0,7,4,1,1,4,1,6,2.664479322053067,0.015372977518149282,0.0006291658076659411,0.41778880673723234,0.0,0.0,0.0,0.0,2.0,4,1
26.240944982860654,5,0,3,1,0,0,1,0,5,1.522208211984821,0.000841912647323431,0.0,0.25540224743615086,0.0,0.0,0.0,0.0,99.0,2,1
8.923729716408076,3,0,3,2,3,3,2,3,6,4.658914036122668,0.006600656892350905,0.0011629114660143811,0.4043246634005931,0.0,0.0,0.0,0.0,3.0,4,0
72.55591432045816,1,0,9,1,3,3,1,3,3,6.0733292134978445,0.0032328616060748622,1.6895378714430774e-05,0.28387463738571644,1.0,0.0,0.0,0.0,2.0,4,0
41.78121834026718,2,0,3,3,1,1,3,1,2,2.581387365604101,0.008648271604042015,0.00014299158546774845,0.2346447500189604,0.0,1.0,0.0,0.0,1.0,4,0
29.84149063872382,1,0,5,2,2,2,2,2,11,3.4836849522131352,0.017004091524489257,0.0013460116870832718,0.11952656985035194,0.0,0.0,0.0,0.0,2.0,2,0
111.57069539651407,5,1,5,1,1,1,1,1,8,2.0651660974191723,4.688237333594591e-05,0.001905066158430852,0.4759558527007384,0.0,0.0,0.0,0.0,1.0,3,1
10.304609358734611,1,0,10,4,0,0,4,0,8,2.2589855931816003,0.00026425417538571236,0.0,0.3031188973286451,0.0,0.0,0.0,0.0,99.0,1,1
35.532729921782945,3,0,5,4,0,0,4,0,1,3.375528260673745,0.0006746806330335542,0.0,0.34092558139297285,0.0,1.0,1.0,1.0,99.0,1,0
5.513836524464375,2,0,8,1,2,2,1,2,7,5.77107791955671,0.004005526810228161,0.000126996608146608,0.07912811723133492,0.0,1.0,0.0,1.0,2.0,4,0
33.45594663123168,3,1,10,0,3,3,0,3,6,4.725986571961198,4.9148171904023905e-05,0.002136378336381815,0.2211170028379516,0.0,0.0,1.0,0.0,2.0,3,0
7.60776939796666,2,0,2,1,9,9,1,9,3,3.4488565718872017,0.0019146945327261557,0.0016295016391194362,0.4826847780571748,0.0,0.0,0.0,0.0,1.0,0,0
10.692094816902705,5,0,1,2,0,0,2,0,9,2.5700810832127354,0.00024734668874603846,0.0,0.381258079432328,0.0,0.0,0.0,0.0,99.0,1,1
10.626180440335531,4,0,7,2,1,1,2,1,7,2.155631770670669,0.0022641056736298583,0.0031141026700983216,0.4425789867655676,0.0,0.0,0.0,1.0,3.0,1,1
52.14057738831372,5,0,2,3,1,1,3,1,5,2.228253075602563,0.0020142917552157798,0.0018291877286600513,0.2039811683498808,0.0,0.0,0.0,0.0,2.0,1,1
66.67689729184127,2,0,2,3,0,0,3,0,4,1.9786726680357871,0.0005667030323361365,0.0,0.04257195842491083,0.0,0.0,1.0,0.0,99.0,2,1
44.399919974129084,3,1,3,4,4,4,4,4,6,6.865129100339852,0.008731309506299856,0.0010478040272837508,0.1822247574522447,0.0,0.0,0.0,0.0,2.0,0,0
152.36240940960695,2,1,3,3,3,3,3,3,6,1.8523199761040767,0.015120131662791098,0.0022616526239954506,0.1942372713398383,0.0,1.0,0.0,0.0,3.0,0,0
26.140846006412023,1,0,4,2,0,0,2,0,1,3.645617748170146,0.0003588792586174082,0.0,0.15755035677166787,0.0,1.0,0.0,0.0,99.0,3,1
20.141112083925144,3,0,2,2,0,0,2,0,7,8.346016101952888,0.00011233873710125733,0.0,0.26808578448497916,0.0,1.0,0.0,0.0,99.0,1,0
96.32761421766034,1,0,6,3,2,2,3,2,4,2.8177178143784083,0.01640180041363964,0.0006676723634003659,0.10414424130475809,0.0,0.0,0.0,0.0,1.0,2,0
16.3886930479334,7,0,3,3,2,2,3,2,4,7.643768250442417,0.0029123653555994285,0.006199796461981098,0.4694589070714111,0.0,0.0,0.0,1.0,1.0,0,0
153.62915478133598,6,1,4,7,3,3,7,3,6,4.134668479947068,0.002099028714880338,0.0002908552463691345,0.45468682461933413,0.0,0.0,0.0,0.0,2.0,2,0
5.550302496153619,3,0,6,2,0,0,2,0,2,5.4964558526840746,0.000339674893024106,0.0,0.1381846390959116,0.0,0.0,0.0,0.0,99.0,0,1
162.61371152957668,4,0,3,2,0,0,2,0,5,2.069053121794326,0.000764289891499647,0.0,0.32922742307594044,0.0,0.0,0.0,0.0,99.0,1,1
6.985354937832585,1,0,7,4,0,0,4,0,2,3.665923922891993,0.0007979800006577642,0.0,0.25555837733124054,0.0,0.0,0.0,0.0,99.0,1,1
104.7974553122004,1,1,2,2,1,1,2,1,5,2.9355326341496797,0.00533199223544329,0.00035165625225901874,0.13253335775503036,0.0,0.0,0.0,0.0,2.0,2,0
38.756446265722566,2,0,3,5,2,2,5,2,5,2.12999065924452,0.003347529355856738,0.0006675866497012313,0.44957858057922484,0.0,0.0,0.0,0.0,3.0,3,0
228.05728735667148,3,0,6,3,10,10,3,10,1,3.208908855995189,0.005403218383161823,8.640186816163479e-05,0.12322130537032455,0.0,0.0,1.0,0.0,3.0,2,0
8.449761917950472,3,0,2,4,1,1,4,1,7,5.39240250324466,0.005731247576617156,0.002540839580124247,0.3160651383860808,0.0,0.0,0.0,1.0,3.0,2,1
41.31993486800069,1,0,8,2,1,1,2,1,3,3.9560645196425606,0.0018898927560312192,0.00116917365663303,0.17432438935826428,0.0,0.0,0.0,0.0,2.0,4,0
161.76088495652024,4,2,4,4,2,2,4,2,4,1.433288321911059,0.00020144834204001094,0.001907138241890536,0.4147928367201909,0.0,0.0,0.0,0.0,2.0,0,0
38.31997699314698,1,0,4,2,3,3,2,3,2,2.2086093296378095,0.01089582417479934,0.0031875218076907273,0.3139622101898352,0.0,0.0,0.0,0.0,1.0,3,0
49.668273067153436,3,0,3,3,0,0,3,0,5,1.4910534448245063,0.00040433457604806326,0.0,0.41797065303473935,0.0,0.0,1.0,0.0,99.0,2,1
58.545555715254835,3,0,4,3,8,8,3,8,4,4.52509578129635,0.00210132118482597,3.553798403651336e-05,0.18037894454323633,0.0,0.0,0.0,0.0,2.0,1,0
32.275749005462785,1,1,5,3,3,3,3,3,6,8.278197409605047,0.013205083219296386,0.0031029465790263517,0.015471526618533068,0.0,1.0,0.0,0.0,2.0,1,0
49.44533778536099,2,0,9,7,6,6,7,6,2,3.6487232008912955,0.00730130919257677,0.0004850886210387688,0.11861117568194587,0.0,0.0,0.0,0.0,1.0,3,0
44.502163781259,4,0,2,2,2,2,2,2,2,1.8658367035828594,0.013682576902024457,0.0030983029410473813,0.4090634422397397,0.0,0.0,0.0,0.0,3.0,2,0
109.14047462671914,2,0,2,6,5,5,6,5,7,1.5109479707270408,0.004040814207558723,0.0035377100731006613,0.16526474394127602,0.0,0.0,0.0,0.0,2.0,1,0
7.093015778456644,0,0,1,0,2,2,0,2,2,8.119756960148589,0.007730979965811305,0.00048224525746815,0.16663544972061603,0.0,0.0,0.0,0.0,3.0,2,0
19.84292266544413,4,1,6,3,1,1,3,1,7,2.0346446847869184,0.0020875684946828955,0.00048823774115341857,0.23032429110345487,0.0,0.0,0.0,0.0,2.0,3,0
140.1798202637419,0,1,5,4,7,7,4,7,2,2.3953216427429047,0.002536637651834803,2.7548455879917154e-05,0.14458977263859113,0.0,0.0,0.0,1.0,2.0,3,0
104.43541228040688,2,0,1,2,1,1,2,1,7,3.6931848461273176,0.00012202331143971296,0.0023426236183883026,0.40547879568131945,0.0,0.0,0.0,1.0,2.0,3,0
32.3678867881829,5,0,5,2,9,9,2,9,7,2.15705294733575,0.00343303415604401,0.0007231020388195992,0.16763859313913532,0.0,1.0,0.0,0.0,2.0,2,0
48.55698629325398,1,2,4,3,2,2,3,2,6,2.9407532863474173,0.0005735029306645254,6.9283808741553826e-06,0.3059377203888045,0.0,0.0,0.0,1.0,1.0,2,0
19.619303895280858,5,0,1,4,14,14,4,14,7,4.62987824065355,0.002740843727898945,0.0019070811794247068,0.23100265743088663,0.0,0.0,0.0,1.0,1.0,3,0
14.378187264622902,4,0,2,4,3,3,4,3,7,4.011042773290452,0.0001820521212271651,0.0014911295656914836,0.15080489030145658,0.0,0.0,0.0,0.0,3.0,1,0
33.03763694618445,4,0,6,0,4,4,0,4,4,3.862474189300311,0.0031299757605771877,4.947454138083266e-05,0.14000207857148425,0.0,1.0,0.0,0.0,2.0,2,0
24.617909057753,3,0,6,0,1,1,0,1,4,3.274830782827953,0.0017419696027896872,0.00028008009399881913,0.25592809957570156,0.0,0.0,0.0,0.0,2.0,2,1
44.43096677029894,6,0,3,4,2,2,4,2,2,3.7958575873164384,0.0015176392020130865,0.0034732288311060005,0.11331418526690301,0.0,0.0,0.0,0.0,2.0,1,0
8.641502799493315,2,1,5,5,4,4,5,4,3,6.034621694671973,0.0013243477738155444,0.002618595123010114,0.17936280104907626,0.0,0.0,0.0,1.0,1.0,2,0
169.92320551351554,4,1,6,4,0,0,4,0,4,1.9114843944585778,0.00014680220130296756,0.0,0.02929563356991023,0.0,0.0,0.0,0.0,99.0,2,1
197.77395089986425,2,0,1,4,1,1,4,1,5,4.655286326848225,0.009662797975563272,0.0015702474676967532,0.397248398697451,0.0,0.0,0.0,0.0,3.0,3,1
58.90387468607552,5,0,6,6,2,2,6,2,3,4.72857102163486,0.0003192908561327235,0.00046728534089646883,0.0313837602364694,0.0,0.0,0.0,0.0,2.0,2,0
39.56352954854405,3,0,5,2,2,2,2,2,4,1.8629083795077568,0.0008122110954362449,0.001930833045430116,0.43741358277396836,1.0,1.0,0.0,0.0,2.0,1,0
21.6670685699462,3,0,8,3,1,1,3,1,2,5.975340737038795,0.010275755450837995,0.000984609761773794,0.03321718811411519,0.0,0.0,0.0,0.0,2.0,0,0
80.64082253695986,3,0,7,2,2,2,2,2,6,2.6267127102771304,0.004152043556319182,0.0010143071258961246,0.4256050821559091,0.0,0.0,0.0,0.0,2.0,1,0
56.94483126419671,1,0,5,1,5,5,1,5,4,2.6268428989328276,0.0011986670499246862,0.0023677224384342334,0.3256401800138707,1.0,0.0,0.0,0.0,3.0,2,0
12.986314434521976,3,2,3,7,0,0,7,0,3,2.6004310816049174,0.00032316234324927795,0.0,0.2579154083701899,0.0,0.0,0.0,1.0,99.0,1,1
113.82354913996073,6,1,1,3,2,2,3,2,7,8.638857802716467,0.026657867255599734,0.0005099441376529083,0.08102740895313405,0.0,0.0,0.0,0.0,1.0,2,0
82.80475301152721,3,0,6,2,10,10,2,10,5,3.3259020542008626,0.0019063211952846514,0.0001406416454398906,0.1358228000737737,0.0,0.0,0.0,0.0,2.0,1,0
139.62823362650462,1,0,3,5,1,1,5,1,9,2.9505123166899594,0.00396500770902522,0.0005273787123364929,0.34816674048584845,0.0,0.0,0.0,0.0,2.0,2,0
63.212180188826046,3,0,1,4,3,3,4,3,7,3.45343350618477,0.007302493523705381,0.00041677985435621483,0.26095367631183786,0.0,0.0,0.0,0.0,3.0,3,0
47.76818088161178,3,2,5,5,4,4,5,4,3,3.2011222149861056,0.007854245422986565,0.002968274067091105,0.2620295678592451,0.0,1.0,0.0,0.0,2.0,1,0
29.3766127966901,2,0,2,2,5,5,2,5,4,3.0723657330195406,0.00019230955214472465,0.0024685729178224158,0.07528469320435441,0.0,0.0,1.0,0.0,3.0,3,0
126.45582626962032,3,0,6,3,0,0,3,0,8,2.7305461054931266,0.0005020119825694794,0.0,0.24279795647649285,0.0,0.0,0.0,0.0,99.0,3,1
95.4676571021114,0,0,2,0,0,0,0,0,7,7.56161262895078,0.0008783446308487197,0.0,0.2992334372833224,0.0,0.0,0.0,0.0,99.0,1,1
7.082282239390525,8,1,4,7,1,1,7,1,5,3.1324572156453443,0.01947205646315787,0.003915595384210203,0.06993014296389961,0.0,0.0,0.0,0.0,1.0,4,1
6.202436758993011,1,1,2,7,0,0,7,0,3,2.332022221047615,0.0004421557427095045,0.0,0.48742418202210114,0.0,0.0,0.0,1.0,99.0,2,1
26.255649271246828,1,0,3,2,5,5,2,5,6,6.907157055801353,0.00039250534325929905,5.4772687225902883e-05,0.4167245935084609,0.0,0.0,0.0,0.0,1.0,4,0
79.86414753482389,3,1,2,2,1,1,2,1,2,4.796469706585561,0.004932457266923259,0.0005389775499454104,0.16555788285985035,0.0,0.0,0.0,0.0,3.0,2,1
201.39239606990753,2,0,3,3,1,1,3,1,11,5.8473912437639415,0.004599882117482446,0.004270118732104654,0.2860595946826764,0.0,1.0,0.0,0.0,2.0,2,0
12.335427947051585,2,0,1,4,5,5,4,5,4,2.319879974662095,0.006953850166175013,0.00040827112038090325,0.2838928718068886,0.0,0.0,0.0,0.0,3.0,4,0
45.57758585970811,3,1,5,2,0,0,2,0,7,3.487623184387883,0.0005501427090371278,0.0,0.062249663511433545,0.0,0.0,1.0,0.0,99.0,2,1
26.576316489114326,4,1,1,5,2,2,5,2,7,5.865188125610023,0.001698459470384572,0.0032445249964271044,0.22471009878028728,0.0,0.0,1.0,1.0,3.0,1,0
162.66688494691832,3,0,5,1,8,8,1,8,6,7.666418950104262,0.0024336323980083583,0.0011864665959310156,0.1118035430024341,0.0,1.0,0.0,1.0,2.0,3,0
88.06609433451356,7,0,4,0,5,5,0,5,7,3.7361423993601277,0.0004706595954159481,0.000412769823444073,0.1732776628690981,0.0,0.0,0.0,1.0,2.0,5,0
86.99855209114358,3,1,4,4,10,10,4,10,4,3.8178592767736808,0.004943376986762486,0.0016583666192831036,0.47249605897688546,0.0,0.0,0.0,0.0,3.0,1,0
33.458700701289814,3,1,2,1,8,8,1,8,2,4.576710340344398,0.0040090585653465025,0.0003750320952895387,0.2801485178771169,0.0,1.0,0.0,0.0,3.0,1,0
29.112572134730705,3,1,5,1,0,0,1,0,8,7.162804706311858,0.0004689374294251749,0.0,0.04278296880306141,0.0,0.0,0.0,0.0,99.0,1,1
19.372500146752756,5,0,3,2,4,4,2,4,5,4.328599491992032,0.013878828296547366,0.00212658685689756,0.33941964278856607,0.0,1.0,0.0,0.0,1.0,1,0
7.61121337301763,5,2,5,1,0,0,1,0,5,8.624432781605798,0.0005584340487882084,0.0,0.49933358409860773,0.0,0.0,0.0,0.0,99.0,0,1
95.01917630014897,4,2,2,1,0,0,1,0,3,4.523108761807988,0.0009116206077299388,0.0,0.09217112736667138,0.0,0.0,0.0,0.0,99.0,4,1
80.42528476624653,4,0,8,1,5,5,1,5,4,3.9385347666201973,0.003664405145681261,0.0004975291693452899,0.34463072979130754,0.0,0.0,0.0,0.0,1.0,2,0
372.7600519018137,2,1,7,3,1,1,3,1,2,3.54560309883752,0.0006007438255021659,0.00015177190507121183,0.4138868028736207,0.0,1.0,0.0,0.0,2.0,5,0
261.26930303349496,6,0,6,4,1,1,4,1,7,3.5813804570703702,2.8072199764131206e-05,0.0011839198480696287,0.4235903199859292,0.0,0.0,0.0,0.0,1.0,2,1
41.47932166886273,3,0,9,3,0,0,3,0,6,6.482577541555756,0.0007697538527584423,0.0,0.35668839048784884,0.0,0.0,0.0,0.0,99.0,6,1
70.93773905928174,2,0,4,2,5,5,2,5,1,3.032810738927026,0.009291886608079064,0.0034485126867524873,0.4558347807784506,0.0,0.0,0.0,0.0,1.0,1,0
135.32772572934962,6,0,4,3,5,5,3,5,4,2.1405026972759726,0.002355327158750222,0.003086263839361617,0.025723865094615016,0.0,0.0,0.0,0.0,2.0,0,1
90.26474066191605,4,0,5,2,2,2,2,2,6,2.6954315052363236,0.0025181541757381748,0.002351809220222945,0.04144255352641261,0.0,0.0,0.0,1.0,1.0,3,0
17.786860006151592,3,1,9,3,3,3,3,3,7,6.172819009284938,0.002997460548199654,0.0002057436825804185,0.07592457202206752,0.0,1.0,0.0,0.0,2.0,0,0
31.9472072329939,3,0,2,2,5,5,2,5,6,2.32073238847301,0.011362891942905018,0.00048224763732688066,0.031223635981819257,0.0,0.0,0.0,0.0,1.0,0,0
11.223335494088989,6,0,1,4,2,2,4,2,4,5.38232999502367,0.022074531498937077,0.00011881255471876245,0.06877444779733727,0.0,0.0,0.0,0.0,2.0,2,0
143.6100703898769,4,1,3,2,1,1,2,1,4,2.6971610950581155,0.0017191337628844148,0.0006205654063518338,0.41030582151701234,0.0,0.0,1.0,0.0,1.0,2,0
46.93314661648782,2,0,5,4,2,2,4,2,10,2.025316782652886,0.0006870645546071239,0.0010838223313301525,0.44926413808739846,0.0,0.0,0.0,0.0,1.0,0,0
16.682167643831768,1,0,4,1,7,7,1,7,5,2.9273803297864815,0.0007659678575459857,0.0010367750446101402,0.17463205045884153,0.0,0.0,0.0,0.0,3.0,1,0
55.12232926279626,3,0,3,2,5,5,2,5,8,6.041241003318712,0.010541594624358821,0.001472717039959789,0.4790202606094215,0.0,0.0,0.0,0.0,3.0,2,0
48.32016956343823,4,0,4,4,2,2,4,2,8,8.264000734239113,0.0018572335002070243,7.691028380170922e-05,0.21503623377268605,0.0,1.0,0.0,1.0,2.0,2,0
24.953920803369773,5,0,1,4,1,1,4,1,3,2.989747762570022,0.004761982863571568,0.000162667013444461,0.09427007938581577,0.0,0.0,0.0,0.0,2.0,3,1
10.424260462931116,6,1,2,2,3,3,2,3,6,5.611882013516821,0.0009389453738214478,0.002865184876635934,0.34383791065208064,0.0,0.0,0.0,0.0,2.0,2,0
55.10485775835959,2,0,2,7,6,6,7,6,7,2.576200579763899,0.0021903289304924427,0.00012991527632796494,0.21595460758467594,0.0,0.0,0.0,0.0,2.0,3,0
38.0574690883717,4,1,5,2,4,4,2,4,6,1.1764395343256648,0.0033128118475064627,0.00010950077940294193,0.019522725844191447,0.0,0.0,0.0,0.0,3.0,4,0
71.59131864322318,4,0,3,1,2,2,1,2,5,2.8646263361080924,0.004574618577284078,0.002081336676144147,0.4835143900461753,0.0,0.0,0.0,0.0,2.0,3,0
38.04394371905818,0,0,10,0,1,1,0,1,6,6.556828967054541,0.00450371345426459,0.0014644597814827839,0.30297030405210246,0.0,0.0,0.0,0.0,2.0,2,1
91.02965500888178,4,0,4,3,0,0,3,0,2,1.7065054121667884,0.00019924356786029597,0.0,0.31053270870997923,0.0,0.0,0.0,0.0,99.0,3,1
41.123935355966935,5,1,4,2,1,1,2,1,4,2.351155087050194,0.005787479508650744,0.0008984300970240044,0.49151285343847534,0.0,0.0,0.0,1.0,2.0,2,1
42.04015614410662,2,0,4,2,1,1,2,1,4,6.392776856869107,0.005862412544720339,0.00010926554293259109,0.41841726140981883,1.0,0.0,0.0,0.0,3.0,2,0
99.17413894533972,5,0,4,4,0,0,4,0,2,4.264118866735976,0.0005522565133069652,0.0,0.18770599576363792,0.0,0.0,0.0,0.0,99.0,1,1
28.249129129465267,4,0,4,1,12,12,1,12,3,3.905906034660415,0.0024540573806111575,0.0008622768172814457,0.030495446060579877,0.0,0.0,0.0,0.0,1.0,0,0
11.474957992563454,5,0,4,2,4,4,2,4,5,1.8960029344164233,0.0012828247080475972,0.004096056965859219,0.11896657417410689,1.0,0.0,0.0,0.0,1.0,1,0
6.314225964444261,2,0,6,2,3,3,2,3,5,2.5168912327963087,0.00059432296510664,0.004651181215780808,0.18224861322984387,0.0,0.0,0.0,0.0,2.0,2,0
68.31758536981636,2,0,1,3,0,0,3,0,5,3.555208770011304,0.000887276860390242,0.0,0.48052419480869263,0.0,0.0,0.0,0.0,99.0,2,1
48.577953517730585,0,0,5,1,1,1,1,1,8,4.725968117838754,4.2477108161863e-05,0.0018256632129518278,0.4454482462257901,0.0,0.0,0.0,0.0,1.0,0,1
59.794940650904444,4,1,2,3,1,1,3,1,3,11.014623212356584,0.00568057362039305,0.00017309522778914509,0.02054882111442621,0.0,0.0,0.0,0.0,1.0,2,1
15.776667207204957,1,0,6,2,3,3,2,3,3,4.441928177312644,0.007008674336863755,0.001065137587658804,0.49374154190926617,0.0,0.0,0.0,0.0,3.0,0,0
11.59756480527254,2,0,6,6,0,0,6,0,5,3.9936933770555214,0.0001355657769791673,0.0,0.13598862577743365,0.0,0.0,0.0,0.0,99.0,2,1
5.659316431955095,3,0,2,4,7,7,4,7,1,4.4323374243695834,0.007664562658765726,0.0011521679244273612,0.38993234610428884,0.0,0.0,0.0,0.0,2.0,2,0
24.425926768178115,2,0,5,4,1,1,4,1,5,1.6371462720811591,0.0009837627123960733,6.78529822689444e-05,0.06713210298526745,0.0,0.0,0.0,0.0,2.0,0,0
45.11288190492251,2,1,4,2,3,3,2,3,5,5.115450474603879,0.0010846821930580047,0.0001328303867117131,0.11795543524223431,1.0,0.0,0.0,1.0,1.0,1,0
27.40918404025178,1,0,2,1,3,3,1,3,3,1.5867402225755698,0.0002733675349788206,0.00010285326956616186,0.2576619434413456,1.0,0.0,0.0,0.0,3.0,0,0
30.889380327279405,3,0,5,9,3,3,9,3,4,7.385747597347018,0.0019862840795372675,0.00023270930977453008,0.35476985091206736,0.0,0.0,0.0,1.0,1.0,0,0
110.52776853416486,4,1,4,6,0,0,6,0,5,2.1745833276208475,0.0005459378727393883,0.0,0.17924541585581555,0.0,0.0,0.0,0.0,99.0,1,1
24.264617649130027,6,0,4,3,6,6,3,6,4,1.942786474905736,0.0013928020736155473,0.003941783192250573,0.43789518969029706,0.0,0.0,0.0,0.0,1.0,1,0
37.46862626325445,3,0,4,4,2,2,4,2,8,1.846786231859495,0.002167427140378513,7.393955542399445e-05,0.47069543998210933,0.0,0.0,0.0,0.0,2.0,2,0
73.88922819738657,2,0,4,3,4,4,3,4,3,3.926138273503058,0.004947011381125098,0.0007611542021249893,0.07005687161058699,1.0,1.0,0.0,0.0,3.0,5,0
27.728605908463088,3,1,4,4,3,3,4,3,5,3.410667885508765,0.012217718370896096,0.000142366979747009,0.3620974004832639,0.0,0.0,0.0,0.0,2.0,3,0
48.78907139088884,1,2,3,5,1,1,5,1,7,4.706610487699262,0.011603674170408147,0.0004208159558982053,0.07463603664199256,0.0,0.0,0.0,0.0,1.0,1,0
94.2413289657938,2,1,3,2,0,0,2,0,8,3.352211623879076,0.0005651408730476772,0.0,0.17697507949953867,0.0,0.0,0.0,1.0,99.0,2,1
139.37856869186004,1,0,4,2,3,3,2,3,5,3.5689325297745125,0.011169509430951114,0.0015174528182124738,0.4115847453577582,0.0,0.0,0.0,0.0,1.0,4,0
12.158684569167619,3,2,3,4,7,7,4,7,1,1.660788500940968,0.009206116335272296,0.0006618086909835251,0.17481287090208183,0.0,0.0,0.0,0.0,1.0,4,0
122.52482433689354,4,0,4,1,6,6,1,6,4,4.948679872692239,0.0065872873861891725,0.0015810180522160982,0.4546247465175876,1.0,1.0,0.0,0.0,1.0,3,0
35.48762514479888,2,0,2,7,1,1,7,1,3,4.7500694891114446,0.001118443846063964,0.0015359865085335352,0.2116213113007822,0.0,0.0,0.0,1.0,1.0,1,0
18.44309544581281,2,1,6,2,1,1,2,1,4,5.478893629963748,0.005471743127649321,0.00012633604961331463,0.16180023986427994,0.0,0.0,0.0,0.0,3.0,4,0
32.65641353168139,3,0,3,5,1,1,5,1,4,3.5557316263856382,0.005064202498930024,0.002827048341402429,0.49467050743551616,0.0,0.0,0.0,0.0,2.0,0,0
181.11438939112662,2,0,3,5,13,13,5,13,1,4.03154952313508,0.008725428900342891,0.0038903804255777663,0.226336634368761,1.0,0.0,0.0,0.0,1.0,1,0
35.532108170031194,2,0,1,5,1,1,5,1,3,4.972658506196407,0.00856040965174648,8.855783001468887e-05,0.37306843544000823,0.0,1.0,0.0,0.0,1.0,4,0
22.93772144452249,3,0,2,1,4,4,1,4,10,5.084081621031451,0.006048944670812341,0.000887648691444838,0.30373191654390946,0.0,0.0,0.0,1.0,3.0,1,0
50.15688232809468,1,1,4,5,3,3,5,3,2,4.793484471712983,0.002649811967103279,0.0006052447967171428,0.10921796371837915,0.0,0.0,0.0,1.0,3.0,0,0
17.358281047202134,6,0,3,5,0,0,5,0,4,5.629367997134927,0.0008366542265301419,0.0,0.25515320582740936,0.0,0.0,0.0,1.0,99.0,3,1
8.550288723930576,2,0,6,2,1,1,2,1,5,6.3535482152772405,0.0020576452440962626,0.0004799284287078235,0.0479351753539257,0.0,0.0,0.0,0.0,2.0,2,1
11.208884887058714,2,0,4,4,0,0,4,0,8,3.096600318154691,0.00033712558736282707,0.0,0.3572851693361514,0.0,0.0,0.0,0.0,99.0,2,1
11.165829083015321,2,1,3,5,2,2,5,2,4,3.646386138949925,0.006456553390713363,0.0034630630926897896,0.2642813465050127,0.0,0.0,0.0,1.0,3.0,1,0
12.414195570050284,4,1,1,6,1,1,6,1,2,4.988844005940482,0.004084672087839824,2.2419423553197896e-05,0.06996416977841212,0.0,0.0,0.0,1.0,1.0,1,0
11.725702973038246,1,0,5,3,0,0,3,0,2,2.3901558291483207,0.00030389020587048447,0.0,0.3857121650378968,0.0,1.0,0.0,0.0,99.0,4,1
51.08378229841129,2,2,4,3,1,1,3,1,5,2.16285308974779,0.017571816726598837,0.00013617737914877124,0.404235236006069,1.0,0.0,0.0,0.0,1.0,4,0
14.033586066551674,4,1,3,4,3,3,4,3,4,2.191496995161521,0.008810482860763148,0.0017095596005280976,0.36957654364507303,0.0,0.0,0.0,0.0,2.0,3,0
24.086269210766236,3,0,3,1,2,2,1,2,4,2.5189154967699956,0.005469999534729458,0.0001945748901078348,0.1712379863467743,0.0,0.0,0.0,0.0,1.0,2,0
107.19383563077609,3,0,3,2,1,1,2,1,7,2.797676421557872,0.018110907399142506,7.349576933840487e-05,0.3643524687032704,0.0,0.0,0.0,0.0,3.0,5,1
33.90715137409671,3,0,4,10,2,2,10,2,5,4.665612429817452,0.01852440159009677,4.531046465789852e-05,0.29307742877198084,0.0,0.0,1.0,0.0,3.0,1,0
54.558008764357126,6,1,5,5,1,1,5,1,3,3.563059211851168,0.0031854136202818075,8.834210853302614e-05,0.27650095446801803,0.0,0.0,0.0,0.0,3.0,3,1
13.510783270094741,3,0,6,3,2,2,3,2,2,9.147915191702804,0.0007413487411086051,0.001749770477697636,0.32788404614716987,0.0,0.0,0.0,0.0,1.0,1,0
14.609794144779277,3,0,6,3,1,1,3,1,4,2.321697644765668,0.003659137927656207,0.00038865108815536544,0.3187434913100656,0.0,1.0,0.0,1.0,3.0,2,0
6.877724572290439,1,0,3,2,4,4,2,4,5,11.281339370497939,0.001302220562186675,0.0004808167001612824,0.40158131599695146,1.0,1.0,0.0,0.0,1.0,4,0
13.327130482951139,2,1,2,3,1,1,3,1,4,5.223310924615128,0.0059053779537070515,0.00048819238497215455,0.4931324437406848,1.0,0.0,0.0,0.0,3.0,1,0
19.69466533840155,4,0,1,2,9,9,2,9,3,2.1988783852706484,0.007463951164290642,0.0002460417065802478,0.3658759425184433,0.0,0.0,0.0,0.0,2.0,2,0
13.766531786739858,3,1,6,5,0,0,5,0,5,1.473394368486036,0.0006586715593427663,0.0,0.2264686239702001,0.0,0.0,0.0,0.0,99.0,3,1
9.17986585371654,3,1,5,2,9,9,2,9,4,2.090680711289678,0.0029160477879464635,0.0002859884772898545,0.23621732246179258,0.0,1.0,0.0,0.0,3.0,4,0
10.785029607200864,2,0,3,5,6,6,5,6,7,1.4701186610355594,0.008182247274750436,0.0014615245132853887,0.024346976441538708,0.0,0.0,0.0,0.0,1.0,0,0
32.79332045144206,3,0,6,3,0,0,3,0,8,3.5755973370353944,0.0004969712356862128,0.0,0.08835397497626436,0.0,0.0,0.0,0.0,99.0,3,1
15.399149285529345,1,0,4,2,7,7,2,7,5,4.86771122355586,0.005853852597591847,0.0027684324910024548,0.12180287826949623,0.0,0.0,0.0,0.0,3.0,5,0
25.38415019799133,2,1,3,4,1,1,4,1,3,3.213386824173645,0.0021348159835271065,0.000529827022284577,0.4952595835540636,0.0,0.0,0.0,0.0,3.0,0,0
36.50023331214487,2,0,6,3,0,0,3,0,7,2.5871342099492836,0.00043371218748791695,0.0,0.38391836410607355,0.0,0.0,0.0,0.0,99.0,3,1
57.7605845305644,3,0,1,4,0,0,4,0,8,2.1761475597841073,0.0005225313888797461,0.0,0.07935705005048369,0.0,0.0,0.0,0.0,99.0,0,1
6.804757854500695,5,0,3,3,1,1,3,1,7,6.964524985205832,0.001391322730618869,0.0020254988476846427,0.2542022636392058,0.0,1.0,0.0,0.0,3.0,2,0
77.29224097217538,3,0,3,2,2,2,2,2,6,2.815106112858143,0.007810163593605174,0.002628469379227776,0.11463130441488009,0.0,0.0,0.0,0.0,2.0,1,0
49.48671606652834,6,1,5,5,3,3,5,3,6,6.39108909885881,0.0014853070322127088,0.0018687930640058975,0.15583073290962185,0.0,0.0,0.0,1.0,2.0,2,0
8.838294366935042,2,0,2,2,0,0,2,0,1,1.5151784241558135,0.0009149012917802843,0.0,0.30624398447707185,0.0,0.0,0.0,0.0,99.0,0,1
98.06606143196407,5,1,6,1,0,0,1,0,3,8.350644046214105,0.0007053039921650202,0.0,0.30352854839043547,0.0,0.0,0.0,0.0,99.0,0,1
119.15120958705175,6,0,7,4,1,1,4,1,3,4.020063661959454,0.014925987745196932,0.0009008511276393749,0.4371846914464541,0.0,0.0,0.0,0.0,3.0,1,0
7.836027240207353,6,0,4,2,3,3,2,3,4,2.6066120990465773,0.0036529648966992963,0.0002936340017908549,0.09064438852053881,0.0,0.0,0.0,0.0,2.0,2,0
19.587957940789288,3,2,3,5,0,0,5,0,2,2.2695205883250207,0.00029184725553866236,0.0,0.253726874837052,0.0,0.0,0.0,0.0,99.0,1,1
78.84208324519892,4,0,4,3,3,3,3,3,10,4.165432083300663,0.04083107429253033,4.583161583921898e-05,0.3034278338769053,0.0,0.0,0.0,1.0,2.0,0,0
67.07107580964387,3,1,2,4,2,2,4,2,4,3.658488022244706,0.01973163346989591,0.0021443384821102844,0.4659300667482491,0.0,0.0,0.0,0.0,2.0,2,0
14.179083442781021,2,0,6,2,2,2,2,2,4,2.7765913518794587,0.003867836824253389,0.003931394191347973,0.2630474349079613,0.0,0.0,0.0,0.0,3.0,3,0
15.570456403168995,5,0,1,1,5,5,1,5,7,1.5135156067986504,0.007432655452803749,0.0019389143117719866,0.1769243525583698,0.0,1.0,1.0,0.0,1.0,2,0
25.825329951096638,4,0,3,3,0,0,3,0,3,3.4775842526081973,0.000516147103443131,0.0,0.15314796502080363,0.0,0.0,0.0,0.0,99.0,3,1
34.81981541008765,2,2,3,3,0,0,3,0,4,12.754004347662512,0.0007854605138950287,0.0,0.11588856467577999,0.0,0.0,0.0,0.0,99.0,2,1
48.33508253263484,0,2,4,5,2,2,5,2,5,3.5634794182702954,0.0015159922457325483,0.0007461876559743454,0.48156017798746925,0.0,1.0,1.0,0.0,3.0,1,0
25.714065335015803,0,0,5,5,2,2,5,2,7,1.8061047344902519,0.00742918055268131,0.0011442272193504974,0.30543977669613864,0.0,0.0,0.0,0.0,1.0,1,0
32.94009991494129,5,0,2,1,11,11,1,11,6,1.744486665287095,0.009827878361731508,0.0007805790103768387,0.1587264100612867,0.0,1.0,0.0,0.0,2.0,1,0
66.93030231754291,6,0,9,2,0,0,2,0,4,1.5788122070503774,0.0006561054710787123,0.0,0.3751055597524493,0.0,0.0,0.0,0.0,99.0,0,1
6.6817828544665305,1,0,6,6,3,3,6,3,4,5.140747454222119,0.007433831932123627,0.00017127666609479753,0.1517447071307167,0.0,0.0,0.0,0.0,3.0,1,0
18.092147984707875,2,1,8,1,1,1,1,1,6,7.58331447326421,0.007542165127538001,0.0013372028597877642,0.2568804919616924,0.0,0.0,0.0,0.0,3.0,2,1
61.22713437302116,5,0,2,3,4,4,3,4,2,1.9466301142627727,0.011203056920657208,0.000751128351995118,0.022728372715039545,0.0,1.0,0.0,0.0,1.0,1,0
106.50950394487761,4,2,11,3,2,2,3,2,3,2.250846539514649,0.011775782098649722,0.003622121483928189,0.4248194551783755,0.0,0.0,0.0,0.0,2.0,1,0
37.25506004937804,3,0,9,4,2,2,4,2,6,6.825091525632396,0.003465111379846861,0.0018628857744174597,0.47871047220872254,0.0,0.0,0.0,0.0,2.0,1,0
39.1788276058881,2,1,4,4,0,0,4,0,2,4.744008776847803,0.0003757067429975888,0.0,0.4342201153851325,0.0,0.0,0.0,0.0,99.0,0,1
10.101260234329853,0,0,5,5,3,3,5,3,4,1.6035290782881,0.00025520713607561657,0.0006202818545825601,0.0938457236701225,0.0,1.0,0.0,0.0,1.0,2,0
31.69144607375979,4,0,5,2,4,4,2,4,4,4.9243441331879705,0.011477862572068322,0.001202290953116098,0.4143829694662579,0.0,0.0,0.0,0.0,3.0,1,0
39.22730595748805,5,2,11,1,1,1,1,1,6,4.85195730490266,0.00512270266195774,0.001973860270794592,0.1800334540744279,0.0,0.0,1.0,1.0,2.0,2,0
17.496176146729397,2,0,4,1,8,8,1,8,5,9.444071581749125,0.009506320423514597,0.0009894871854033908,0.4687780265851475,0.0,0.0,0.0,1.0,3.0,2,0
19.115357534534475,3,1,2,3,1,1,3,1,4,3.1629496573067515,0.011263210949809796,0.007316397829923831,0.15654816960053944,0.0,0.0,1.0,0.0,3.0,2,0
26.314924316111238,7,2,6,4,1,1,4,1,5,2.826773786705871,0.016869824211756767,0.00034969446471898845,0.05380638756547312,0.0,0.0,0.0,0.0,1.0,2,0
5.912391233764153,5,0,4,5,0,0,5,0,9,1.6922510728166384,0.00027026357146560734,0.0,0.4279310347955923,0.0,0.0,0.0,0.0,99.0,2,1
22.49261425652611,3,0,3,6,6,6,6,6,9,3.6246486967893397,0.015970024654223647,0.001589668440078505,0.06715679801673775,0.0,1.0,0.0,0.0,3.0,1,0
15.690062103063344,1,0,2,5,9,9,5,9,8,2.7130372858881753,0.0100305274228839,0.0004935990876872747,0.2753031906121844,0.0,0.0,0.0,0.0,3.0,0,0
22.85371536043922,3,0,2,2,5,5,2,5,7,4.607574175471644,0.0009058493225780241,0.0052105991716441934,0.19421446888751737,1.0,0.0,0.0,0.0,2.0,2,0
10.740339647815157,4,0,1,4,0,0,4,0,6,4.935370966928722,0.0003737325155919363,0.0,0.3808585694973535,1.0,0.0,1.0,0.0,99.0,2,0
104.54359549743612,1,0,3,3,11,11,3,11,5,3.751776934212822,0.0007903622680381378,9.549519101894535e-05,0.376960776180417,0.0,0.0,0.0,0.0,2.0,1,0
45.51794662458019,3,0,2,3,0,0,3,0,3,7.835737299585066,0.0009398216173268982,0.0,0.3903073767378074,0.0,1.0,0.0,1.0,99.0,0,1
56.14848310518642,3,0,2,4,1,1,4,1,4,2.678628006026256,0.0346038551440038,0.0022473683138061833,0.041008244308513304,0.0,0.0,0.0,0.0,1.0,2,0
75.05190645700061,4,0,7,1,3,3,1,3,6,2.5535162468893464,0.005753859961659962,5.367878694035688e-05,0.4306039171492027,0.0,0.0,0.0,0.0,2.0,2,0
36.05163898319983,1,0,5,1,3,3,1,3,2,6.741276875657384,6.99323328521806e-06,0.0016269179177822541,0.2385015818165789,0.0,0.0,0.0,0.0,2.0,2,0
9.091944253285513,2,0,5,6,0,0,6,0,5,4.317675865316876,0.0002607234683332371,0.0,0.11740025342796154,0.0,0.0,0.0,1.0,99.0,1,1
39.66162634826701,3,0,6,1,12,12,1,12,2,3.195933098109198,0.005400110975992661,0.0031990307591158312,0.15645894905357813,0.0,0.0,0.0,0.0,3.0,1,0
44.77653760421181,2,0,2,2,1,1,2,1,0,7.174899650593785,0.005070235079122389,0.005759691173010083,0.45234373329485134,0.0,0.0,0.0,1.0,3.0,1,0
66.56974919637841,1,0,7,2,3,3,2,3,9,3.2194799204234243,0.011849039220284944,0.002909072534914088,0.012936638744080237,0.0,0.0,0.0,0.0,2.0,2,0
30.426559222234193,1,0,3,2,1,1,2,1,2,2.561765108470416,0.006332307234340685,0.00041402441581975323,0.4028438330232423,0.0,0.0,0.0,0.0,1.0,1,0
11.14181000281905,3,0,0,4,3,3,4,3,6,2.968031279695547,0.0055256576950240424,0.0016632613354148895,0.4627254945000288,0.0,0.0,0.0,0.0,1.0,5,0
20.019298111776678,0,1,9,6,5,5,6,5,5,3.1865946730995782,0.013869155014998295,0.0012004295058338638,0.1325268012628085,0.0,0.0,0.0,0.0,1.0,3,0
25.300167146358056,3,0,4,5,1,1,5,1,6,2.1737738670457984,0.0009471910433613124,0.0009497421237890743,0.4127812347634332,1.0,0.0,0.0,0.0,3.0,3,0
51.720107522983774,1,0,4,2,2,2,2,2,7,3.3004316557459763,0.0026799258209106616,0.0014303842368347702,0.08893406952561403,0.0,0.0,0.0,0.0,1.0,1,0
43.06017745406388,1,2,4,3,9,9,3,9,6,3.641703157012857,0.002942452822042061,0.002074239944521073,0.01795035586061438,0.0,0.0,0.0,1.0,1.0,5,0
24.80930418433128,7,1,2,4,5,5,4,5,4,5.278337937743754,0.008407270593231084,0.0009824049410360601,0.30624142235198826,0.0,0.0,0.0,0.0,2.0,2,0
198.77880974764156,3,0,2,2,3,3,2,3,5,6.68526419036822,0.009487585684303837,0.0017483360454471576,0.3266393603772284,0.0,0.0,0.0,0.0,1.0,2,0
46.88748538102442,2,0,4,4,1,1,4,1,7,6.745261818778248,0.0001810770690175468,0.002518702327929724,0.08356973049659053,0.0,1.0,0.0,0.0,1.0,3,0
17.185753794055998,4,0,10,1,2,2,1,2,4,3.5733807845181684,0.009798489435670035,0.00027365705104100845,0.26110909658664105,0.0,0.0,1.0,0.0,2.0,1,0
9.830435208119908,4,0,5,0,5,5,0,5,2,2.421652637347305,0.00028322256467000023,1.1341202153763515e-05,0.19889091167759673,0.0,0.0,0.0,1.0,3.0,0,0
12.464973166542165,0,2,1,3,5,5,3,5,5,2.112475499573913,0.0011775652705535563,0.001546655199764681,0.047366488055816294,0.0,0.0,0.0,0.0,1.0,3,0
17.70380822278134,3,0,4,4,1,1,4,1,6,2.4158825265500736,0.0006631662161656834,0.0021779188504395157,0.2587937187904394,0.0,0.0,0.0,0.0,1.0,1,0
12.882419372943232,3,1,3,1,4,4,1,4,6,1.6545461588655326,0.010846137664788133,0.00010868306829121173,0.2967169254110747,1.0,1.0,0.0,0.0,3.0,1,0
14.292128545456118,7,0,7,5,1,1,5,1,4,2.3433110483735318,0.003992701551171272,0.00025187806674505206,0.11641430861911939,0.0,1.0,0.0,0.0,2.0,1,0
20.102263169695092,3,2,4,2,1,1,2,1,2,13.586140765028155,0.00010256898028738212,0.001260860465624135,0.3724920238763855,0.0,0.0,0.0,0.0,1.0,2,0
13.568109514829915,2,0,3,1,3,3,1,3,5,7.227742327617912,0.003931198011008176,0.0023787592146149923,0.0455747079195834,0.0,0.0,0.0,0.0,2.0,2,0
107.18381522101619,4,0,3,2,1,1,2,1,5,3.9015544989982383,0.003708715771657283,0.0008406684873852185,0.2799876394360738,0.0,0.0,0.0,0.0,1.0,2,1
8.763607066640008,2,0,3,4,1,1,4,1,5,3.0017249887819997,0.003081423518040988,0.0008271141925006872,0.15866120520127774,0.0,0.0,0.0,1.0,1.0,2,1
38.45355575507162,2,0,2,2,4,4,2,4,2,4.508562030650056,0.00202190699738329,0.0018513715645820756,0.22367580653126062,0.0,0.0,0.0,1.0,2.0,2,0
28.773750042018605,3,0,1,0,2,2,0,2,6,2.087986785892715,0.0037865511062378115,0.000516772106411209,0.44780203191423235,0.0,0.0,1.0,0.0,1.0,3,0
186.7388974707164,0,1,4,1,0,0,1,0,4,3.1381385897789493,0.00023453773341718066,0.0,0.3382775831919214,1.0,0.0,0.0,0.0,99.0,1,1
10.34723055638322,0,0,4,2,4,4,2,4,1,4.525849420906347,0.008660324402842427,0.001839147924623836,0.08295050970467585,0.0,1.0,0.0,1.0,3.0,3,0
27.82660971840937,3,1,5,5,0,0,5,0,5,6.8654720862786025,0.0001828691435945196,0.0,0.4442899509454857,0.0,0.0,0.0,0.0,99.0,1,1
162.0076848857022,4,0,2,3,2,2,3,2,8,2.4274172186928364,0.0034896851925720752,0.00035037778776265597,0.1926884097883817,0.0,0.0,0.0,0.0,1.0,3,0
95.28098278856696,6,0,5,4,0,0,4,0,8,1.9638458823376734,0.0001153100049356292,0.0,0.17722941790861385,0.0,0.0,0.0,0.0,99.0,3,1
81.43983653162807,4,2,1,2,3,3,2,3,5,2.443517774640232,0.00961210379136379,0.00015834479816507487,0.25575284683934757,0.0,1.0,0.0,0.0,1.0,3,0
18.422378759007707,2,0,3,3,0,0,3,0,7,1.1270571137810974,0.0009102492117061597,0.0,0.11059405667642522,0.0,0.0,0.0,0.0,99.0,1,1
13.43297897539194,2,0,3,1,5,5,1,5,8,2.3067526620590533,0.005467770396128887,0.0003053048913278094,0.45797563283315673,0.0,0.0,0.0,1.0,3.0,3,0
54.70518194068026,8,0,5,0,3,3,0,3,1,2.5738447076759576,5.475114008377384e-05,0.0007852290490570675,0.23926562417258024,0.0,0.0,0.0,0.0,1.0,4,0
124.267329273198,4,0,3,0,1,1,0,1,4,9.238948532432849,0.008070531474125522,0.00033863149637675203,0.20297312288975378,0.0,0.0,0.0,0.0,2.0,2,0
41.6142689857134,3,1,4,3,0,0,3,0,5,3.965690073550918,0.0009600702046220483,0.0,0.0937741988714846,0.0,0.0,0.0,0.0,99.0,2,1
43.14774026563639,1,0,5,1,0,0,1,0,1,2.251194732821487,0.0005170668623251016,0.0,0.4033139118900338,0.0,1.0,0.0,1.0,99.0,3,1
19.781376386479288,2,0,5,4,1,1,4,1,7,2.837196720626003,0.017627198196094745,0.0014006684097412827,0.47688942600137557,0.0,0.0,1.0,0.0,2.0,2,0
71.03631912854398,1,1,5,1,1,1,1,1,3,2.5291664491940704,0.004110289755145863,0.001075123400475563,0.4361003808575834,1.0,0.0,0.0,0.0,1.0,2,0
14.318509196573189,3,0,4,4,6,6,4,6,3,2.574450488698364,0.000614496887551046,0.0006907456197395616,0.08913351175516422,0.0,0.0,0.0,0.0,2.0,2,0
22.59895159036547,4,0,3,2,1,1,2,1,3,4.548815597918335,0.006556067707432893,0.003218988078129269,0.37829158670859614,0.0,0.0,0.0,0.0,2.0,1,0
29.936504753142373,0,2,5,1,1,1,1,1,9,2.09953422545494,0.004655345107043431,0.0004360818265681311,0.11004028450693072,0.0,0.0,1.0,0.0,1.0,1,0
36.88182331901143,2,0,6,1,0,0,1,0,4,1.9135241280816417,0.0009659178788731253,0.0,0.029028852727248124,0.0,0.0,0.0,0.0,99.0,0,1
17.492566260632262,5,1,8,3,2,2,3,2,3,6.0918106665986915,0.005096602481879188,0.0032836174378964213,0.24739114114034766,0.0,0.0,0.0,0.0,3.0,0,0
10.489247246486094,5,0,5,1,3,3,1,3,1,4.06393399528711,0.010186669624350993,0.0004908618123047306,0.3384865006710947,0.0,0.0,0.0,0.0,2.0,2,0
47.44398458432104,3,1,2,4,2,2,4,2,5,1.2475924024369525,0.00028685920252254603,0.0005273379863811937,0.07090090565327148,0.0,0.0,1.0,0.0,2.0,4,0
20.32535157964438,1,1,0,3,7,7,3,7,4,3.7890422356603883,0.005490580020018294,0.0007124762297839411,0.30670428877591055,0.0,0.0,0.0,0.0,1.0,1,0
44.17038807315996,3,0,3,5,5,5,5,5,5,1.9415411028475635,0.007913007388659115,0.001277896193350961,0.4233862950459176,0.0,0.0,0.0,1.0,1.0,3,0
12.544913874680592,2,0,3,1,12,12,1,12,8,1.7559734597335985,0.019403165150509567,0.00036997388188831596,0.11241511913031733,1.0,0.0,0.0,0.0,3.0,3,0
34.525462011283736,5,0,9,5,2,2,5,2,2,6.6000846325146405,0.0014939347638806147,0.001232241211856216,0.21961679604735165,0.0,0.0,0.0,0.0,1.0,2,0
39.2246261658085,1,1,2,3,1,1,3,1,2,2.2421497183181964,0.009409906352769292,0.002104806453820419,0.25441235636121357,0.0,0.0,0.0,0.0,2.0,1,1
7.394659315570459,3,0,5,5,9,9,5,9,2,2.9828422922919824,0.002313598354060904,0.001987765592823795,0.4172937580618871,0.0,0.0,0.0,1.0,2.0,1,0
23.467262062119044,3,0,5,2,1,1,2,1,1,3.5334569530434146,6.0843011468792116e-05,1.554165965881315e-05,0.3879745406888932,0.0,0.0,0.0,0.0,2.0,5,0
11.495719707436923,4,0,3,6,0,0,6,0,8,6.745843053040524,0.00020284197604093185,0.0,0.38697054297332667,0.0,0.0,0.0,0.0,99.0,5,1
7.94625164476362,2,2,1,2,1,1,2,1,11,1.9120666699892561,2.199533772066167e-05,0.0001889184873998775,0.34272878657899813,0.0,0.0,0.0,0.0,3.0,2,0
212.0540590127896,2,0,4,3,0,0,3,0,2,4.1794741620097255,0.00038981510180588697,0.0,0.3127166818531863,0.0,0.0,0.0,0.0,99.0,4,1
22.510851013373912,1,0,3,2,8,8,2,8,3,3.7339182747710042,0.0011716324635130664,0.00024554981621995666,0.2593548868860222,0.0,0.0,0.0,0.0,1.0,1,0
79.70317761964544,0,0,11,5,2,2,5,2,2,4.331872981054568,0.003136907148465963,0.0004023010071336166,0.19111313822148615,0.0,0.0,1.0,0.0,3.0,2,0
18.224997543203063,2,0,3,2,1,1,2,1,7,3.9368557277596166,0.005547494856959723,0.0006441288955183122,0.2614815304535019,0.0,0.0,1.0,0.0,2.0,2,0
56.48636079591582,2,0,4,3,1,1,3,1,9,3.0189842098860185,0.021491138957949532,0.0009858261124474417,0.4283226772619597,0.0,0.0,1.0,0.0,1.0,2,0
69.26298002726939,1,0,2,4,0,0,4,0,4,3.5023962394735397,0.0006989298194998333,0.0,0.28958838248156626,0.0,0.0,1.0,0.0,99.0,1,1
45.74509673761129,5,1,2,5,1,1,5,1,4,7.870633691166629,0.005129006418493102,0.0015240971698796334,0.49294687035438123,0.0,0.0,0.0,0.0,2.0,1,0
33.70354898203723,7,2,5,1,4,4,1,4,5,4.185302740686688,0.0007297807239501558,0.0010961323631892774,0.0798412611547472,0.0,0.0,0.0,0.0,3.0,1,0
28.884101607742,2,0,4,4,2,2,4,2,2,3.966479861948906,0.00021558162682813764,0.0015809137355531654,0.2261658549616383,0.0,0.0,0.0,0.0,3.0,2,0
24.306948576678867,2,0,3,3,2,2,3,2,7,2.32447959166318,0.0035112284461376268,0.0003348331862850038,0.1081374381759636,0.0,0.0,0.0,0.0,1.0,2,0
124.36502216993514,2,0,4,7,2,2,7,2,4,8.968413126544078,0.001225022920227606,0.00045286007795920525,0.18889895490934963,0.0,0.0,0.0,0.0,1.0,1,0
84.90231820138091,1,0,4,3,3,3,3,3,6,3.991482632979141,0.0003216893964870543,4.740912480166509e-05,0.39698454327994476,0.0,0.0,0.0,0.0,3.0,3,0
155.8929375237061,2,0,5,4,1,1,4,1,5,5.278255604704729,0.005164538717415965,0.005080476924180097,0.41413948421198743,0.0,0.0,0.0,0.0,1.0,2,1
10.972784382624749,2,0,2,3,4,4,3,4,5,1.9264164664238905,0.007275807434527679,0.0005617541455230162,0.02554236722671857,0.0,0.0,0.0,0.0,2.0,1,0
64.06481135572284,5,0,7,6,7,7,6,7,2,2.671121157608546,0.0055604093856758165,0.0017936614008072238,0.47715109402686906,0.0,0.0,0.0,0.0,3.0,2,0
130.37572693675583,0,1,8,3,1,1,3,1,6,2.237995802311713,0.007933236046302984,0.0003843142304121183,0.4372172705301086,0.0,1.0,0.0,0.0,2.0,0,0
13.998011436535895,3,1,4,1,1,1,1,1,8,4.692582519456744,0.00733267359449069,4.60551724908799e-05,0.4534351816361936,0.0,1.0,0.0,1.0,1.0,5,0
8.096464286262359,2,0,5,2,5,5,2,5,5,1.6498092618250342,0.0025966379300676975,0.0027281376376477244,0.1946219022499088,0.0,1.0,0.0,1.0,3.0,2,0
65.812691893488,5,0,1,3,1,1,3,1,3,4.754576057227985,0.003848553262945339,0.0025812624000189632,0.2535103310894928,0.0,0.0,0.0,0.0,1.0,1,0
43.44922148894014,3,1,7,1,1,1,1,1,5,4.633534104676697,0.003559052360335969,0.0046660176393819265,0.09256664998459058,0.0,0.0,0.0,0.0,1.0,1,0
87.9834713594665,5,2,3,4,3,3,4,3,9,1.4225470880598325,0.0037087773439422322,0.00021616535458987446,0.2044478795924136,0.0,0.0,0.0,0.0,1.0,2,0
11.775121088638667,6,0,6,2,0,0,2,0,2,4.516278858737739,0.00024162938385553063,0.0,0.07181161250895221,1.0,0.0,0.0,0.0,99.0,3,0
76.37225499643407,3,0,2,2,1,1,2,1,7,2.8517167397103265,0.02456730259626791,0.0003081337848364235,0.43301006798667196,0.0,0.0,0.0,0.0,2.0,0,0
15.133089788016033,5,0,5,4,12,12,4,12,4,9.177123567423662,0.0076093472464672865,0.002058236094493518,0.2947535922222334,0.0,0.0,0.0,1.0,1.0,1,0
13.04218395344831,2,0,2,2,0,0,2,0,7,5.013216404427123,0.0008418841921796067,0.0,0.07663107817388524,0.0,0.0,0.0,0.0,99.0,2,1
13.075009545197782,0,0,4,2,7,7,2,7,8,2.8134479301949584,0.015762330095055708,2.70490333593637e-05,0.4407421328277691,0.0,0.0,0.0,0.0,2.0,0,0
80.82964771538039,6,0,6,3,1,1,3,1,3,3.6793551747935744,0.001039066146997666,0.0001677874862469138,0.04938052078450305,0.0,1.0,0.0,0.0,1.0,0,0
54.2396137557186,5,0,6,1,5,5,1,5,3,5.587247596300091,0.011997002145117244,3.6424853563655736e-06,0.46420418521463425,0.0,0.0,0.0,0.0,2.0,1,0
38.316918035571994,3,0,6,0,2,2,0,2,7,1.518996971537993,0.0018944371521226475,0.0010465309699707608,0.06181716072592885,0.0,0.0,0.0,0.0,2.0,2,0
25.000763075513067,6,0,6,7,1,1,7,1,6,3.4018562695451178,0.007465748863981531,0.0008417433600974278,0.3618083361310295,0.0,0.0,0.0,0.0,2.0,1,1
99.37412002824496,3,2,6,4,4,4,4,4,8,5.430868398484724,0.004556584549768032,0.00013252488445530285,0.3262003902895724,1.0,0.0,0.0,0.0,2.0,1,0
27.424073736385022,1,0,3,5,7,7,5,7,8,3.007538747349379,0.01590971364151527,0.0024377269313144985,0.3935237159256479,0.0,0.0,0.0,1.0,3.0,5,0
81.32371982816314,0,0,4,3,1,1,3,1,4,4.500320862917949,0.0008572636845249299,0.0005622382043560333,0.2867373017918006,0.0,0.0,0.0,1.0,3.0,6,0
31.022369650124617,2,0,4,3,4,4,3,4,5,3.303000686416065,0.00575030576717217,0.00013774288326604952,0.1814615525836704,0.0,0.0,0.0,0.0,3.0,0,0
26.290380461798172,2,0,4,0,2,2,0,2,6,1.4562228419745729,0.001725849136070541,1.7064563197303038e-05,0.1444564388591849,0.0,0.0,0.0,0.0,2.0,3,0
32.952247695482114,4,0,2,1,4,4,1,4,3,4.767941746385482,0.004786671887144599,0.0011673010718522142,0.4732805996735536,0.0,0.0,0.0,0.0,3.0,3,0
21.139037394378892,5,0,4,1,4,4,1,4,4,6.644168326825552,0.008468696102988211,7.768755276735648e-05,0.2262224166252159,0.0,0.0,0.0,0.0,1.0,2,0
66.95497908216228,1,0,4,6,0,0,6,0,6,1.8661386594638913,0.0007930610412365309,0.0,0.4226748387921821,0.0,0.0,0.0,0.0,99.0,1,1
36.437126706301825,4,0,5,4,1,1,4,1,5,3.7021375667442227,0.0018442592186855096,0.0024164099608247995,0.3642973572188649,0.0,0.0,0.0,0.0,3.0,1,0
16.890913894867936,3,0,6,2,2,2,2,2,5,2.0237896704432465,0.02736273601979631,0.002046580510775785,0.3315061241927989,0.0,0.0,0.0,1.0,2.0,3,0
108.42529322977626,2,1,5,3,0,0,3,0,6,1.8828055057623947,0.0005249767481999442,0.0,0.48559855468928287,0.0,1.0,0.0,0.0,99.0,1,1
26.79492840614201,3,0,4,4,0,0,4,0,6,2.5339898108332584,0.000507511409152832,0.0,0.2870702991712665,0.0,0.0,0.0,0.0,99.0,2,1
40.292707197999356,2,0,7,4,3,3,4,3,4,4.630551162403929,0.0010205852712697812,0.002259268143214998,0.3691785415801507,0.0,0.0,0.0,1.0,2.0,0,0
111.62730239193318,3,0,8,1,1,1,1,1,9,2.4391376526848307,0.004839889477392863,0.0023007044195321306,0.4263381188347768,0.0,0.0,0.0,0.0,3.0,3,0
49.045968673579885,5,0,4,3,4,4,3,4,6,2.275513708094599,0.005536673042825912,0.0020939193174954354,0.032528994939072874,0.0,0.0,0.0,0.0,3.0,0,0
10.59415771360009,2,0,8,3,0,0,3,0,0,2.7896184452961568,0.000366029984824307,0.0,0.4981908900015328,0.0,0.0,0.0,0.0,99.0,3,1
131.4777507769494,5,0,6,6,4,4,6,4,2,3.000657463430658,0.001456880625224654,0.0002186293698124133,0.13846542247199292,0.0,0.0,0.0,1.0,1.0,2,0
49.46346180206718,1,2,9,1,7,7,1,7,5,3.440664481806987,0.007865680596009741,0.0007237569735047113,0.3542332250639606,0.0,0.0,0.0,0.0,3.0,1,0
23.35218419980892,0,1,8,2,1,1,2,1,1,8.617775589265193,0.002985275779405974,0.0008989839582234004,0.4772719516523807,0.0,0.0,0.0,1.0,3.0,3,1
11.748956927739162,4,0,1,3,1,1,3,1,5,9.949790450505416,0.017201470681029087,0.00024368841532045155,0.3839370519010123,0.0,0.0,1.0,0.0,2.0,4,0
76.10006280561201,6,1,3,2,16,16,2,16,3,3.521767533197266,0.0077752140574841935,0.0007548160444561253,0.1225124756021039,0.0,0.0,0.0,1.0,3.0,1,0
48.549897840328356,4,0,7,5,1,1,5,1,5,4.744321079021298,0.010360539256686186,0.000828442026096036,0.18753380494112284,0.0,1.0,0.0,0.0,3.0,0,0
39.30862361220627,3,2,5,3,4,4,3,4,7,1.3961187046813006,0.0008667517651503412,0.0009249621065635111,0.21294771380284638,0.0,0.0,0.0,0.0,1.0,1,0
105.94864987414005,5,0,1,1,4,4,1,4,7,6.544440216796436,0.007761411087692304,0.0007023076465323188,0.29731027187487813,0.0,0.0,0.0,1.0,1.0,2,0
74.92955061632324,2,0,8,3,4,4,3,4,6,3.8386198289552174,0.012137566712150943,5.350667046305736e-05,0.3054443860318495,0.0,0.0,0.0,0.0,3.0,3,0
12.40210940568534,2,0,2,2,1,1,2,1,6,1.4810561332944077,0.002861075661763936,0.0001292623616611742,0.3960713594035012,0.0,0.0,0.0,0.0,3.0,2,0
21.810314812811022,2,0,6,3,1,1,3,1,1,5.721169310069658,0.0038681693527744723,0.0014083650372944277,0.4312398741503803,0.0,0.0,0.0,1.0,1.0,2,0
17.855132834697706,4,1,1,2,0,0,2,0,7,4.6045141800360705,0.00094167821666794,0.0,0.053873467985665134,1.0,0.0,0.0,1.0,99.0,2,1
66.30656278407852,3,1,2,4,1,1,4,1,6,5.066136445207251,0.014435296527149873,0.002086682389037893,0.1438467569032642,0.0,0.0,0.0,0.0,1.0,2,1
6.534839293602706,5,0,9,2,4,4,2,4,5,11.386719102292426,0.009556648602404518,0.001935752184754858,0.17839447408252113,0.0,0.0,0.0,0.0,3.0,4,0
42.967110037376436,2,1,4,2,0,0,2,0,3,3.537777897076386,0.0005815658528645809,0.0,0.016548688373654055,1.0,0.0,0.0,0.0,99.0,4,0
69.68361721369004,2,1,1,5,2,2,5,2,6,4.3189041279759985,0.01822001684347786,0.0006950582207621725,0.21461643172546122,0.0,1.0,0.0,0.0,1.0,0,0
99.21503049736721,3,0,3,3,0,0,3,0,3,3.79581479478198,0.00019496514296868983,0.0,0.18581134118011364,0.0,0.0,0.0,0.0,99.0,2,1
23.84035670952917,3,0,3,1,9,9,1,9,3,2.533135576712259,0.003933660548685204,0.0024605460084750033,0.2674411835374261,0.0,0.0,0.0,0.0,3.0,2,0
82.48135835934514,4,0,2,4,2,2,4,2,7,6.2183574198115315,0.0018281852352882218,0.0008997233882285393,0.059088930450919494,0.0,0.0,0.0,0.0,2.0,0,0
10.27597482944498,1,0,2,3,3,3,3,3,4,3.6436612476833408,0.006803998081469427,0.0009275624035159557,0.21285646231761762,0.0,0.0,0.0,0.0,3.0,3,0
89.31847807452594,0,0,5,3,0,0,3,0,3,4.201771869026434,0.0005113610355583516,0.0,0.30273382182261654,0.0,0.0,0.0,0.0,99.0,2,1
11.137083373763188,1,0,7,1,0,0,1,0,5,7.311707192913066,0.000591320616360521,0.0,0.40386948233856773,0.0,0.0,0.0,0.0,99.0,3,1
27.784158404443893,4,0,6,3,9,9,3,9,5,4.27753968606161,0.002130833658912717,0.0004627761742320525,0.3855616932283663,0.0,0.0,0.0,0.0,2.0,5,0
76.82024134969204,3,0,4,5,1,1,5,1,4,6.163355585249706,0.0018169010269138636,0.0002906120645921701,0.20837971928284982,0.0,0.0,0.0,0.0,2.0,2,1
12.308980546418727,4,1,7,2,6,6,2,6,6,1.5890640632388213,0.007373737840886967,0.005288221996270072,0.20087096399120866,0.0,0.0,0.0,0.0,2.0,6,0
16.717686010013793,1,0,9,0,2,2,0,2,3,2.66069224551276,0.01661106333248628,0.0018000305211581732,0.028361303865485077,0.0,0.0,0.0,1.0,3.0,4,0
62.64693939402074,5,0,3,3,5,5,3,5,3,5.684459014579436,0.0014503113937848569,0.0006775748616231264,0.05049586748590788,0.0,0.0,0.0,0.0,3.0,1,0
62.28932773962626,3,0,4,4,6,6,4,6,8,3.237756283708667,0.0037100236320401904,0.0037503650800459736,0.4374791531789072,0.0,0.0,0.0,0.0,1.0,3,0
51.11798939318258,4,0,2,3,1,1,3,1,3,11.477377789108195,0.0034659529711915343,0.0068061716773470116,0.4048787730887515,0.0,1.0,0.0,0.0,1.0,3,0
58.28007690894276,4,0,2,3,2,2,3,2,8,2.640268856929204,0.002401269939381886,0.001669766808887212,0.020332721159821106,0.0,0.0,0.0,0.0,2.0,3,0
40.211109553803716,4,0,9,5,4,4,5,4,4,10.695715622668912,0.014505187963389947,0.0007003342975047704,0.4425124955597178,1.0,1.0,1.0,0.0,1.0,5,0
18.053766466673444,1,0,6,2,1,1,2,1,7,1.8660032294687543,0.018581018187239826,2.7439792274283984e-06,0.3108008379132307,0.0,0.0,1.0,0.0,3.0,1,0
24.088243720696852,4,0,10,2,4,4,2,4,3,1.4538234349524268,0.005499238376758294,0.003045358747358639,0.402940368694276,0.0,0.0,0.0,1.0,2.0,1,0
14.018057353243933,3,0,4,2,0,0,2,0,3,1.852095379837054,0.0004840704471677944,0.0,0.2562380943471861,0.0,0.0,0.0,0.0,99.0,2,1
112.58942626956433,2,0,5,3,7,7,3,7,3,6.191983421874133,0.009448614881038982,0.0017085572787085602,0.08380692547716032,0.0,0.0,0.0,0.0,3.0,1,0
44.402407458646934,5,0,3,2,1,1,2,1,7,1.5968727358924084,0.003991037209537864,0.00029555248273563676,0.18487634556912363,0.0,0.0,0.0,0.0,2.0,1,0
28.051054676556006,4,0,3,4,3,3,4,3,7,2.018004860986134,0.004851966012773934,0.0005795129256782918,0.23051424801755246,0.0,0.0,0.0,0.0,2.0,0,0
32.895837784452354,3,0,3,3,0,0,3,0,3,2.4696496688147844,0.00014176968163520995,0.0,0.37941694959322014,0.0,0.0,0.0,0.0,99.0,1,1
137.4270681648745,4,0,4,1,1,1,1,1,0,8.210796506274882,0.002125739714455123,0.0012590655733054235,0.4082193715864754,0.0,0.0,1.0,0.0,1.0,2,0
12.49112975578253,4,1,3,3,2,2,3,2,3,4.922513495623452,0.0006534067556505228,0.0013083523618143257,0.37331193422580083,0.0,0.0,0.0,0.0,1.0,5,0
44.71000740988493,3,0,0,5,0,0,5,0,5,3.2885551036859297,0.00037684602693950495,0.0,0.24355724543511603,0.0,0.0,0.0,0.0,99.0,3,1
36.724749835692975,1,1,5,5,1,1,5,1,2,1.2588923224161426,0.013187625922196711,0.0018112442880412406,0.3352137087644543,0.0,1.0,0.0,0.0,3.0,4,0
47.54049431013827,2,1,4,3,7,7,3,7,7,4.036407569181174,0.007271757458318699,0.002297951139771533,0.1548022428995053,0.0,1.0,0.0,0.0,3.0,1,0
5.822428118292375,0,0,6,4,1,1,4,1,6,1.667590318779141,0.007855732056836158,0.0011087471872753935,0.49402283788370843,0.0,0.0,0.0,0.0,1.0,1,1
97.55120851433135,4,0,5,5,0,0,5,0,5,4.292834876460816,0.0006082673232032257,0.0,0.09242081138757732,0.0,0.0,1.0,0.0,99.0,2,1
126.04948415110634,1,0,5,3,2,2,3,2,4,5.1025710047830355,0.0028115111485281286,0.0006558388737427353,0.3645652569249105,0.0,0.0,0.0,0.0,3.0,4,0
42.4721958774529,5,0,7,3,3,3,3,3,9,4.224348089488794,0.00026231894560740514,0.00032214766104821904,0.08591598152287898,0.0,0.0,0.0,0.0,1.0,1,0
58.67918332366812,1,0,4,0,1,1,0,1,6,6.289053581721339,0.007629909036839843,0.0015661259844779079,0.14762440937040788,0.0,1.0,0.0,0.0,3.0,5,0
120.08612110305319,4,0,4,4,3,3,4,3,4,2.4644814220590634,0.004083502450433072,0.0005381954223824044,0.37692464692780164,0.0,0.0,0.0,1.0,2.0,3,0
60.277885402663316,1,0,5,3,0,0,3,0,5,6.505467527075605,0.00044327540511843525,0.0,0.36726669888619057,1.0,0.0,0.0,0.0,99.0,2,0
12.447972910585477,6,0,3,3,1,1,3,1,10,2.6350325495335336,0.009144181017616817,0.002317045245879981,0.0710098149463504,0.0,0.0,0.0,0.0,3.0,1,1
43.64159674336521,4,1,3,1,1,1,1,1,4,1.9547448577646507,0.009280457149728562,0.00021107686070791264,0.3424859433024591,0.0,0.0,1.0,0.0,1.0,4,0
46.99493856653068,1,0,4,1,0,0,1,0,3,2.557764257442402,0.0008956858382253994,0.0,0.1098811341319583,0.0,0.0,0.0,0.0,99.0,0,1
29.83435267652695,3,1,6,3,1,1,3,1,7,3.5150837050920254,0.0020464899504782233,0.0012261683869190223,0.48675117643105403,1.0,0.0,0.0,0.0,3.0,1,0
65.00706367475264,3,2,6,3,1,1,3,1,10,1.8413555703294193,0.01883852228507158,0.0008572497085315814,0.3054953499099648,0.0,0.0,0.0,0.0,3.0,3,0
127.56545985931136,4,2,3,1,1,1,1,1,5,3.272508934876437,0.0005925757162821262,0.0023371730961896887,0.011704918242271904,0.0,0.0,1.0,0.0,2.0,2,0
121.90442958743527,2,1,1,5,4,4,5,4,3,4.341718877671332,0.003854553973938322,0.00047722940557786325,0.1121427300722686,0.0,0.0,0.0,0.0,1.0,3,0
31.971393333662796,4,0,5,3,2,2,3,2,3,2.4346479860507446,0.004679853936615636,0.0040176559286581445,0.12250669300105242,0.0,0.0,0.0,0.0,3.0,4,0
10.40804170483029,3,0,5,2,2,2,2,2,5,6.050748233782819,0.0009553132206471338,0.0009318187046299005,0.13107807444179753,0.0,0.0,0.0,1.0,3.0,3,0
193.5128295104318,3,0,5,2,1,1,2,1,8,3.2125293247879068,0.009746259067153562,0.0005490004660752823,0.2829756060643,1.0,0.0,0.0,0.0,3.0,1,0
87.15731498682993,2,0,3,6,3,3,6,3,5,1.4388663423772536,0.002452656518824705,0.0025983532152177116,0.11074729273319409,0.0,0.0,0.0,1.0,3.0,2,0
10.991568187267852,4,1,1,3,2,2,3,2,3,3.1639655407938174,0.0002882950494997775,0.0016790597336276327,0.2122681186305523,0.0,0.0,0.0,0.0,3.0,2,0
119.13385734334742,3,2,4,1,4,4,1,4,4,1.6109669499066874,0.005613927899271736,0.0038913760184290744,0.09492923411479282,0.0,0.0,0.0,0.0,1.0,4,0
96.77407690520886,1,0,4,3,4,4,3,4,4,1.57364575556079,0.011730829559095162,0.00048664184089374337,0.33678220025739547,0.0,0.0,0.0,0.0,3.0,3,0
37.91981236858921,1,0,1,0,3,3,0,3,6,2.1284934776871083,0.0029091305069283285,0.00015159521461108208,0.2886662650355716,1.0,0.0,0.0,0.0,2.0,2,0
45.262120407308366,2,0,5,3,1,1,3,1,4,5.57038297321535,0.0035114576476029456,0.0013566618883795775,0.3180620633548933,0.0,0.0,1.0,0.0,2.0,4,0
27.912417953405612,2,0,3,3,0,0,3,0,5,4.076216591178297,0.0003983929453137884,0.0,0.48403009052329826,0.0,0.0,0.0,1.0,99.0,1,1
7.53431671594822,1,0,0,3,0,0,3,0,6,1.3990038405705185,0.0007447152973648096,0.0,0.20565795212555177,1.0,1.0,0.0,1.0,99.0,0,0
23.37191988353335,6,0,1,1,7,7,1,7,5,5.801789909922157,0.004344374429810927,0.0014330826496744891,0.11558158662076792,0.0,0.0,1.0,0.0,3.0,1,0
78.07135599797805,2,1,2,5,0,0,5,0,7,7.593414037362137,0.0008063027721090185,0.0,0.4993977418828166,0.0,0.0,0.0,0.0,99.0,2,1
5.20892528298543,5,0,4,10,0,0,10,0,6,3.8433635676136646,0.0008339268857016242,0.0,0.03845678186165193,0.0,0.0,0.0,0.0,99.0,1,1
23.257125346557594,7,1,3,0,10,10,0,10,6,2.3422719970575376,0.0011370337697261866,0.0013644388607627449,0.40707119201810743,1.0,0.0,0.0,0.0,1.0,1,0
27.85001426846052,5,0,0,3,3,3,3,3,5,2.8571076504006294,0.0018887496064865705,0.0013383293289357568,0.08946653726274403,0.0,0.0,0.0,1.0,2.0,2,0
39.68973608557468,4,1,6,5,0,0,5,0,3,4.520106201651879,0.0002789309318796554,0.0,0.3357447646790925,0.0,1.0,0.0,1.0,99.0,1,1
118.57664642688687,3,0,2,4,1,1,4,1,5,1.0880964949686502,0.01478721804163667,0.0016318088674055677,0.24216015909443298,0.0,0.0,0.0,0.0,1.0,0,0
24.132969990085552,4,1,4,5,3,3,5,3,4,2.8350843480452177,0.010088878598360778,0.0014918352077217787,0.42112252607620265,0.0,0.0,0.0,1.0,1.0,2,0
24.174791868132285,1,0,2,5,6,6,5,6,3,1.6526780389009499,0.006828971768323361,0.00034502928904890266,0.36823463930026035,0.0,0.0,0.0,1.0,2.0,2,0
65.18790282495046,2,0,3,0,6,6,0,6,3,3.943530162464344,0.005773520351865932,0.0007289734729094522,0.09444458952982263,0.0,0.0,0.0,1.0,1.0,2,0
32.08449980715527,4,0,6,3,3,3,3,3,4,1.927752774408698,0.005453825299768652,0.0010898702133542101,0.33597004914192197,0.0,1.0,0.0,0.0,1.0,1,0
16.447211316622642,1,1,5,2,2,2,2,2,5,8.783807828125056,0.002173174667392655,0.0018306255190734058,0.1163745812159337,0.0,1.0,0.0,0.0,1.0,2,0
32.10270577592698,4,0,1,4,3,3,4,3,3,4.394783875040733,0.003740467625770229,0.0010247782555734457,0.0929425089456257,0.0,0.0,0.0,0.0,3.0,3,0
11.831896486912417,6,0,2,1,5,5,1,5,4,4.15703110532576,0.0017629140483351265,0.002053455596755755,0.05121686252103671,0.0,0.0,0.0,0.0,1.0,2,0
13.732452644364354,3,0,3,1,0,0,1,0,2,3.0840197087439667,0.00040775178414619343,0.0,0.06569145699550974,0.0,0.0,0.0,0.0,99.0,1,1
36.044961926126796,1,0,4,0,2,2,0,2,2,2.2060003401025767,0.006011478382983685,0.00037805839014990616,0.3548999082023054,0.0,0.0,0.0,0.0,3.0,0,0
29.429429731520315,2,1,7,4,4,4,4,4,2,1.6984075343372955,0.00310358639314568,0.0003711739250096429,0.49613959595564555,0.0,0.0,0.0,0.0,2.0,1,0
115.84817308637658,4,0,4,4,6,6,4,6,4,4.630855321227562,0.00433831648519566,0.0005047813306112358,0.3411382406132377,0.0,0.0,0.0,0.0,3.0,2,0
25.25155623678777,3,0,2,2,5,5,2,5,1,1.7197304995450617,0.008346764139696101,0.004445804531204922,0.35714891745329985,1.0,0.0,0.0,0.0,2.0,0,0
44.100607270337235,1,2,3,1,0,0,1,0,6,2.9767596692948377,0.0005331292670036091,0.0,0.39352779181212083,0.0,0.0,0.0,1.0,99.0,1,1
50.01758476330316,7,1,5,1,1,1,1,1,9,2.691214302030127,0.0048896978604243396,0.00030511018644448587,0.4456155705788367,0.0,0.0,0.0,1.0,3.0,2,1
5.593142517154665,2,1,2,2,6,6,2,6,7,5.899356861294868,0.004796570580581805,0.0005686939240289394,0.1411875724984292,0.0,0.0,0.0,0.0,3.0,3,0
54.0170688666195,5,0,6,3,6,6,3,6,7,4.994171493999447,0.008026689850157588,0.0006288221667743627,0.3062273854216443,0.0,0.0,0.0,1.0,3.0,1,0
13.82263880896617,6,0,3,0,2,2,0,2,3,7.057633619048836,0.013178250850923346,0.00085135005485064,0.11615209985126006,0.0,0.0,0.0,0.0,3.0,3,0
151.0699222522592,1,0,2,5,3,3,5,3,6,2.0629218589829486,0.0018273975818445636,0.00021313145319760306,0.26756238623331463,1.0,0.0,0.0,1.0,2.0,1,0
12.242610693958103,0,1,7,3,7,7,3,7,4,2.8692980668008223,0.0034552045548999454,0.000398081645243406,0.11224757981672549,0.0,1.0,0.0,1.0,3.0,4,0
29.09755015414731,2,0,4,3,7,7,3,7,9,5.396574395957004,0.004668706367286665,0.0014372899818092088,0.04136261016825606,0.0,1.0,1.0,0.0,1.0,2,0
9.014604694272641,3,0,2,1,5,5,1,5,7,4.261482042680426,0.009131109172451959,0.0053265330523378715,0.053259422301064195,0.0,0.0,0.0,0.0,1.0,4,0
264.56367268178417,5,0,7,1,0,0,1,0,5,2.5616801553759743,0.0004909114136207168,0.0,0.488388174172428,0.0,0.0,0.0,0.0,99.0,3,1
36.38960895462017,0,0,5,0,4,4,0,4,2,12.02648850579621,0.0006853663580399637,0.0008110347714653537,0.01294886013732589,0.0,0.0,0.0,0.0,2.0,0,0
45.71686958400256,0,1,3,4,1,1,4,1,4,7.13232967447127,0.0034333304333552524,0.00012460467985533745,0.3481808472744741,0.0,0.0,0.0,0.0,3.0,0,1
8.124442287271437,3,0,2,3,0,0,3,0,4,4.3790407012691315,0.00048432696411184866,0.0,0.44478069563034783,0.0,0.0,0.0,0.0,99.0,1,1
67.37613148471996,4,0,4,2,0,0,2,0,1,1.4475917206732685,0.0007626253074791071,0.0,0.20291482459873486,0.0,0.0,0.0,0.0,99.0,3,1
15.602127721261844,3,1,2,2,4,4,2,4,10,3.6147066216158676,0.005158586106297928,0.00015059925973638004,0.3569762732767183,0.0,0.0,0.0,0.0,1.0,1,0
107.74916855652337,4,0,3,4,0,0,4,0,5,2.9935040585536843,0.00035830150959520045,0.0,0.18095477291109813,0.0,0.0,0.0,1.0,99.0,1,1
15.3314972672375,3,0,3,4,5,5,4,5,7,5.4232397249173205,0.0051973540379580034,0.0002468180260096181,0.2691927773024209,1.0,0.0,0.0,0.0,2.0,2,0
14.520669341396713,5,2,2,0,3,3,0,3,4,2.0576292624957535,0.002151800857463108,0.003717148044705201,0.46849243419641007,0.0,0.0,0.0,0.0,3.0,3,0
6.675545383595248,6,2,10,0,1,1,0,1,6,2.7748216082669157,0.03292434728317011,0.004547711249838564,0.030744185424983084,0.0,0.0,0.0,0.0,1.0,2,0
33.745360698295876,3,0,7,6,4,4,6,4,2,5.665829198214348,0.006143913183268911,0.00010904681026443501,0.1409157300252697,0.0,0.0,0.0,0.0,2.0,1,0
42.44198466542812,4,0,3,6,2,2,6,2,8,4.610128303880735,0.027920043173240046,0.0009597031117115702,0.06193439703208185,0.0,0.0,0.0,0.0,3.0,4,0
8.058512308062042,1,0,2,3,2,2,3,2,4,1.7752937854546007,0.005837543996714182,0.00023119928330042478,0.2530034617883164,0.0,0.0,0.0,1.0,2.0,1,0
72.23011671192675,3,1,6,0,14,14,0,14,3,6.178501486933362,0.011127390523943088,0.00011078270475034166,0.38753540205198106,1.0,0.0,0.0,0.0,3.0,1,0
32.172559263212975,3,1,4,5,0,0,5,0,4,3.676310831414437,0.000339960268461421,0.0,0.4885338643168891,0.0,0.0,0.0,0.0,99.0,0,1
38.44209445666686,2,0,4,5,4,4,5,4,5,2.7877008037429944,0.0006171988875015772,0.0036015221296698584,0.08616956150282419,0.0,0.0,0.0,0.0,3.0,1,0
31.153166230441112,4,0,5,3,3,3,3,3,3,7.105762799170384,0.00014006332890784538,0.005734281491771656,0.03152604895612495,0.0,0.0,0.0,1.0,2.0,2,0
28.04441905737146,3,0,4,6,5,5,6,5,4,2.842239756045565,0.004951276520876793,0.003819434105310663,0.07779096809678697,0.0,0.0,0.0,0.0,2.0,1,0
41.90735557120436,5,0,5,2,4,4,2,4,3,5.1308351293582,0.010986986548746537,0.0011790913589589177,0.48468873265335727,0.0,0.0,0.0,0.0,1.0,2,0
12.591635304242995,3,0,3,4,0,0,4,0,3,8.340923533869828,0.00015214571667569428,0.0,0.1668631912806051,0.0,0.0,0.0,1.0,99.0,2,1
14.036228879388148,3,1,6,3,18,18,3,18,7,5.121387155221308,0.010130304126172156,0.00010733903809348567,0.14091451095639482,0.0,0.0,0.0,0.0,3.0,2,0
94.05271977332632,2,0,5,0,2,2,0,2,5,3.7634587660548933,0.001232735643234556,0.00016553451420203957,0.3701829537244162,0.0,1.0,1.0,0.0,1.0,1,0
136.44102691691086,0,0,2,4,4,4,4,4,6,4.175593529764801,0.003915811050899885,0.0014333683777896316,0.06913093466415658,0.0,0.0,1.0,0.0,2.0,3,0
26.028598436381237,4,0,2,4,5,5,4,5,9,1.083568899480697,0.0018490017075512206,0.0008593535363349268,0.1810467910683959,0.0,0.0,0.0,0.0,3.0,0,0
19.20791145616997,3,0,5,1,2,2,1,2,7,4.447851614805777,0.010643507324358772,0.003314772650367256,0.0809576951282009,0.0,0.0,1.0,0.0,1.0,1,0
51.47704692925057,2,0,5,2,2,2,2,2,6,3.4509254905187063,0.015071951980681175,0.0006217859719386227,0.4874170345657919,0.0,0.0,0.0,0.0,2.0,2,0
28.647030542326082,4,0,5,5,10,10,5,10,8,4.203886259395823,0.01541165495540465,0.00012140633853266425,0.14971012225820393,0.0,1.0,0.0,0.0,2.0,1,0
6.157136692969116,6,0,8,6,0,0,6,0,3,1.713375350083334,0.0007943378150222432,0.0,0.14190566313710207,0.0,0.0,0.0,0.0,99.0,1,1
12.640262148477976,4,0,9,3,2,2,3,2,7,7.943844997243032,0.005361678383802675,0.0013869807512068102,0.3208573625105954,0.0,0.0,0.0,0.0,1.0,2,0
61.64074669338705,4,0,7,4,0,0,4,0,5,1.760796592578972,0.0009914827055838974,0.0,0.01814199674663112,0.0,0.0,0.0,1.0,99.0,4,1
53.40424020428911,2,1,5,3,1,1,3,1,10,2.1626370536207804,0.012480334837550143,0.0002492860467826911,0.3302334359445182,0.0,0.0,0.0,0.0,1.0,3,0
6.236143604799804,1,0,4,2,7,7,2,7,5,5.052938907228875,0.008964755971471684,0.0005924474689688954,0.23238893337519495,0.0,0.0,0.0,0.0,1.0,4,0
16.294683824001723,1,0,6,2,1,1,2,1,8,2.7440580863031614,0.006892117691840906,0.002362309556933435,0.10022615558289152,0.0,0.0,1.0,0.0,2.0,1,0
16.824271052791893,1,1,2,3,1,1,3,1,11,2.8886867010404327,0.0011251642333894919,3.446948433582361e-07,0.24830805984738233,0.0,0.0,1.0,0.0,3.0,2,0
55.14866252725333,4,0,2,0,0,0,0,0,4,2.7444606980038126,0.00020734085978405223,0.0,0.4995042469308296,0.0,1.0,1.0,0.0,99.0,1,0
5.895832158146273,3,2,6,2,0,0,2,0,4,2.535969651485524,0.000514276076804372,0.0,0.42101492561676684,0.0,0.0,0.0,0.0,99.0,3,1
9.947122637061778,4,0,7,4,4,4,4,4,5,5.360635319616135,0.004248136795712283,0.00027331246559567026,0.48734042263792077,1.0,0.0,0.0,0.0,1.0,5,0
77.40582922833087,4,1,5,1,5,5,1,5,4,10.07858413697493,0.006279588876404444,0.0013555344755235745,0.46377005862321136,0.0,0.0,1.0,0.0,2.0,4,0
13.85049692533034,2,2,1,4,0,0,4,0,5,3.5962918640194834,0.00025308077620610274,0.0,0.41200338618129567,0.0,0.0,0.0,0.0,99.0,5,1
52.596459001425956,6,1,6,4,5,5,4,5,5,3.365466155146108,0.0055686057053356535,0.0010852144477466418,0.17402479192605674,0.0,0.0,0.0,0.0,2.0,1,0
17.242187999404784,3,0,4,3,0,0,3,0,12,2.2613191563844417,0.0007240151927352913,0.0,0.3676687011900127,0.0,0.0,0.0,0.0,99.0,1,1
9.71330150681921,1,0,3,5,0,0,5,0,4,4.290779168187558,0.00036906963283594947,0.0,0.20185364129630898,0.0,0.0,1.0,0.0,99.0,1,1
17.537878238515127,3,0,1,5,2,2,5,2,1,3.19524674130342,0.009661202564009654,0.003509919281524312,0.22046807151912623,0.0,0.0,0.0,0.0,3.0,1,0
62.649266589366434,2,0,7,3,1,1,3,1,7,6.070244632789256,0.00097580467679504,0.0020667606502373726,0.4379621145662087,0.0,0.0,0.0,0.0,3.0,4,0
92.11263518542683,2,1,2,2,2,2,2,2,5,1.8769979376336727,0.00719049612222923,0.0011773652390394621,0.11053975271382895,0.0,1.0,0.0,0.0,3.0,2,0
84.7962949989004,3,0,7,4,2,2,4,2,3,3.0651117993436285,0.0179433279585222,0.0007824923267319142,0.15533123331908724,0.0,0.0,0.0,0.0,2.0,2,0
27.77641202637898,3,0,8,1,3,3,1,3,3,5.197364439835234,0.0058355747095305815,0.0006386208699087602,0.46594506246756495,0.0,0.0,0.0,0.0,3.0,2,0
54.62945502820677,3,0,6,4,1,1,4,1,3,4.860279303015209,0.015036488016299313,0.0016827170460933676,0.35280126133425926,0.0,0.0,0.0,0.0,1.0,5,0
15.322703464804135,3,0,3,3,2,2,3,2,6,3.5983191276444546,0.010073871071848938,0.00026309215405190294,0.04180040972327493,0.0,0.0,0.0,0.0,3.0,1,0
20.612011487563258,6,1,2,3,0,0,3,0,7,2.5140652593789223,0.0009542270567756527,0.0,0.06959038103120227,0.0,0.0,0.0,1.0,99.0,2,1
106.9969382883907,6,1,5,3,1,1,3,1,6,2.498110025957437,0.004186078138102109,0.0001889232808032225,0.29397863325619816,0.0,0.0,0.0,0.0,2.0,0,0
5.588923477832825,3,0,6,4,3,3,4,3,8,4.935089972729825,0.008162293371180941,0.000514175937284114,0.4013899310157739,0.0,0.0,0.0,0.0,1.0,1,0
9.02242128337021,3,0,0,4,4,4,4,4,7,5.997884102169463,0.0004273622010702232,0.0014468599896929222,0.3984753420544041,0.0,0.0,0.0,0.0,2.0,1,0
15.487262610791683,3,0,4,4,5,5,4,5,4,6.312487763859085,0.006838962298528108,0.001693007510327296,0.21821374685066686,1.0,1.0,0.0,0.0,2.0,1,0
6.210074085094259,2,0,5,0,6,6,0,6,4,3.1028975588467844,0.004175730388943848,0.0023662519148791093,0.13666955653363622,0.0,0.0,0.0,0.0,3.0,1,0
14.009135148062274,3,2,5,2,4,4,2,4,5,2.660355924333728,0.00556457573214083,0.004110113913198299,0.3959769255666053,0.0,0.0,0.0,0.0,1.0,1,0
44.3645927934965,3,1,4,4,4,4,4,4,3,4.202645793600544,0.04600211089493425,0.0004802174748953718,0.4725933831545541,0.0,0.0,0.0,0.0,1.0,2,0
29.62338432655102,3,0,4,5,1,1,5,1,4,3.205185101275921,0.0021312304071139207,5.3230179792336425e-05,0.22762404771535136,0.0,0.0,0.0,0.0,2.0,1,1
105.43383593698223,1,0,2,8,0,0,8,0,2,2.7304925378155183,0.0004512009879812393,0.0,0.0772654064993629,1.0,0.0,0.0,0.0,99.0,2,0
81.53131563587652,4,0,1,4,5,5,4,5,4,3.0196136691460076,0.01795284989892348,0.0013546756685228409,0.30876737990711023,0.0,0.0,0.0,0.0,1.0,1,0
23.82227623260644,1,0,3,2,1,1,2,1,4,4.781142895102468,0.0033927685396698674,0.002230036244635404,0.04510115697091536,0.0,0.0,0.0,0.0,2.0,3,0
18.514681346627533,4,0,6,3,0,0,3,0,6,2.7207236741988807,0.000996365155018372,0.0,0.30963529481270613,0.0,0.0,0.0,0.0,99.0,4,1
26.4892913648842,2,0,2,4,0,0,4,0,12,2.6939458582349682,0.00016106791393414476,0.0,0.09474345809683205,0.0,0.0,0.0,0.0,99.0,2,1
45.15429875644874,2,0,2,1,1,1,1,1,4,3.288762114593878,0.0002279171806458536,0.0013397892469696991,0.2628297482964718,0.0,0.0,1.0,0.0,1.0,3,0
19.04277694168728,5,0,1,2,5,5,2,5,1,2.1436159193385844,0.0013860805327958283,0.0005651692761625458,0.31649215619835386,0.0,0.0,0.0,0.0,2.0,4,0
49.035301049618944,4,0,3,5,1,1,5,1,2,4.573603352280858,0.006132208651454576,0.0017415775199134246,0.22889558556062553,0.0,0.0,0.0,1.0,2.0,1,1
28.698621767591504,1,2,5,4,2,2,4,2,7,2.2210045261881026,0.020096292881050585,0.0013079305257088507,0.4153754627431826,0.0,0.0,0.0,0.0,1.0,4,0
41.138031493168,1,1,6,5,0,0,5,0,3,3.342268448247809,0.0008805537437097624,0.0,0.1936073429286678,0.0,0.0,0.0,0.0,99.0,1,1
30.781642779100043,5,0,5,3,4,4,3,4,6,3.7945588797350567,0.0002241089668101872,0.0015009238906632234,0.08596606473254027,0.0,0.0,0.0,0.0,3.0,0,0
20.695998886804993,3,0,4,3,4,4,3,4,4,1.0857840487460502,0.0039023204401897904,0.0009787060079013276,0.23731329027346565,1.0,0.0,0.0,1.0,3.0,4,0
138.43702495184917,1,0,10,3,2,2,3,2,2,2.971287694421954,0.005919458975257197,0.00014023143266984978,0.4821340260863511,1.0,0.0,0.0,0.0,2.0,2,0
69.90145266796863,1,0,0,5,5,5,5,5,6,4.565462171624994,0.007089903695382151,0.0001436932873124606,0.4412892890454768,0.0,0.0,1.0,0.0,3.0,2,0
11.79295241553594,5,0,5,5,1,1,5,1,7,1.8138090559503963,0.018167442360446606,0.004529817926436342,0.16243080966557968,0.0,1.0,0.0,0.0,2.0,1,0
96.28272174736958,4,1,7,6,4,4,6,4,3,3.396005336520374,0.00031775863537615535,0.002515784316810167,0.12892549477198667,0.0,0.0,0.0,0.0,3.0,5,0
35.07441483478624,4,0,2,4,4,4,4,4,5,2.904337006670528,0.005822071127050143,0.0030065790116576598,0.24681119696660228,0.0,0.0,0.0,0.0,2.0,4,0
106.22927706303845,1,0,4,3,0,0,3,0,6,2.4641465722000486,0.0009459575743933551,0.0,0.3310274224977815,0.0,0.0,0.0,0.0,99.0,1,1
77.39215042684552,0,0,3,6,1,1,6,1,9,2.322319268297842,0.01980682216132384,0.00340630446852163,0.46409251717314265,0.0,0.0,1.0,0.0,1.0,2,0
29.919047866637328,4,1,7,1,1,1,1,1,6,2.9430190956566404,0.0025704306547904734,0.002648920676139262,0.31052983848684207,1.0,0.0,1.0,0.0,2.0,3,0
6.022651526489305,2,1,5,3,0,0,3,0,6,6.429338740094339,0.0008808965462338076,0.0,0.4196970444244385,0.0,0.0,0.0,0.0,99.0,4,1
19.0805246499419,4,0,3,1,1,1,1,1,3,4.263088049766022,0.0386390754988129,0.0012215782971684165,0.3510759902131315,0.0,0.0,1.0,0.0,1.0,4,0
40.103949005590835,1,0,2,2,1,1,2,1,4,3.3282121219002776,0.009842475286727317,0.0005259524367726742,0.059746289126295926,0.0,0.0,0.0,0.0,2.0,4,1
50.16637993705414,1,0,4,3,2,2,3,2,6,5.2547832251915025,0.004567653920716395,0.00010591098484063612,0.4469749068621495,0.0,0.0,0.0,0.0,2.0,3,0
18.42146059680225,4,0,6,1,2,2,1,2,3,3.9988433740227283,0.0005580133351276377,6.371154483530044e-05,0.10777334742891909,0.0,0.0,0.0,0.0,3.0,2,0
11.753348847382199,2,0,2,5,7,7,5,7,4,5.53314170476119,0.004765854710297816,0.001394839444537397,0.1896570300025974,0.0,0.0,0.0,0.0,3.0,0,0
86.06241892230763,1,0,4,2,0,0,2,0,5,2.528433079252721,0.0002068294506527867,0.0,0.42172823867865233,0.0,0.0,0.0,1.0,99.0,0,1
192.22808734342553,1,0,7,3,11,11,3,11,7,3.108654951202011,0.0008280211436624585,0.0005636765063213851,0.4898143159420007,0.0,0.0,0.0,0.0,1.0,2,0
38.56525461374391,3,0,2,1,5,5,1,5,6,7.084224238735034,0.0016827963296771114,0.00019018898759625008,0.16219977754688952,0.0,0.0,0.0,0.0,1.0,3,0
13.475968864703326,4,0,5,3,6,6,3,6,8,1.6090986317895801,0.011595490806250434,0.00015332895101542333,0.1977791928260511,0.0,0.0,1.0,0.0,3.0,3,0
19.30444122780198,2,1,8,2,8,8,2,8,5,5.071323802623082,0.004545035619780701,0.00021761769562611265,0.24795068450658644,0.0,1.0,0.0,0.0,2.0,3,0
5.83528493348447,2,0,1,2,4,4,2,4,3,3.6980096626598264,0.03018330419703021,0.0003322872389866497,0.25401590847230654,0.0,0.0,0.0,1.0,3.0,1,0
115.55998374621007,4,0,4,4,5,5,4,5,5,2.923624823442845,0.0055159138675432715,9.949800748700405e-05,0.37768370334332374,0.0,0.0,0.0,1.0,1.0,0,0
10.637646973079136,3,0,6,2,2,2,2,2,3,12.234107678448883,0.0035035482993942915,0.0028941068258898205,0.4103881795921006,0.0,0.0,0.0,0.0,1.0,2,0
43.665830099067016,1,0,4,5,3,3,5,3,4,1.8384228891112004,0.013032795531002787,0.0012571436416439854,0.49560755973454257,0.0,1.0,0.0,0.0,1.0,2,0
19.41265978712568,1,0,4,2,8,8,2,8,1,1.3495714485583834,0.0013698283397393359,4.3660773436157586e-05,0.40407207262995737,0.0,1.0,0.0,0.0,3.0,2,0
41.352598193314336,3,0,2,3,2,2,3,2,3,4.8231494647976065,0.018540609799539726,0.00023268479886801808,0.15689289531616782,0.0,0.0,0.0,0.0,1.0,1,0
52.42498852937121,2,0,4,2,1,1,2,1,2,1.7548283410365404,0.007809021286510793,0.0021759185685777355,0.18549381662192918,0.0,0.0,0.0,0.0,2.0,1,0
84.66976365900621,3,0,5,2,5,5,2,5,4,4.227913894374655,0.008942594101005496,0.0020115363915919346,0.3128483326844559,0.0,0.0,0.0,0.0,1.0,2,0
15.404113737704114,2,0,3,2,0,0,2,0,4,3.6724228403934287,0.0006234464238372367,0.0,0.3464526120817696,0.0,0.0,0.0,0.0,99.0,5,1
5.497552833426374,6,0,6,2,5,5,2,5,3,1.330931452911999,0.0012235993401672385,0.0010737390132784283,0.05408135150164197,0.0,1.0,0.0,0.0,1.0,2,0
11.624363180932573,7,2,2,6,1,1,6,1,1,7.554728120237845,0.0009772508224528676,0.0008364681009835912,0.17840233960142066,0.0,0.0,0.0,0.0,2.0,3,0
108.62471879839318,4,0,4,2,3,3,2,3,4,2.3660342476772933,0.008457939911622548,0.001741514188874976,0.1093067024263762,0.0,1.0,0.0,0.0,3.0,2,0
98.17706084239052,2,0,6,4,1,1,4,1,2,3.679039350171453,0.005008682175590286,0.00024549936965685015,0.2588462609715801,0.0,0.0,0.0,0.0,1.0,1,1
45.94299395884216,2,0,3,2,7,7,2,7,3,10.066104067258294,0.0029960815226264368,0.0011565386176115777,0.09266184671010051,0.0,0.0,1.0,0.0,1.0,1,0
46.29126733274061,0,1,5,0,0,0,0,0,1,8.82802717118694,0.0008452142976035009,0.0,0.2945633053409213,0.0,0.0,0.0,0.0,99.0,2,1
54.218040323338066,5,0,5,6,6,6,6,6,5,9.542838196065858,0.007980515080359771,0.00038140929822987535,0.23897528464899961,0.0,0.0,0.0,0.0,3.0,2,0
13.676991288734847,2,1,1,2,1,1,2,1,6,4.093342932572268,0.006653405190734276,0.001579083260606172,0.2079226606178593,0.0,0.0,0.0,1.0,2.0,2,1
115.61943023470857,4,1,5,2,0,0,2,0,8,4.515455174931213,0.0008353649361668107,0.0,0.3279869140265675,0.0,1.0,0.0,0.0,99.0,2,1
29.417433545584313,4,0,6,1,1,1,1,1,5,2.30876367804444,0.0010347710688101567,0.0014479575638374701,0.21399761294426828,0.0,0.0,0.0,0.0,3.0,1,1
26.73998596975408,4,0,2,3,2,2,3,2,3,2.5139909369260627,0.015490598791641514,0.001128600138346809,0.20563978616314077,0.0,0.0,0.0,0.0,2.0,1,0
37.927261968020645,5,0,3,5,3,3,5,3,7,6.198208561390661,0.0037177042411361953,0.0015494819596547772,0.32904966554783227,0.0,0.0,1.0,0.0,3.0,3,0
7.1647098931389746,3,1,0,3,1,1,3,1,7,6.548791747686275,0.010492835151043016,0.0006605169506483095,0.038070279216971384,0.0,0.0,0.0,0.0,3.0,1,1
13.183776727217255,3,0,2,1,2,2,1,2,4,2.262933100055129,0.005806120862012161,0.0004832435377102002,0.22191636197141817,0.0,0.0,0.0,0.0,1.0,1,0
65.27925906907834,5,0,5,0,1,1,0,1,4,2.68257501719005,0.0009981080957061283,0.0015965660283536916,0.10574625672356773,0.0,0.0,0.0,0.0,3.0,6,0
8.889272405232962,4,0,3,1,6,6,1,6,5,5.204873196285654,0.010448497037419627,0.0003186121763442141,0.028900739921246907,0.0,0.0,0.0,0.0,1.0,3,0
46.5890998543302,3,0,3,3,1,1,3,1,4,1.6937344864653459,8.744953756653837e-05,0.0006202692898490788,0.026994533000237984,0.0,0.0,0.0,0.0,3.0,4,1
17.667501512019836,4,0,5,3,0,0,3,0,4,4.8317936006385285,0.0005290911220720431,0.0,0.09213413339093897,0.0,0.0,0.0,1.0,99.0,1,1
27.191401561633477,3,0,5,3,3,3,3,3,5,2.3658659965578703,0.010977967980197484,0.0009985763228654374,0.22263116070553596,1.0,1.0,0.0,0.0,3.0,2,0
20.32934863793657,3,0,8,1,7,7,1,7,4,5.270613855059014,0.004971621389216961,0.00034501510020805166,0.28768226828248805,0.0,0.0,0.0,1.0,1.0,3,0
24.779681497528408,4,0,3,4,6,6,4,6,1,6.646994759017216,0.002946377560199736,0.0010333097435362977,0.3999906502159159,0.0,0.0,0.0,0.0,1.0,1,0
62.13037939874091,3,0,4,1,7,7,1,7,5,2.6819551532849637,0.0015637947259251033,0.00024982900210479797,0.30776918367806494,0.0,0.0,0.0,0.0,1.0,3,0
20.865719282249792,1,1,5,2,1,1,2,1,3,3.1007128066142022,0.0004437709161168548,0.0005782150994773908,0.26482727322200644,0.0,0.0,0.0,0.0,3.0,0,0
42.6039588817566,3,0,5,7,6,6,7,6,6,7.197199934546614,0.0006137805667762217,9.29235399044777e-05,0.027819631012326658,0.0,0.0,0.0,1.0,1.0,2,0
34.08619040106178,2,1,6,0,5,5,0,5,7,8.265215145948492,0.00041548372341256154,0.00012859626675404802,0.15597081667449492,0.0,0.0,0.0,0.0,3.0,2,0
54.034966539170526,2,0,2,1,7,7,1,7,3,3.0696114539093564,0.0029921375534249124,0.00036072132985335865,0.34921269842450087,0.0,0.0,0.0,1.0,2.0,2,0
129.2864741380836,4,0,0,1,0,0,1,0,4,4.253693332170214,0.0008592537697882044,0.0,0.1425520974616562,0.0,0.0,0.0,0.0,99.0,2,1
64.35073720647694,4,1,3,3,7,7,3,7,5,2.36402421843417,0.006413910932946168,0.0004834549844323401,0.3012265338570382,0.0,1.0,1.0,0.0,3.0,3,0
15.889802595982129,1,0,4,3,0,0,3,0,5,1.889302293173478,0.0006896748915314392,0.0,0.3059115286366593,0.0,1.0,0.0,0.0,99.0,3,1
6.425585547091603,7,2,4,2,0,0,2,0,5,2.327056768151314,0.0008642373942222829,0.0,0.1595126253661396,0.0,0.0,0.0,0.0,99.0,4,1
18.687618590251454,3,1,4,4,2,2,4,2,5,3.668865424086078,0.003942991820328988,0.0002685488784155094,0.2900814309956216,0.0,0.0,0.0,0.0,3.0,2,0
45.68272933428938,2,0,4,3,2,2,3,2,3,3.141886930037112,0.011629132759657377,0.004010167665991165,0.0658470087299285,0.0,0.0,0.0,1.0,2.0,0,0
7.375787514489861,6,0,5,1,3,3,1,3,5,1.8193407707467255,4.835393292258043e-05,0.0002989044919156588,0.3662159405071954,0.0,0.0,1.0,0.0,1.0,4,0
35.865768021178496,0,0,6,2,2,2,2,2,3,1.2308018469183053,0.0023669096620223306,8.141863203393136e-05,0.021038566246651274,0.0,0.0,0.0,0.0,2.0,2,0
45.87929779944021,6,0,5,3,5,5,3,5,4,1.961795328751189,0.015097136503809639,0.0012091242698215308,0.027309243217575288,0.0,0.0,0.0,0.0,3.0,3,0
23.307434507214516,3,0,7,3,3,3,3,3,7,5.289869774094431,0.006742547238140481,0.0008251052937077446,0.4364266033991817,0.0,0.0,0.0,0.0,1.0,1,0
71.31424816160306,3,0,3,4,4,4,4,4,5,5.499054176449018,0.003190078018902951,0.0007430154035863942,0.29434072718334076,0.0,0.0,0.0,1.0,3.0,1,0
10.07235116441051,5,0,6,5,1,1,5,1,5,6.25148350691831,0.0065918788415279695,0.0007555991216173433,0.08982793002734617,0.0,0.0,0.0,0.0,3.0,3,0
8.514972760651116,5,0,1,3,0,0,3,0,2,4.112856908715969,0.0008948827307333562,0.0,0.3048027084593464,1.0,0.0,0.0,0.0,99.0,2,0
63.619133459737675,2,1,0,4,4,4,4,4,6,9.713970805416407,0.005059960458984169,0.003047511855609154,0.19122548451561358,0.0,1.0,0.0,0.0,3.0,3,0
35.787660199838086,4,1,3,2,1,1,2,1,2,3.1456519071767857,0.00804580510957066,0.0015868132100194596,0.1422352372398979,0.0,0.0,0.0,0.0,2.0,3,0
57.471919507991345,3,0,3,5,4,4,5,4,1,3.4281214389081254,0.003088261063305416,0.0008162955220553391,0.407549106377785,0.0,0.0,0.0,0.0,1.0,5,0
30.678079960798577,6,1,9,1,0,0,1,0,4,3.3070456329956395,0.0004112597770823053,0.0,0.24388121201285218,0.0,0.0,0.0,1.0,99.0,3,1
17.730331419133922,1,0,4,4,1,1,4,1,5,2.498908402647898,0.000584154934756162,0.0001534997347310429,0.15380181802070003,0.0,0.0,0.0,1.0,1.0,6,1
81.94206643570381,3,0,3,2,0,0,2,0,6,4.1658590774252096,0.0005098942829934341,0.0,0.472410315151445,0.0,0.0,0.0,0.0,99.0,1,1
77.29347037820855,5,0,3,4,0,0,4,0,8,1.456162099131238,0.0006917069033119222,0.0,0.090862354716094,0.0,0.0,0.0,0.0,99.0,1,1
58.390196886910466,3,0,8,2,0,0,2,0,5,4.953150519382991,0.0009986183739051967,0.0,0.07958375711742789,0.0,0.0,1.0,0.0,99.0,2,1
19.29441267446144,2,0,2,4,2,2,4,2,9,5.7652363973421,0.011480914641041014,0.0003747198151252767,0.05767889159329097,0.0,0.0,1.0,0.0,1.0,2,0
45.147239587555895,0,1,2,2,9,9,2,9,2,5.920690601346405,0.0025841103636660267,0.00036135101031463217,0.07097282217164247,0.0,1.0,0.0,0.0,3.0,1,0
25.151448901091992,1,2,5,2,1,1,2,1,3,2.1091164489842225,0.00497813951894836,4.6013846061732766e-05,0.13386474091629147,0.0,0.0,0.0,0.0,2.0,4,0
9.322283057299394,4,0,1,5,1,1,5,1,3,2.3771954191927502,0.002488443247417202,0.0005282885281224229,0.3522670274679819,0.0,0.0,0.0,0.0,3.0,1,1
117.17149295919387,6,1,1,1,14,14,1,14,6,4.30728481886125,0.004478679887124657,0.001994409231028634,0.33921032854866695,0.0,0.0,0.0,1.0,2.0,2,0
11.620870196878402,2,0,6,3,2,2,3,2,13,2.865460175168817,0.00731400126159812,0.00019164328048176316,0.38409622818731093,0.0,0.0,1.0,0.0,2.0,1,0
140.0220793905243,4,0,4,5,4,4,5,4,4,5.757478541006408,0.01107429702624935,0.0014151161890936768,0.2920297926887733,0.0,0.0,0.0,0.0,1.0,2,0
31.57704557558925,1,1,5,2,1,1,2,1,6,3.3474664344518485,0.0003227103821446097,0.0034464910116189054,0.25137927367669793,0.0,0.0,0.0,0.0,2.0,4,0
14.212862686105963,1,0,4,4,3,3,4,3,5,2.6129512360988416,0.00022549134469009014,0.00014920731104367362,0.22162316656359185,0.0,0.0,0.0,0.0,3.0,1,0
40.13014307682814,9,0,7,2,2,2,2,2,3,2.9701201810179083,0.0013781278266553343,0.0003247157598476383,0.4385752940217859,0.0,0.0,0.0,0.0,1.0,2,0
97.84138074269264,2,0,4,2,10,10,2,10,4,4.425512875573471,0.0031248548445271243,1.9067422188951807e-05,0.17831745446551556,0.0,0.0,0.0,0.0,2.0,3,0
64.29235006087131,2,0,6,1,2,2,1,2,9,2.0540835395341737,0.016780484148147052,0.000427151282098653,0.4468456771301446,0.0,0.0,0.0,0.0,1.0,3,0
78.92572217331909,3,0,6,6,3,3,6,3,4,9.897840024338759,0.003019425429584005,0.001388125022814825,0.14501444817109957,0.0,0.0,0.0,1.0,1.0,3,0
53.38569718266812,4,0,6,2,9,9,2,9,2,5.756927345749338,0.0032844264408977025,0.0013596185178178736,0.08708647530161163,0.0,1.0,0.0,0.0,3.0,4,0
58.034922626368946,2,0,3,3,0,0,3,0,6,2.6795938974133664,0.0003973351461436648,0.0,0.1350198489209027,0.0,0.0,0.0,1.0,99.0,2,1
90.12973946226258,1,0,6,4,0,0,4,0,5,2.48895454455444,0.0007832030497784842,0.0,0.25452276687982595,0.0,0.0,0.0,0.0,99.0,4,1
17.925778199305405,2,0,3,3,6,6,3,6,5,2.247277519713145,0.008514361428120355,0.003325269175758664,0.4636849656211115,0.0,0.0,0.0,0.0,2.0,2,0
35.24979497770586,1,0,2,3,2,2,3,2,9,3.4007395703452237,0.008257275436015695,0.002605558800583081,0.09688170777872222,0.0,0.0,0.0,1.0,2.0,3,0
16.250590809775503,0,1,6,3,3,3,3,3,6,1.9276263745546771,0.004496071519010533,0.0007242088579613045,0.2941518139996917,0.0,0.0,0.0,0.0,1.0,0,0
202.8001287832398,3,0,5,4,2,2,4,2,3,3.348274396468781,0.02123238182721087,0.00025520549632010073,0.11668336815223639,0.0,0.0,0.0,0.0,1.0,2,0
134.75587042941865,2,0,3,4,2,2,4,2,5,3.0198906352295225,0.001868966639818565,0.0033650476280639484,0.3420461317527142,0.0,0.0,1.0,0.0,3.0,1,0
6.810129554242059,6,0,3,3,1,1,3,1,6,1.7623458624206476,0.0035754905311227627,0.0010521937349587554,0.23786717009559868,0.0,1.0,0.0,0.0,3.0,0,0
60.022920343807804,2,0,4,6,3,3,6,3,4,2.8111693448492985,0.0006138513373026998,0.0010274832755188164,0.36943348368810175,0.0,0.0,0.0,0.0,2.0,3,0
121.7112600863865,2,0,3,3,3,3,3,3,3,2.418997933203895,0.00044407823454982014,0.0008646028578828118,0.4294933166796937,1.0,0.0,0.0,0.0,1.0,1,0
13.96187714245325,2,0,1,2,0,0,2,0,0,3.670017890572301,0.00011865474009051428,0.0,0.17402446229855373,0.0,0.0,0.0,0.0,99.0,1,1
42.7641312940656,6,2,2,2,3,3,2,3,5,1.7238103316790343,0.0009034324111611482,0.0016298409870389237,0.46971249094857687,0.0,0.0,0.0,0.0,3.0,0,0
116.18893688564886,1,0,6,2,0,0,2,0,3,1.6533213707889123,0.00023342807830006813,0.0,0.23952688041314565,0.0,0.0,0.0,0.0,99.0,2,1
6.554098559489532,4,0,4,5,4,4,5,4,7,2.8140025649304365,0.0037982852495090226,0.0007391949905073511,0.46895080506113423,0.0,0.0,0.0,0.0,1.0,3,0
58.79347056017984,4,0,1,5,2,2,5,2,4,3.553899917271453,0.0032694882966345464,0.006506464481074641,0.12300512970731406,0.0,0.0,0.0,0.0,3.0,2,0
20.880273413534574,2,0,2,1,7,7,1,7,2,3.1269611414358343,0.004804561549796568,0.00021059515307716558,0.4495720202203069,0.0,0.0,1.0,1.0,1.0,1,0
121.20119021100541,3,0,3,1,3,3,1,3,7,2.653026973888076,0.010199758665706729,0.0008597337626540613,0.17349173144531221,1.0,0.0,0.0,1.0,3.0,2,0
164.4111465180014,0,0,3,1,0,0,1,0,2,3.8157158857245017,0.000335104264998127,0.0,0.37786787539175754,0.0,0.0,0.0,0.0,99.0,1,1
134.92281565584386,3,1,4,5,0,0,5,0,3,1.9696924596404046,0.0003019970754238963,0.0,0.4844095259779958,0.0,0.0,1.0,0.0,99.0,5,1
33.928763233930624,4,0,5,3,1,1,3,1,4,1.7427225902014276,0.004242505954910538,0.0008562638233390978,0.45695935461744025,0.0,0.0,0.0,0.0,1.0,5,1
94.13648180309112,2,1,6,4,5,5,4,5,6,1.616215240162221,0.01910403464294805,0.0016257932938394844,0.23719081534715714,1.0,0.0,0.0,0.0,2.0,1,0
88.76422729845855,4,0,8,1,10,10,1,10,11,4.1014205453605515,0.00291035202750688,0.002271723950545429,0.1790015821128291,0.0,0.0,0.0,0.0,3.0,2,0
22.295323468379046,0,0,4,3,2,2,3,2,5,9.456368623932102,0.02642289412950113,0.002097983759629374,0.3101919352783601,1.0,0.0,0.0,0.0,1.0,3,0
84.45188936275939,2,0,5,4,2,2,4,2,6,2.183737065443893,0.010334522730354593,0.004160179110598085,0.3558465794039093,0.0,1.0,0.0,0.0,1.0,2,0
6.696940787100938,4,0,6,0,2,2,0,2,9,1.8070677759332983,0.0016162633193474855,0.002421535816191402,0.2747208860132015,0.0,0.0,0.0,1.0,2.0,1,0
45.81538881295131,4,1,2,4,0,0,4,0,4,5.161573374412662,0.0009297592986854238,0.0,0.42575316912315025,0.0,1.0,0.0,0.0,99.0,3,1
16.761930853877857,2,0,7,3,5,5,3,5,0,5.7465138725046545,0.001536768825787416,0.003065565680818383,0.03855087135409654,1.0,0.0,0.0,0.0,1.0,2,0
10.781499536223983,3,0,5,4,3,3,4,3,6,2.4661263519433243,0.0036842005540726553,0.00035956062423354163,0.3038224128734642,0.0,0.0,0.0,0.0,2.0,5,0
8.603390448697223,4,2,3,3,0,0,3,0,6,3.052003997653222,0.0009507004921109159,0.0,0.2673690095328489,0.0,0.0,0.0,0.0,99.0,5,1
58.625507735970665,4,1,10,1,6,6,1,6,3,3.592037461993729,0.0034404269466618872,0.0004146014118711472,0.0292883303181836,0.0,0.0,0.0,1.0,3.0,0,0
23.689670588085516,3,1,2,2,1,1,2,1,8,8.91014942092066,3.133152635562416e-05,0.0008462229197234174,0.01622847114287111,0.0,0.0,0.0,0.0,2.0,4,0
63.05613967491699,3,1,7,3,11,11,3,11,4,1.8624938497457308,0.0037638855732216626,0.00026309465998782965,0.3070035677013594,0.0,0.0,0.0,0.0,2.0,5,0
8.041547097026346,3,0,3,1,2,2,1,2,7,2.1180270282128753,0.016231915871237207,0.003864044209974153,0.06781941958415715,0.0,0.0,0.0,0.0,3.0,2,0
22.04421716379552,2,1,2,2,0,0,2,0,7,2.8888626560179866,0.0001989430540611151,0.0,0.38658042609366655,0.0,0.0,1.0,0.0,99.0,1,1
39.89405814800223,3,0,2,4,0,0,4,0,6,1.0366266746727426,0.0008686712184338957,0.0,0.47513195307631995,0.0,0.0,0.0,0.0,99.0,3,1
75.38438000020943,4,1,4,5,2,2,5,2,6,4.245860206483444,0.0015178910471302315,0.0017032155871010925,0.09693396012613223,0.0,0.0,0.0,0.0,1.0,1,0
22.27233231680715,5,1,7,3,5,5,3,5,6,4.225831228171871,0.005052253675996379,0.00042791502946087066,0.4013013738886683,0.0,0.0,0.0,0.0,2.0,4,0
49.24440888809732,5,0,1,1,2,2,1,2,1,2.046360580015672,0.0002575072990696737,0.00020111086141425091,0.29979519938691646,0.0,0.0,0.0,0.0,2.0,3,0
102.71127464259214,1,1,3,5,7,7,5,7,6,3.503663747295123,0.012846272647782923,0.00027864839513058693,0.22949049014767375,0.0,0.0,0.0,0.0,2.0,0,0
48.05404290824388,5,0,5,4,0,0,4,0,5,4.212052021636324,0.0003626861865061499,0.0,0.32864617065642204,0.0,0.0,0.0,0.0,99.0,1,1
16.934703933463226,4,0,5,5,0,0,5,0,8,3.2327624480772594,0.0009648588907680142,0.0,0.4031456881508815,0.0,0.0,0.0,0.0,99.0,1,1
6.111653618486985,2,0,3,3,12,12,3,12,1,1.6390005527200215,0.005625705900175452,0.0029410147021784565,0.485616180883102,0.0,0.0,0.0,0.0,1.0,2,0
96.84417588683816,2,1,2,4,0,0,4,0,2,6.152781697425869,0.0008229769730445276,0.0,0.33364169528526294,0.0,0.0,0.0,0.0,99.0,0,1
5.967448887211759,1,0,2,3,3,3,3,3,8,2.449116523800315,0.005693482207312962,0.003067821034959845,0.37599578411354784,0.0,0.0,0.0,0.0,3.0,1,0
98.46759949718766,3,0,6,2,6,6,2,6,6,4.625312733113482,0.001209022214287943,0.005053425962685514,0.30768431776627303,0.0,0.0,1.0,0.0,3.0,1,0
38.874367421129946,5,0,3,1,1,1,1,1,7,4.762356948786151,0.0033253132091587293,0.0008613080991715405,0.2868721611399102,0.0,0.0,0.0,0.0,1.0,1,1
130.90963292566983,1,2,3,2,0,0,2,0,6,4.017375632378802,0.0009353868067953394,0.0,0.041743128273696695,0.0,0.0,0.0,0.0,99.0,1,1
77.15176353604063,2,0,3,2,3,3,2,3,3,2.213250262007402,0.0060858721688778206,0.0008597778704747957,0.08598638459706225,0.0,0.0,0.0,0.0,2.0,3,0
283.19874848812964,3,1,3,2,0,0,2,0,2,3.507479263840777,0.000368489193002238,0.0,0.19583388658226503,0.0,0.0,0.0,0.0,99.0,0,1
24.434537758172766,3,1,3,5,1,1,5,1,3,2.4421648983218334,0.0019110803845573052,0.00018868539727272013,0.32825675032704404,0.0,0.0,0.0,0.0,3.0,2,1
70.5886366600156,3,0,4,4,5,5,4,5,9,7.708101367452026,0.020946597707541592,0.001988817248651354,0.04713916202086684,0.0,0.0,0.0,0.0,1.0,1,0
28.13220511803234,3,0,1,3,2,2,3,2,4,1.2113713968112823,0.002623921704991868,0.0013095630702988942,0.2767448613434433,0.0,1.0,0.0,0.0,2.0,1,0
34.4159286928336,5,1,7,3,0,0,3,0,2,3.1174018209542362,0.000290030602359277,0.0,0.016459423769790458,0.0,0.0,0.0,0.0,99.0,2,1
49.43898084326519,4,1,6,2,2,2,2,2,8,3.8360918741062826,0.008462899075862519,0.004063879624958144,0.38538579211456053,1.0,1.0,0.0,0.0,2.0,2,0
98.10113288145754,3,1,7,2,0,0,2,0,6,2.327076243737853,0.0006844018849823108,0.0,0.33679735691595053,0.0,1.0,1.0,0.0,99.0,1,0
191.3178666578589,5,0,4,3,9,9,3,9,4,6.251994701652025,0.018834220269640434,0.002392446412172112,0.2651308880756816,0.0,0.0,0.0,1.0,2.0,4,0
70.79886996526513,4,1,6,0,5,5,0,5,9,4.7721807407546395,0.00408904095108893,0.000441147447395655,0.28985989748163904,0.0,0.0,0.0,1.0,2.0,2,0
29.339788711601383,1,0,6,2,0,0,2,0,6,5.882929687868665,0.000700862015235506,0.0,0.4670520570172282,0.0,0.0,0.0,0.0,99.0,1,1
29.61813091185609,3,0,4,3,2,2,3,2,4,4.965105458117618,0.004471560714198646,0.0005829283469189204,0.4542813152076039,0.0,0.0,0.0,0.0,2.0,3,0
65.20179991881494,3,1,5,4,0,0,4,0,4,2.13929961659697,0.00035229919064223755,0.0,0.3984481880582283,0.0,0.0,0.0,0.0,99.0,4,1
17.277310402681742,1,0,4,4,3,3,4,3,5,1.9128126622744992,0.0038547673674549083,0.0006865527296089468,0.17475091199324838,0.0,0.0,0.0,1.0,3.0,0,0
10.268000131129767,5,1,6,1,4,4,1,4,3,1.6142094570667787,0.014948487629866359,0.0013061429578790896,0.06255096629768012,1.0,0.0,0.0,0.0,2.0,4,0
24.70636992173524,3,0,2,1,1,1,1,1,6,2.081577854390156,0.002081286187636967,0.004459238849053233,0.16750148523802702,0.0,0.0,0.0,0.0,1.0,5,0
20.237409788802168,2,1,6,3,0,0,3,0,4,2.671774273021003,0.00033541662005445727,0.0,0.37846150405345064,0.0,0.0,0.0,0.0,99.0,3,1
20.81366103795375,3,0,7,2,7,7,2,7,5,4.952394210050299,0.0074193512302387285,0.0005984895494104619,0.309390362597153,0.0,0.0,0.0,0.0,3.0,2,0
16.972752468177355,3,0,5,3,2,2,3,2,4,2.24126246173154,0.013278356789582092,8.743333833564811e-05,0.3557301321409797,0.0,0.0,0.0,1.0,1.0,0,0
6.935215142180629,3,1,2,7,10,10,7,10,4,4.063805776834355,0.006223252928686158,0.0012091013427259845,0.06161144271472176,1.0,0.0,0.0,0.0,3.0,2,0
5.811602127437707,1,0,5,3,1,1,3,1,2,2.9569916976540114,0.022437372244949877,0.0022247414282427695,0.08763897534497093,0.0,0.0,0.0,1.0,1.0,3,0
202.9990090600536,5,0,4,0,17,17,0,17,5,4.51581657136513,0.0016957072313298017,0.0004047815399326115,0.3355166909201875,1.0,0.0,0.0,0.0,3.0,3,0
30.11988861014459,1,2,6,2,4,4,2,4,2,5.524773436434261,0.0032622228042620254,0.004686492984902913,0.19218226923263598,0.0,0.0,0.0,1.0,3.0,1,0
26.826742735489304,4,0,3,6,0,0,6,0,5,3.73908741356757,0.00012819378192404786,0.0,0.19090204692361376,0.0,0.0,0.0,0.0,99.0,0,1
56.22496918819012,2,2,6,4,2,2,4,2,7,1.7639849615242633,0.01261815533128123,0.00012025247652627238,0.20240313867161328,0.0,0.0,1.0,0.0,3.0,2,0
16.080136517341998,3,0,3,1,7,7,1,7,6,3.9138974132935758,0.0002757151482796196,0.0002826594861094983,0.4000105408072776,0.0,0.0,0.0,0.0,3.0,2,0
139.77303141828992,4,0,5,1,0,0,1,0,4,6.985739406003273,0.00026008428693811254,0.0,0.35253645537798317,0.0,1.0,0.0,0.0,99.0,3,1
74.45267518440137,3,1,5,1,4,4,1,4,0,2.04483369832907,0.004027652928549295,0.0011175836824015332,0.061957502300373855,0.0,0.0,1.0,1.0,3.0,3,0
9.214863738845313,8,0,3,2,1,1,2,1,3,6.6781542011680415,0.003073319635350847,0.0013709844274549178,0.1787350853439246,0.0,0.0,0.0,0.0,3.0,0,1
29.32541483150254,2,0,7,5,0,0,5,0,5,2.362807721871116,0.00019792554696800553,0.0,0.340177739412693,0.0,0.0,1.0,0.0,99.0,3,1
100.08243320633841,2,0,5,2,0,0,2,0,9,3.300332971432524,0.0009326824696252562,0.0,0.48830330804106,0.0,0.0,1.0,1.0,99.0,1,1
135.30027214043744,1,1,0,2,1,1,2,1,3,2.148552111329087,0.029298078775569038,0.002136353645812836,0.45700408305819884,0.0,0.0,0.0,0.0,2.0,0,0
33.349434939562656,1,0,2,4,4,4,4,4,7,3.033750850617327,0.011033932356753817,0.0008962860623966183,0.1316539668194653,0.0,0.0,0.0,0.0,1.0,3,0
47.76773776593964,5,0,6,3,1,1,3,1,4,7.4035736858032966,0.01786240839400478,0.0002190548941566772,0.042356160599459826,0.0,0.0,0.0,0.0,2.0,0,0
13.224307516555935,2,0,4,1,0,0,1,0,6,1.619488945768851,0.00046808489783929083,0.0,0.29089906376965463,0.0,0.0,0.0,0.0,99.0,1,1
217.82501087417657,0,0,5,2,12,12,2,12,5,6.470876772774523,0.003732347652471414,0.0005931458292388861,0.20906266192014597,1.0,1.0,0.0,0.0,2.0,1,0
16.859217425795748,2,0,1,5,0,0,5,0,6,2.710130384019356,0.0006281267448607343,0.0,0.09986112849526742,0.0,1.0,0.0,0.0,99.0,3,1
133.70041991722496,5,0,2,5,1,1,5,1,2,2.9003346482468264,0.009817075189951485,0.0003387319748796695,0.32930712898949227,0.0,0.0,0.0,1.0,3.0,0,0
52.1965876760852,4,0,3,5,4,4,5,4,5,1.5996454031006155,0.0010772944983918251,0.002136630918918122,0.08857195810136234,0.0,1.0,0.0,0.0,1.0,3,0
47.112000029248726,4,0,7,2,1,1,2,1,8,2.072722775875193,0.0013871533380783658,7.271429714884501e-05,0.18222589808360884,0.0,0.0,0.0,0.0,3.0,2,1
37.348328866659855,4,0,5,2,2,2,2,2,6,4.701567952577341,0.00660607280352412,0.00038848502350749195,0.39933815457928107,0.0,0.0,0.0,0.0,1.0,1,0
16.800576262338318,4,0,6,5,1,1,5,1,9,4.225003573482427,0.0033329516083753655,0.0012089479243140436,0.3453065735405839,1.0,0.0,0.0,0.0,2.0,1,0
13.740159651051528,1,0,7,4,0,0,4,0,7,6.498934751403558,0.000637829221206307,0.0,0.3074900468117128,0.0,0.0,0.0,0.0,99.0,3,1
16.208820437922803,3,1,1,5,0,0,5,0,3,1.947157793037585,0.0002176298911048927,0.0,0.46610511294702917,0.0,0.0,0.0,1.0,99.0,0,1
14.285005859954758,1,0,6,3,1,1,3,1,2,4.185692759070357,0.012948702957850756,0.0043562452970966736,0.07144996101686926,0.0,1.0,0.0,0.0,3.0,3,0
73.05083409077584,4,0,2,2,0,0,2,0,8,3.03293832338233,0.0007125141076298778,0.0,0.348571747616175,0.0,0.0,0.0,1.0,99.0,1,1
24.393903848288346,4,0,2,1,3,3,1,3,3,5.0746949872277165,0.012305650248176755,0.00044469235476492014,0.06749061897334337,0.0,0.0,0.0,0.0,3.0,2,0
7.681235374974582,3,0,3,2,3,3,2,3,7,1.2179125914610318,0.0022382880992769362,0.00020216722957132213,0.0768235422207107,0.0,0.0,0.0,0.0,3.0,5,0
161.46878974370483,3,1,7,5,0,0,5,0,6,3.213760748990771,0.0009522360831963506,0.0,0.2581487524962703,0.0,1.0,0.0,0.0,99.0,1,1
101.85444365117002,3,2,4,2,3,3,2,3,2,3.6492131791769706,0.002274428787493369,0.001566154414515961,0.02181401903894685,0.0,0.0,0.0,1.0,2.0,2,0
123.24445492130394,4,0,3,1,0,0,1,0,4,3.3634490297079456,0.000830216438617481,0.0,0.25548917616499406,0.0,0.0,0.0,1.0,99.0,2,1
242.60223960723678,2,0,4,4,0,0,4,0,5,2.18898437524839,0.0005605522344986786,0.0,0.01464463985482404,0.0,1.0,0.0,0.0,99.0,3,1
13.59651634592834,3,0,2,6,6,6,6,6,5,4.5112083139939445,0.016347370209457125,0.00041322966607009116,0.30518337036629384,0.0,1.0,0.0,0.0,1.0,1,0
27.706183470224634,4,0,1,6,4,4,6,4,4,3.5133263853698105,0.006530918883169631,0.0003758772113382641,0.16288486445088962,0.0,0.0,0.0,0.0,2.0,2,0
68.89115639665718,5,1,5,4,1,1,4,1,5,1.6769950789754566,0.0028558087641017134,2.9755115718716675e-05,0.05079982200446167,0.0,0.0,0.0,0.0,2.0,5,1
58.58579310896018,2,0,5,4,0,0,4,0,5,1.4337199647561012,0.0002726736417119868,0.0,0.3926123975249518,0.0,0.0,0.0,0.0,99.0,0,1
12.52007981570781,2,0,5,3,2,2,3,2,10,3.643617032148118,0.005378443971458227,0.00018082629865018502,0.20106331160737378,0.0,1.0,0.0,0.0,3.0,1,0
81.13608513438419,1,0,4,2,4,4,2,4,3,1.8391987982057496,0.009207647774171613,0.0005154138544488931,0.22756983030230846,0.0,0.0,1.0,0.0,2.0,1,0
16.43768002582638,2,1,1,1,1,1,1,1,3,3.4583119779192817,0.013095632880564069,0.0001759697877924619,0.19349456273093418,0.0,1.0,0.0,0.0,2.0,1,0
16.401548928633936,4,0,3,2,12,12,2,12,2,4.163240842257453,0.009696099134789794,0.00027434330019209316,0.050978872916681156,0.0,0.0,1.0,0.0,1.0,1,0
39.648784293087665,2,1,4,2,0,0,2,0,3,1.2337452975394945,0.0005493984655202631,0.0,0.23535945931319457,0.0,1.0,0.0,0.0,99.0,2,1
45.44575358841136,2,0,2,2,2,2,2,2,0,2.748864375493738,0.01204327507075425,0.00045180311406772805,0.3360646308489627,0.0,0.0,0.0,1.0,2.0,1,0
44.04676304882603,4,0,8,5,0,0,5,0,6,2.4306769595504356,0.00011125306617488746,0.0,0.45265434760041845,0.0,0.0,0.0,0.0,99.0,0,1
9.317565633695619,3,1,5,2,1,1,2,1,4,2.568047230576273,0.00800519332323906,0.004110092144810285,0.38426350824159045,0.0,0.0,0.0,0.0,2.0,2,0
99.46961650811406,4,0,7,4,2,2,4,2,9,1.9767010789395791,0.0010520816242342403,0.0007409672291253886,0.048851310178794044,0.0,0.0,0.0,0.0,3.0,1,0
18.8915673950157,1,0,3,5,2,2,5,2,6,5.358418730583731,0.0031485949122124594,0.0009616160644879862,0.0912440470462857,0.0,0.0,0.0,0.0,3.0,1,0
11.241709743623014,3,0,0,1,0,0,1,0,6,5.908699839986166,0.0003998103152353026,0.0,0.03196485591440232,0.0,0.0,0.0,0.0,99.0,3,1
103.81811443160151,6,0,4,2,4,4,2,4,5,2.2170095924693127,0.005544082100038915,0.0011129657381557198,0.06850089108868687,0.0,0.0,1.0,0.0,1.0,3,0
145.20543587389756,3,0,3,5,1,1,5,1,5,2.135172462118395,0.000778457548416924,6.0805038278615044e-05,0.24545849044160142,0.0,0.0,0.0,1.0,2.0,2,0
94.1642053013733,1,1,4,1,3,3,1,3,4,1.2697448092110242,0.01100116512845852,0.00047198910806243045,0.11767261282866469,0.0,0.0,0.0,0.0,2.0,0,0
79.61843613801256,3,0,5,6,1,1,6,1,4,2.071305017955312,0.0013329599093532506,0.0011876677190210318,0.3274888392660834,1.0,0.0,0.0,0.0,3.0,3,0
52.9210625539379,6,1,2,1,2,2,1,2,7,2.703168378772963,0.006358141033888898,0.0002061622095325971,0.025859502995462247,0.0,0.0,0.0,0.0,3.0,0,0
41.01866517064544,4,0,6,2,5,5,2,5,7,1.9696591894415048,0.0008532245123440892,0.001147024544468503,0.43005071022196223,0.0,1.0,0.0,1.0,2.0,2,0
9.095220353855787,4,0,3,8,2,2,8,2,1,1.58738115023692,0.0036952189745108437,7.293910105983663e-05,0.3420438090848917,0.0,0.0,0.0,0.0,3.0,2,0
28.625652495961916,1,0,8,6,6,6,6,6,2,6.345212598938648,0.0034712140846724347,0.0008985105872896817,0.484848136113034,0.0,0.0,0.0,0.0,1.0,2,0
25.984043538377726,5,1,4,1,0,0,1,0,10,3.630524007719826,0.00016257751851172706,0.0,0.47688684070785164,0.0,1.0,0.0,1.0,99.0,2,1
18.5347590564328,0,1,7,1,3,3,1,3,7,5.151839324695188,0.013807604860256945,0.0016154955321655636,0.3495338516903927,0.0,0.0,0.0,0.0,1.0,0,0
62.83650109986808,5,1,6,5,1,1,5,1,5,2.7658174587200186,0.01561498885076433,0.0033804698260985998,0.08744163071669833,0.0,0.0,1.0,0.0,3.0,3,0
35.821961776294415,2,0,4,4,2,2,4,2,5,2.2611417815885604,0.00463230886171307,0.0005464636346337312,0.11882044292928637,0.0,0.0,0.0,0.0,3.0,2,0
8.803375125600134,0,0,4,4,1,1,4,1,8,4.544938863958939,0.004076251873152334,0.0017422268757127024,0.14601517202208164,0.0,0.0,0.0,0.0,1.0,2,1
16.19133175311874,3,0,4,1,3,3,1,3,7,4.270810916990972,0.0028189931398389873,1.5192320513316238e-05,0.2190703242153508,0.0,0.0,0.0,0.0,2.0,1,0
56.735155741876206,6,1,7,1,5,5,1,5,4,1.8713466500491194,0.005940397946454838,0.0014320994681158018,0.28972753201021006,0.0,0.0,0.0,0.0,2.0,1,0
8.563317808771053,3,0,6,4,3,3,4,3,7,4.311723752451217,0.006381392511721135,0.0003540005103640006,0.3444739971230567,0.0,0.0,0.0,0.0,1.0,0,0
90.73393803698922,2,0,5,4,5,5,4,5,5,3.612136964533301,0.013290296620600876,0.00023898149134532668,0.047062247001655205,0.0,1.0,0.0,0.0,1.0,3,0
35.75691699404353,2,0,3,0,5,5,0,5,4,3.2274700736369324,0.0075113778021057885,0.0006016666255459612,0.30916863103495495,1.0,0.0,0.0,0.0,2.0,5,0
34.477481184601594,2,0,1,2,0,0,2,0,5,2.5575139916405387,0.0001721983917847505,0.0,0.039001538587791644,0.0,0.0,0.0,0.0,99.0,3,1
45.38696344646337,3,0,2,0,0,0,0,0,4,3.32070873161527,0.000714465163546356,0.0,0.4152428666397633,0.0,0.0,0.0,0.0,99.0,4,1
83.35165608250145,7,1,1,3,0,0,3,0,5,3.5651853474611896,0.0006270472184833851,0.0,0.029808242202850548,0.0,0.0,0.0,0.0,99.0,0,1
24.233816027534687,0,0,5,2,3,3,2,3,6,4.281163590057664,0.0032185795577667365,0.0027094566715897754,0.20112330176929877,0.0,0.0,0.0,0.0,2.0,1,0
55.996425406528296,3,1,3,2,1,1,2,1,4,4.119734812787062,0.0028661575640042468,0.00146055888463753,0.21579112275680726,0.0,0.0,0.0,0.0,1.0,0,1
42.53420034657381,3,1,3,2,0,0,2,0,6,3.321188312141877,0.0009600306948761237,0.0,0.28948907966768717,0.0,0.0,0.0,0.0,99.0,1,1
18.979166552048184,4,0,7,5,9,9,5,9,9,2.3269730005848173,0.003069265765727201,0.0038798737305921795,0.05676927474389317,1.0,0.0,0.0,0.0,3.0,1,0
99.90101459481613,3,0,4,6,3,3,6,3,4,1.2833234354792178,0.008250340262750015,0.0012371492132782394,0.4672210152277527,0.0,0.0,0.0,0.0,1.0,1,0
76.84925601887296,3,0,3,2,6,6,2,6,6,4.293965148861003,0.011140239940308862,0.0013787912535676424,0.19777113924762843,0.0,0.0,0.0,1.0,1.0,2,0
53.34199562231942,3,1,4,5,1,1,5,1,2,3.2024502361362712,0.0010207955057901547,0.0008230333328425051,0.2041371435781311,0.0,0.0,0.0,0.0,3.0,2,0
90.5452573343723,3,0,5,5,0,0,5,0,8,3.153079708957123,0.0001242850452864689,0.0,0.129112615084792,0.0,0.0,0.0,1.0,99.0,0,1
95.88292871992385,7,0,10,6,0,0,6,0,2,1.4753062931592829,0.0004736811519776342,0.0,0.39255132775159574,0.0,1.0,0.0,0.0,99.0,0,1
60.45103944091899,2,0,9,3,0,0,3,0,3,5.700271769868447,0.0009184769515335359,0.0,0.013803102728324334,0.0,0.0,0.0,0.0,99.0,3,1
86.63390827794196,2,0,3,1,0,0,1,0,4,2.4547017642777416,0.0005206993216665492,0.0,0.06204001247430202,0.0,0.0,0.0,1.0,99.0,4,1
58.80108489673927,3,0,3,3,1,1,3,1,5,4.229799364614324,0.023135076021992478,0.001963756100717019,0.24067327767889474,0.0,0.0,0.0,1.0,3.0,0,0
56.29434312779892,3,0,4,0,4,4,0,4,7,2.1099034310119578,0.0034077969860643524,0.00035556809960391486,0.48446648121239155,0.0,0.0,0.0,0.0,3.0,1,0
48.37713885599847,4,1,7,4,1,1,4,1,4,1.6067451115473483,0.03087430798977291,0.0034743371113689775,0.027437993349489848,0.0,0.0,0.0,0.0,1.0,0,0
67.87491762317288,2,1,4,3,1,1,3,1,11,3.854172702134807,0.01697380744263029,0.0009514252087655574,0.04037600047350285,0.0,1.0,0.0,0.0,2.0,3,0
12.771237895757555,3,0,6,5,2,2,5,2,2,3.3316635474809493,0.00047315017135852013,0.00045196221689937973,0.3602973862139386,0.0,0.0,0.0,0.0,1.0,2,0
100.73958431234689,3,0,4,1,2,2,1,2,6,2.6624910441076546,0.0032061830273547526,0.0007094705313032266,0.37036835019238473,0.0,0.0,0.0,0.0,1.0,2,0
97.45264949643209,3,1,5,1,0,0,1,0,3,1.6499171482232367,0.0006141534879014833,0.0,0.44949900546545163,0.0,0.0,0.0,0.0,99.0,1,1
6.335758019435991,2,0,5,3,1,1,3,1,3,7.905319138691853,0.003397578982428442,0.0026195120747360893,0.29254844790296625,0.0,0.0,0.0,0.0,3.0,2,1
83.64413193238912,3,1,6,2,2,2,2,2,5,1.9010014343235844,7.598414224621689e-05,0.0022441426689896954,0.2077395798138297,0.0,1.0,0.0,0.0,1.0,1,0
11.208375833169004,1,0,2,2,1,1,2,1,5,2.709778143720747,0.015118551233521722,0.0009746372148139401,0.2310264446177395,0.0,0.0,0.0,0.0,1.0,1,0
23.366614212918886,5,0,5,1,2,2,1,2,7,7.912662808224635,0.01619161908143758,0.00013842180324947668,0.2214424312086861,0.0,0.0,1.0,0.0,1.0,3,0
66.22964614223338,4,0,4,4,7,7,4,7,6,2.6235272499357314,0.004938329059222226,0.0007416843204165941,0.4870329637248526,0.0,0.0,0.0,0.0,3.0,2,0
12.886629562830343,3,0,5,2,0,0,2,0,4,6.34174437598127,0.0002451789223959071,0.0,0.19624297199086613,0.0,0.0,1.0,1.0,99.0,0,1
81.66053399713576,4,1,4,5,4,4,5,4,3,3.5998168270719453,0.01456256295775699,0.0002794298507338747,0.057072972667720975,0.0,0.0,0.0,0.0,2.0,3,0
85.30656336555008,3,0,8,5,1,1,5,1,7,5.8122713744213135,0.00844657165551987,0.00016620488353632346,0.15191661961357225,0.0,0.0,0.0,0.0,3.0,4,0
36.86878873893186,3,0,4,2,2,2,2,2,3,5.929039817418179,0.0023141673513189325,0.00043563395393102206,0.48044332006465623,0.0,0.0,1.0,1.0,3.0,2,0
5.288285687783683,4,0,4,3,2,2,3,2,3,1.8080455769519097,0.002677455127073517,0.0012588698580173032,0.2198407861055246,1.0,0.0,0.0,0.0,1.0,4,0
20.22473042203348,3,1,3,4,8,8,4,8,4,10.874962411504516,0.006003071166530587,0.0005091757790135044,0.16487623422927078,0.0,0.0,0.0,0.0,1.0,2,0
48.17882724636823,4,0,4,4,0,0,4,0,5,6.323494858108845,0.0006397587230008858,0.0,0.16226948134593994,0.0,1.0,1.0,0.0,99.0,1,0
183.79235605884836,2,1,6,3,0,0,3,0,5,2.8857274773734014,0.00026394947580919416,0.0,0.014441655766367554,0.0,0.0,0.0,1.0,99.0,2,1
49.962458709007855,5,0,7,4,3,3,4,3,8,5.568779641123548,0.012508824788068449,0.00017125197193365387,0.3202277293809522,0.0,0.0,0.0,1.0,1.0,0,0
18.53778636545527,4,0,3,4,1,1,4,1,10,2.7113144765460317,0.002198564179653978,0.00028309639004705356,0.3648924467564739,0.0,0.0,0.0,1.0,3.0,4,0
50.23118875736977,2,1,8,9,8,8,9,8,6,5.630513254896418,0.006791200823776188,0.0005271106689614017,0.18294594140157816,0.0,0.0,0.0,0.0,3.0,1,0
39.94236530499521,3,0,2,5,2,2,5,2,7,2.7381859031457605,0.0009431691881252888,0.0007473172535746057,0.43766775380412665,0.0,0.0,0.0,0.0,3.0,0,0
73.10413535582595,4,0,7,2,1,1,2,1,5,5.1994937579533635,0.00018324710420846427,0.0034031137121670442,0.3740164673218735,0.0,0.0,0.0,0.0,2.0,1,1
10.091615778312308,4,0,4,2,2,2,2,2,5,3.465537255373386,0.0029939285090430263,1.5500336464938302e-05,0.3044260917421342,0.0,1.0,0.0,1.0,2.0,2,0
69.41338163314173,4,0,6,1,0,0,1,0,2,5.528291326988699,0.0009185769720424488,0.0,0.3548702023569299,0.0,0.0,0.0,0.0,99.0,2,1
40.06787085814503,5,0,1,3,1,1,3,1,1,2.9568804239423816,0.020390638245157022,0.0016098376658455296,0.3870317664489426,0.0,0.0,0.0,0.0,1.0,4,0
153.34795749954495,2,0,5,2,3,3,2,3,5,5.104886041152743,0.01795546740627964,0.001812928066590203,0.26825443929633963,0.0,0.0,0.0,1.0,1.0,0,0
23.826024049510004,3,0,4,5,2,2,5,2,4,3.4090791446323796,0.002013330687766888,0.0015267661608962388,0.20492245477293428,0.0,0.0,0.0,0.0,3.0,2,0
50.06136638052604,3,0,6,5,3,3,5,3,0,3.92915556577644,0.004349759162337755,0.0018198807555535928,0.07159977742260634,0.0,0.0,0.0,0.0,2.0,4,0
125.98974390058481,3,0,4,1,1,1,1,1,4,2.0110241020004924,0.011667801842104523,0.001004534457036103,0.20842290386062418,0.0,1.0,0.0,0.0,1.0,2,0
9.866884894937357,2,0,3,4,0,0,4,0,5,2.856548462407416,0.00044776641171655814,0.0,0.2795469888590278,0.0,1.0,0.0,0.0,99.0,3,1
129.5714267077446,3,2,7,2,1,1,2,1,6,6.0652038018243175,0.0077170975689186865,0.00016891551810101826,0.4744534037688095,0.0,0.0,0.0,0.0,2.0,0,0
57.39736476010861,2,1,3,4,4,4,4,4,4,2.86123180682376,0.0004522301403666758,0.0005649127169522595,0.08589852830259366,0.0,0.0,1.0,0.0,3.0,1,0
8.161144263099875,6,0,6,2,4,4,2,4,7,3.4835546745812356,0.003796889474474772,0.0001925973386261648,0.3809098036658228,0.0,0.0,0.0,0.0,2.0,1,0
21.112358739270793,4,0,5,6,1,1,6,1,3,3.033412633949562,0.000466078088173869,0.00039648462730878034,0.12794483543781993,1.0,0.0,0.0,0.0,2.0,3,0
60.42159478045906,2,1,1,2,1,1,2,1,4,3.766387815705395,0.002858078919215183,0.0006567759932701685,0.47893299128882166,0.0,0.0,0.0,0.0,1.0,1,1
8.13766673276426,1,0,5,4,1,1,4,1,4,1.7596488565221526,0.011003952594289301,0.0030029061229357636,0.3014557746720876,0.0,0.0,0.0,0.0,2.0,2,1
44.27067780927337,4,0,2,5,1,1,5,1,8,2.761569542420684,0.0013532708079258262,0.0015648797335975056,0.22206366617260095,0.0,1.0,0.0,1.0,3.0,1,0
24.10111091801125,4,1,5,5,1,1,5,1,3,3.267268496227691,0.005505615992861222,0.001343126240698588,0.1799444496682512,0.0,1.0,0.0,1.0,2.0,1,0
48.649828571367564,2,0,4,1,0,0,1,0,5,1.4749250579264863,0.0005871374941843164,0.0,0.108971443972882,1.0,0.0,0.0,0.0,99.0,0,0
7.1069557675079675,6,0,9,2,2,2,2,2,7,9.771704328507388,0.00525981562021449,0.0006706200769699302,0.3601038609246891,0.0,0.0,0.0,0.0,2.0,3,0
97.34507801946107,3,2,6,0,3,3,0,3,5,4.289693480384086,0.004611763796150035,0.0011866587689707885,0.32162440221979477,0.0,0.0,0.0,0.0,3.0,2,0
168.35874688149536,0,0,7,8,1,1,8,1,5,4.819887373634731,0.005816644422027496,6.206054628585599e-05,0.44617606936527926,0.0,0.0,0.0,0.0,3.0,2,0
161.1426049021288,3,0,2,6,6,6,6,6,6,5.193807605132614,0.0034543626564557534,0.0004575849811541991,0.3026957864011796,1.0,0.0,0.0,0.0,3.0,2,0
67.32061956325535,1,0,5,1,1,1,1,1,4,4.041678843460883,0.0006353008423823599,0.00033913587249789713,0.09320388086603118,0.0,0.0,1.0,0.0,2.0,2,0
11.27125394752126,2,0,5,4,2,2,4,2,5,8.949247840084924,0.0015002721726223636,0.0035852194206279263,0.34458848222483224,0.0,0.0,0.0,0.0,2.0,1,0
68.8957579022162,3,1,2,1,1,1,1,1,8,2.3921798491125266,0.010110931486755514,0.0003634406137202266,0.4406088700188701,0.0,0.0,0.0,0.0,1.0,1,0
6.120240002713009,2,0,2,2,0,0,2,0,5,1.5389962739825012,0.00023640936223502185,0.0,0.4953265609118229,0.0,0.0,0.0,0.0,99.0,2,1
6.006737648051324,3,0,3,5,4,4,5,4,2,2.694319816300361,0.010711439156317346,0.00024389537363136168,0.34568232886272743,0.0,0.0,0.0,0.0,1.0,2,0
22.594359659775357,3,1,4,3,0,0,3,0,7,1.5829213778220246,0.0006724821204798235,0.0,0.15187260951257062,0.0,0.0,0.0,0.0,99.0,1,1
35.1809453714756,2,0,3,1,0,0,1,0,3,3.2588576356703878,0.0005822276197666093,0.0,0.2870370831771458,1.0,0.0,0.0,0.0,99.0,1,0
71.21520151627355,5,0,1,4,3,3,4,3,4,2.289825997117203,0.00415682242439151,0.0014159084564026238,0.2623421310096614,0.0,1.0,0.0,0.0,2.0,2,0
56.740357710086855,1,0,3,3,9,9,3,9,4,5.95286376842052,0.004662201826238606,0.002149669900530509,0.2608695253356799,0.0,0.0,0.0,0.0,3.0,0,0
31.568674432806883,3,0,4,2,2,2,2,2,3,5.545829475246064,0.0009613880985100111,0.0005951702871350778,0.04852374198637041,0.0,0.0,0.0,0.0,1.0,2,0
19.386102315128316,3,0,7,3,2,2,3,2,7,1.4903181841740398,0.007276370472345687,0.0003359191092152782,0.10532747579176194,0.0,0.0,0.0,0.0,3.0,1,0
268.3187942745641,3,1,5,3,1,1,3,1,5,3.2882957974945315,0.01118627517178082,0.0004927840917184133,0.26681687410939653,0.0,1.0,0.0,0.0,3.0,1,0
29.994880554951536,4,1,0,1,1,1,1,1,1,3.346795275901356,0.006927529169219797,0.0006198388865600214,0.40110911854967307,0.0,0.0,0.0,0.0,1.0,2,0
32.016292179104425,4,0,3,1,0,0,1,0,3,2.7940927233765303,0.00040059208464029316,0.0,0.0990753453084226,0.0,0.0,0.0,0.0,99.0,3,1
13.040455660455006,1,0,9,4,2,2,4,2,5,1.7350392960258298,0.011299762174975362,0.0017322711163428465,0.09049792280841991,0.0,1.0,1.0,0.0,3.0,3,0
76.27175152867888,4,0,2,5,3,3,5,3,7,2.252151529653969,0.004182343265735535,0.0015064132277531103,0.3823290928735154,0.0,0.0,1.0,0.0,1.0,4,0
58.24095071164582,2,0,4,6,1,1,6,1,6,4.840912214723142,0.007765014629309196,0.002416729092644558,0.34837146852945683,1.0,0.0,0.0,0.0,3.0,2,0
16.225183825392918,1,0,6,1,6,6,1,6,1,1.4080355683856127,0.0004197928914435859,0.0004704325942562311,0.24770299790740147,0.0,1.0,0.0,0.0,2.0,2,0
8.868787560607043,3,1,5,3,0,0,3,0,2,6.2026107476005015,0.0007583683335344564,0.0,0.034677342023384204,0.0,0.0,0.0,1.0,99.0,0,1
56.34481193317582,4,0,3,3,2,2,3,2,2,2.3981901785098563,1.322610833625086e-05,0.0031560555100592948,0.24161398965420755,0.0,0.0,0.0,0.0,1.0,3,0
52.82577924904144,0,0,1,1,6,6,1,6,4,10.70159917702596,0.010025997791088596,0.00024778243799609593,0.41907748893930113,0.0,0.0,0.0,0.0,2.0,0,0
19.363363190318285,4,0,1,4,0,0,4,0,4,1.966463452953066,0.00043448394738113783,0.0,0.015204537543676455,1.0,0.0,0.0,0.0,99.0,3,0
140.59194828732993,3,0,2,1,0,0,1,0,12,4.435944542294569,0.0005244170334771492,0.0,0.060277150256029303,0.0,0.0,0.0,0.0,99.0,1,1
12.369392743759288,4,0,5,3,0,0,3,0,3,13.793859138294888,0.0001216197044530945,0.0,0.40657470047465366,0.0,0.0,1.0,0.0,99.0,3,1
30.480056262653523,0,0,6,3,0,0,3,0,4,2.49847449751591,0.000978210969477119,0.0,0.26732444520516957,1.0,1.0,0.0,0.0,99.0,0,0
134.40057947598447,2,0,2,7,1,1,7,1,9,3.188696124501762,0.001370369719479229,0.002111237443202463,0.33451081832864366,1.0,0.0,1.0,0.0,2.0,1,0
29.491571421209752,6,0,3,5,3,3,5,3,6,6.34381477668768,0.005109379859276846,0.0025310970647811942,0.37507539818734625,0.0,0.0,0.0,1.0,3.0,2,0
50.790425797854624,4,0,2,2,4,4,2,4,4,5.250411252216822,0.021041843606090967,0.0009255914094472066,0.15710190278637204,0.0,0.0,1.0,1.0,1.0,3,0
27.80709363541128,4,0,2,7,4,4,7,4,5,6.152240030728521,0.01041580655647295,0.0003236172851235025,0.15595893995572183,0.0,0.0,0.0,0.0,1.0,2,0
19.422577853009656,2,0,5,5,1,1,5,1,0,6.968668358140314,0.0027562510677764285,0.003301088455956939,0.1393383134487215,1.0,0.0,0.0,1.0,2.0,0,0
191.01967381092985,1,1,2,5,0,0,5,0,9,1.5744893671464295,0.00031046571232603345,0.0,0.09195481861662012,0.0,0.0,0.0,0.0,99.0,0,1
28.692705913044044,2,0,3,1,2,2,1,2,4,3.9659159687803403,0.00667341572259883,5.508905726946467e-05,0.15932446601510936,0.0,1.0,0.0,0.0,3.0,5,0
106.03636280816595,3,0,6,5,0,0,5,0,3,6.884800073434379,0.00039231874638475875,0.0,0.4768868644538116,0.0,0.0,0.0,0.0,99.0,4,1
16.75876156177507,2,0,5,3,3,3,3,3,4,2.981870548250567,0.004956803345186678,0.0005149743842410727,0.05212837400827813,0.0,1.0,0.0,0.0,2.0,2,0
15.784703662048607,4,1,6,4,6,6,4,6,9,4.03666540675427,0.013076192540494537,0.0018168352388340592,0.12791169947277448,0.0,1.0,0.0,0.0,1.0,2,0
6.423307209299975,3,0,1,2,10,10,2,10,6,3.9881768033841585,0.0016349840461014134,0.0010724858998579039,0.16582853660633648,0.0,0.0,0.0,0.0,3.0,2,0
52.45681364941953,3,0,1,1,4,4,1,4,5,2.7143686175115596,0.007151859635814785,0.001666053974929944,0.08536982539449399,0.0,0.0,0.0,0.0,1.0,6,0
25.686457437749063,1,0,7,6,1,1,6,1,4,3.0089740774458136,0.001191820106045847,0.0023441133525698254,0.0479267723977889,0.0,0.0,0.0,0.0,3.0,2,0
94.89821264720571,3,0,8,2,1,1,2,1,5,2.0807087462599965,0.0006673389084840981,0.0024597486716620488,0.08931033949949965,1.0,0.0,0.0,0.0,3.0,2,0
33.84289016162661,4,0,1,3,1,1,3,1,5,3.345786354373883,0.0006864724764704573,0.0005368940454031957,0.2686215334945974,0.0,0.0,0.0,0.0,2.0,4,1
160.16370535403604,3,0,4,3,0,0,3,0,6,7.195267139655499,0.0006075795809083055,0.0,0.30240872204144326,0.0,0.0,0.0,0.0,99.0,0,1
14.234548021737728,2,1,5,1,2,2,1,2,3,7.039060266676993,0.0022113793775466336,0.0004011490835952379,0.11547526534944391,0.0,0.0,0.0,0.0,2.0,2,0
96.33584771284598,2,0,3,1,2,2,1,2,4,2.518328618478469,0.0034608705749662803,0.00019882667817488684,0.25686386430162794,0.0,0.0,0.0,0.0,1.0,1,0
72.44497871034339,4,0,3,3,1,1,3,1,1,1.3950550860757993,0.015798462254913194,0.002745455516174691,0.013052498851586162,0.0,0.0,0.0,0.0,2.0,2,0
71.31614197505164,1,0,2,2,6,6,2,6,2,3.4273550538013478,0.003212127159334485,0.0005825779297041684,0.30498911253348077,0.0,0.0,0.0,0.0,2.0,1,0
88.83196748665651,4,0,3,3,0,0,3,0,4,1.4289010721896966,0.000457423698635604,0.0,0.010639293432146632,0.0,0.0,0.0,1.0,99.0,3,1
69.41264506716772,1,0,4,2,5,5,2,5,4,2.6246744100127373,0.005329614976431281,0.00017303567580553045,0.32496055942813656,0.0,0.0,0.0,0.0,2.0,1,0
49.28399376906037,2,1,6,5,0,0,5,0,6,6.030450812801107,0.00033962250492088736,0.0,0.24682740659755517,0.0,0.0,0.0,0.0,99.0,2,1
11.331229366741212,1,2,1,3,2,2,3,2,3,2.659336763814375,0.006056363709729383,0.0015470623014964228,0.06354428664577215,0.0,0.0,0.0,0.0,2.0,5,0
6.4880111007493575,1,0,3,2,2,2,2,2,6,4.773253370788553,0.0008306022115959121,0.0006805332581545073,0.053318282305844754,0.0,0.0,0.0,0.0,1.0,0,0
119.13724858164188,2,0,3,2,0,0,2,0,5,1.8437201331720612,0.000649140030671738,0.0,0.013376121343172717,0.0,0.0,1.0,0.0,99.0,4,1
48.14634602438511,4,0,5,6,0,0,6,0,0,6.42946666704163,0.0005708082647789642,0.0,0.2803059771896967,0.0,0.0,0.0,0.0,99.0,2,1
76.65226425192378,3,0,8,5,0,0,5,0,3,2.6718035849415784,0.0002914818927674581,0.0,0.40520919524417365,0.0,0.0,0.0,0.0,99.0,1,1
34.55862621214076,4,0,3,4,6,6,4,6,3,5.784249845465499,0.005771090197863419,5.900630792318629e-05,0.4297064368805346,0.0,0.0,0.0,0.0,2.0,0,0
10.615062387830362,2,1,4,5,7,7,5,7,8,6.457388532126373,0.002750178564432605,0.000663874560207114,0.2889262792920719,1.0,0.0,0.0,0.0,2.0,0,0
11.01846871023523,3,1,3,4,2,2,4,2,5,2.7648338267058485,0.003056876697812204,0.006835681346476001,0.44471222835589524,0.0,0.0,0.0,0.0,2.0,1,0
57.064046672512006,5,0,4,5,0,0,5,0,6,1.7449375825198183,0.00042977723290048167,0.0,0.43236996245120307,0.0,1.0,0.0,0.0,99.0,1,1
30.319507396588563,5,0,5,3,0,0,3,0,5,3.3747465500992813,0.0008492176875588885,0.0,0.3521290862918889,0.0,1.0,0.0,1.0,99.0,5,1
15.070985370123626,3,0,2,2,4,4,2,4,2,1.8473496431516638,0.0009726186314023786,0.00044826178638669733,0.1879107096932554,0.0,0.0,0.0,1.0,2.0,0,0
35.44142060341989,4,0,2,1,3,3,1,3,7,2.797788429887313,0.002288700916303688,0.0017066249689328924,0.4153242291055353,0.0,0.0,0.0,0.0,2.0,2,0
7.986337285705686,4,0,2,3,4,4,3,4,4,3.463617487484012,0.0012198130756207464,0.00034867500338084644,0.20192148220100564,0.0,0.0,1.0,0.0,3.0,2,0
44.249244454622776,3,0,6,4,1,1,4,1,6,3.2558644267380457,0.0018504869127414032,0.0005795943104503573,0.20759957780416327,0.0,0.0,0.0,0.0,1.0,3,0
19.099975847560582,2,0,5,3,1,1,3,1,6,1.6498987741887217,0.007067322465139645,0.0024345250172990757,0.342256785498392,0.0,0.0,0.0,0.0,1.0,2,0
76.87882805143828,3,0,4,4,1,1,4,1,6,5.7976299652115015,0.01769896274160935,0.000637086583276107,0.4646801556485489,0.0,1.0,0.0,0.0,2.0,0,0
21.72147787310872,3,0,3,3,0,0,3,0,6,3.3685027967447896,0.00026388293080874215,0.0,0.2550096919776236,0.0,0.0,1.0,0.0,99.0,0,1
32.33180791378906,5,1,7,2,2,2,2,2,5,6.405704366248181,0.02188359520557497,0.0011901077468306092,0.09683366638741933,0.0,0.0,0.0,0.0,1.0,2,0
5.52598637229189,3,0,3,3,1,1,3,1,5,6.042936106945708,0.0016373247873110873,0.00030832509910380164,0.0798020693170948,0.0,0.0,0.0,0.0,3.0,4,0
8.384235003801404,2,0,3,3,6,6,3,6,7,5.417839556501785,0.008511874736734551,0.00025307726745805217,0.15809684512285416,0.0,0.0,0.0,0.0,1.0,0,0
27.427662368857273,4,0,4,2,3,3,2,3,5,10.205922832190804,0.015876235745800556,0.0022630253080671444,0.23425073851684913,0.0,0.0,0.0,0.0,2.0,3,0
34.421398195100565,4,0,5,4,2,2,4,2,7,2.676412443641745,0.000974733673979569,0.000175028127679441,0.15585454916086736,0.0,0.0,0.0,0.0,3.0,2,0
46.2353946571361,1,0,7,3,0,0,3,0,5,2.5502453463037136,0.0006117788882299373,0.0,0.35883974020675324,0.0,0.0,0.0,0.0,99.0,2,1
20.517562178350616,5,0,4,1,3,3,1,3,7,5.421073096823381,0.0033980568739988334,0.0017694554266302082,0.2758995163631544,0.0,0.0,0.0,0.0,3.0,4,0
58.43228514751337,2,0,2,0,1,1,0,1,7,2.106078980180544,0.000290832673921917,0.0009365704862431223,0.20929842272364693,0.0,1.0,1.0,1.0,3.0,0,0
93.5144376981396,1,0,8,3,0,0,3,0,4,3.2278335594476957,0.0006475720474775192,0.0,0.11456843107549484,0.0,0.0,1.0,0.0,99.0,2,1
73.10527874139069,2,2,5,4,5,5,4,5,7,4.578351435386387,0.00423214239024337,0.0013297587522175978,0.306653294845888,0.0,0.0,0.0,0.0,2.0,3,0
6.819125737896642,5,0,2,4,3,3,4,3,3,6.211975254286352,0.001351510192103871,0.0010936983783045582,0.3403090889306556,0.0,0.0,0.0,0.0,2.0,2,0
34.47058286759487,4,0,8,1,1,1,1,1,5,3.284576148340605,0.001502959620422734,0.0005100997248754302,0.39424363266970786,0.0,0.0,0.0,1.0,2.0,0,1
9.988409786429576,5,0,4,4,5,5,4,5,11,1.073357351364026,0.014835752959499852,0.0014163741036964973,0.49551475211987045,0.0,0.0,1.0,1.0,3.0,1,0
17.47090772531232,4,0,3,1,2,2,1,2,4,5.998321072168103,0.0017270826119293215,0.00040628671033504215,0.12335099122418533,0.0,0.0,0.0,0.0,3.0,1,0
199.2732194853245,1,1,4,7,1,1,7,1,4,6.321330323243451,0.0014454583691765276,1.753590566174106e-05,0.01740482001939697,0.0,0.0,0.0,0.0,3.0,1,0
11.917800597787638,2,0,5,0,0,0,0,0,6,2.744737104983318,0.0008166227804689911,0.0,0.25521776441428684,0.0,0.0,0.0,1.0,99.0,2,1
36.091668029405334,1,0,3,3,8,8,3,8,4,4.762110296359307,0.004273871102373835,0.01090616040711448,0.462762393478195,0.0,0.0,0.0,0.0,2.0,2,0
48.32340957325789,4,0,6,6,1,1,6,1,5,6.84896931980035,0.0002369903007148393,0.0004556694827063813,0.13189303478089123,0.0,0.0,0.0,0.0,1.0,3,0
59.550049168598214,2,0,4,4,7,7,4,7,7,6.224335750715317,0.004842179772681566,0.00045165880090731244,0.380378831031009,0.0,0.0,0.0,0.0,3.0,4,0
41.90820908171498,2,1,1,7,1,1,7,1,4,5.2906111931096165,0.006045533185444919,0.0010535607715817968,0.1665604122333806,0.0,0.0,0.0,0.0,1.0,1,1
5.441850292305345,3,0,3,4,1,1,4,1,3,4.160606424400562,0.0013026438780431848,0.00220735708780975,0.2016880374108678,0.0,0.0,0.0,1.0,1.0,5,0
22.784442619903707,4,0,5,3,0,0,3,0,7,10.662319402026643,0.0008436632670293716,0.0,0.4743854274907266,0.0,1.0,0.0,0.0,99.0,1,1
37.81458921077075,2,1,5,0,1,1,0,1,2,3.7317071374934696,0.0127530524780207,0.001339394987886773,0.23589874965288815,0.0,0.0,0.0,0.0,2.0,5,0
9.138601269682283,3,1,7,3,2,2,3,2,1,1.2520514857851528,0.007355962115821133,0.00023908187587099954,0.3654078691621298,0.0,0.0,0.0,0.0,2.0,0,0
24.428655098765717,4,0,2,1,0,0,1,0,2,2.867064650688685,0.0004803471424685538,0.0,0.27942869290615685,0.0,0.0,0.0,1.0,99.0,2,1
6.519508056748583,2,0,1,5,2,2,5,2,3,3.3754644929891793,0.003679192336664654,0.004000070169717424,0.38431363015506376,0.0,0.0,0.0,0.0,1.0,0,0
8.682696032363927,3,0,4,2,1,1,2,1,2,4.428871925640481,0.0013230874617565322,0.0017523505995134467,0.16550910581584038,0.0,0.0,0.0,0.0,1.0,2,1
27.75698840910177,2,0,4,3,4,4,3,4,8,2.615750659181641,0.009741805078380884,0.002047834363193399,0.4396784466611719,0.0,0.0,0.0,0.0,2.0,5,0
11.407482766609762,5,2,6,5,4,4,5,4,2,3.6073717345806466,0.0002367832920594522,0.001523772383727042,0.27897197388168665,0.0,0.0,0.0,0.0,1.0,1,0
42.722033176315435,7,0,4,4,9,9,4,9,7,5.96849359282748,0.00668839824063034,0.0002581519851878566,0.1614888402816778,0.0,1.0,0.0,0.0,1.0,1,0
57.62563534212953,4,0,2,2,4,4,2,4,2,9.557585346197783,0.02098856818637405,0.00043230079812061576,0.028717359124173517,0.0,1.0,0.0,0.0,3.0,1,0
77.55690735998417,2,1,5,2,4,4,2,4,5,1.7841030808096525,0.0005469812235807768,0.0004126680618544052,0.016472059183117,0.0,0.0,0.0,0.0,1.0,4,0
15.049911841603123,0,0,5,2,4,4,2,4,4,3.3256009227990035,0.002435514517085361,0.0008279946669829267,0.1831495537648055,0.0,0.0,0.0,1.0,2.0,1,0
13.248551081078462,3,0,2,2,7,7,2,7,3,1.7362750008661227,0.009486173903448582,0.00010444281990891341,0.11569321369772606,0.0,0.0,0.0,0.0,2.0,1,0
9.970196777828406,3,1,7,2,1,1,2,1,0,2.942584054625409,0.012852800991557509,0.0022350377429980798,0.035812701945083604,0.0,0.0,0.0,1.0,1.0,1,0
50.53028516168587,2,1,1,3,2,2,3,2,2,2.2751370048945208,0.011115862114046762,0.00038417031627483773,0.2808946733061769,0.0,0.0,0.0,0.0,2.0,1,0
60.16077227802197,1,1,3,2,4,4,2,4,4,4.496090550196975,0.03243912339097548,0.003432295180988889,0.49450662776866033,0.0,0.0,0.0,0.0,2.0,4,0
6.444308603121445,7,0,4,2,1,1,2,1,6,4.035744765372314,0.006016696279438019,0.001112372519042901,0.21694008604061263,0.0,1.0,0.0,1.0,1.0,7,0
128.84873245020088,4,1,2,4,7,7,4,7,5,2.5238171680538315,0.00874695497038105,0.0006289887379205727,0.28053533474024833,0.0,0.0,0.0,0.0,1.0,3,0
7.401671855555362,7,0,3,2,3,3,2,3,5,3.43928296201927,0.00012002308188698394,0.0011716832737379676,0.11770400214688079,0.0,0.0,0.0,0.0,1.0,2,0
40.07078996430299,4,0,5,2,2,2,2,2,3,2.22075670284826,0.0013614184154959257,0.001438232811214907,0.11040913997106998,0.0,0.0,0.0,0.0,2.0,3,0
60.55880018275576,2,2,7,0,5,5,0,5,5,5.056300578424347,0.011202730646459281,0.0006864101700001416,0.17090299314004276,0.0,0.0,0.0,0.0,3.0,2,0
97.14665986046424,2,0,4,2,2,2,2,2,5,3.9687532501983056,0.010293325720518005,0.00011439284723690362,0.41917528406150484,0.0,0.0,0.0,0.0,3.0,1,0
61.34303627924118,4,1,1,7,0,0,7,0,8,3.8714220509312063,0.000413077392803641,0.0,0.48068240703001447,1.0,0.0,0.0,0.0,99.0,2,1
77.81521426685266,2,0,6,2,12,12,2,12,4,1.3613264741755269,0.011385568475628265,0.0003508205094644613,0.37246536195827473,0.0,1.0,0.0,0.0,2.0,1,0
23.66072371158951,5,0,4,1,0,0,1,0,4,1.750289142201302,0.0008541554020872968,0.0,0.020072579222867933,0.0,0.0,0.0,0.0,99.0,3,1
80.89045562065655,4,1,2,3,0,0,3,0,4,2.0498292329490546,0.00043006152167669357,0.0,0.22482249601143733,0.0,0.0,0.0,0.0,99.0,1,1
8.75779023911732,0,0,3,2,0,0,2,0,7,9.40165274773021,0.00027991362766699825,0.0,0.21614416204404116,0.0,0.0,0.0,0.0,99.0,1,1
106.34226434533473,0,0,2,6,0,0,6,0,8,2.520167214979987,0.0008220887936343151,0.0,0.4682481455603606,0.0,0.0,0.0,1.0,99.0,3,1
40.692725729551825,4,0,4,1,6,6,1,6,10,10.387468531668665,0.0026665510147415687,0.0013476090400049582,0.3753284479211924,0.0,0.0,0.0,0.0,2.0,1,0
81.49539243494834,2,1,3,2,1,1,2,1,6,4.431996069184171,1.3946861644561492e-05,0.0005358992312559372,0.3600514571484605,0.0,0.0,0.0,0.0,2.0,2,0
32.092743737077086,2,0,3,3,1,1,3,1,3,1.6613633448581533,0.005328227056446819,0.0003282746682622998,0.2867402855005573,1.0,0.0,0.0,1.0,3.0,1,0
51.42375507740399,5,0,7,3,1,1,3,1,5,4.814080149921299,0.001365365562910725,0.00028224160794713737,0.3264590782276289,1.0,0.0,0.0,0.0,1.0,1,0
38.63290162814463,3,0,6,2,2,2,2,2,4,2.0912662902043153,0.0025214067684242707,0.0013764443721558022,0.3523182800377974,1.0,1.0,0.0,0.0,3.0,7,0
64.18570257441144,4,1,2,3,7,7,3,7,2,9.349824154768136,0.003621998076120391,0.0001471012364209597,0.28075233771055114,1.0,0.0,0.0,0.0,3.0,1,0
8.831970495003027,0,1,4,4,1,1,4,1,4,2.592632275288227,0.007882340938276278,0.0010814061959346897,0.4239659322547253,0.0,0.0,0.0,0.0,1.0,2,1
7.801251409355679,2,1,2,3,1,1,3,1,2,2.0429052295305414,0.010857833932610549,0.0012095853208712586,0.02807837166661717,1.0,0.0,0.0,0.0,2.0,3,0
17.772222089296235,3,0,5,1,4,4,1,4,6,4.138658371659915,0.007961028109775932,0.004292808654700297,0.4712767529128337,0.0,0.0,0.0,0.0,3.0,0,0
12.821516893181752,3,0,1,4,5,5,4,5,6,3.046636235246175,0.004398178903223336,0.0021087071848806906,0.38905797129867004,0.0,0.0,0.0,0.0,1.0,2,0
97.43160006510792,2,0,3,4,5,5,4,5,4,5.496717732526287,0.0026925819188039447,0.0013181682714690037,0.2691912965622334,0.0,0.0,0.0,1.0,3.0,6,0
16.135437118124926,3,0,4,4,0,0,4,0,3,5.811061716363943,0.000706625438175472,0.0,0.4315607439509993,0.0,0.0,1.0,0.0,99.0,1,1
172.5846264245342,2,0,2,2,0,0,2,0,6,2.9886407866178506,0.000687958282067758,0.0,0.4157104739920762,0.0,0.0,0.0,0.0,99.0,1,1
23.48704059491432,2,2,0,6,0,0,6,0,7,3.5314852436851716,0.000199771551599669,0.0,0.2155012237736775,0.0,1.0,0.0,0.0,99.0,3,1
14.04666967904838,4,1,5,3,12,12,3,12,8,5.686441870681975,0.00021889625551418143,0.003241543442431173,0.4215099265315237,0.0,0.0,0.0,0.0,2.0,1,0
75.16458939174564,4,0,11,0,0,0,0,0,2,7.6137134741492645,0.0006124997053366095,0.0,0.10228565035629235,0.0,0.0,0.0,1.0,99.0,2,1
53.37572924036834,1,0,3,4,3,3,4,3,4,4.23028682774725,0.020896197915481276,0.0006292698448461516,0.2399088330768641,0.0,1.0,0.0,0.0,1.0,2,0
36.02952989255452,4,1,4,2,0,0,2,0,1,4.010867647846877,0.0005909013236883408,0.0,0.12381638019728096,1.0,0.0,0.0,1.0,99.0,2,1
41.47242346020293,1,0,4,1,9,9,1,9,3,4.354727160231758,0.011689146516114083,0.0007197869818931943,0.07095512341895893,0.0,0.0,0.0,0.0,2.0,2,0
62.15535228780348,5,0,0,0,2,2,0,2,5,4.516410740526979,0.007844219383592208,0.004069870154812929,0.4483554514725617,0.0,0.0,0.0,1.0,1.0,1,0
16.671197555901802,1,0,2,2,1,1,2,1,5,3.446189947575282,0.002609647643700593,0.000587364588895527,0.18980391495105092,0.0,0.0,0.0,0.0,1.0,4,0
257.3884054421467,4,0,8,3,4,4,3,4,6,14.70194435385661,0.006649021861154826,0.0004039510228846752,0.34534790121704817,0.0,0.0,0.0,0.0,3.0,1,0
170.62879900505428,3,1,3,1,10,10,1,10,4,4.107855584991872,0.012511733122268399,0.0024276512384882078,0.19379836590721114,0.0,1.0,0.0,0.0,2.0,2,0
52.283889055965055,2,0,1,1,4,4,1,4,5,1.2607497615153647,0.0033816196462346606,0.0002931117398496197,0.276620150119372,0.0,1.0,0.0,0.0,1.0,2,0
15.015730031100201,2,0,5,4,5,5,4,5,5,2.327432120667318,0.0034986199246290757,0.0012727337887677907,0.18054053901015257,0.0,0.0,0.0,0.0,3.0,4,0
56.30665078739159,1,0,4,2,2,2,2,2,7,2.810044966501744,0.005862769936336148,0.0007303521043818494,0.37393607537238527,0.0,1.0,0.0,0.0,1.0,4,0
8.372181732543197,2,1,5,0,1,1,0,1,2,1.9085140245412167,0.01362216334700599,0.0019407171213214351,0.39536714510963744,0.0,0.0,0.0,1.0,3.0,5,1
6.400945243562877,1,0,3,3,1,1,3,1,6,3.997609652710104,0.0003838919019180096,0.0017650824328904577,0.22096098449287593,0.0,0.0,0.0,1.0,3.0,4,1
18.409043891250345,3,0,4,4,12,12,4,12,4,1.8076485305588814,0.0021055789358992195,0.0014479454703498918,0.43121048046977556,1.0,0.0,0.0,0.0,3.0,0,0
32.94748858430475,1,1,5,1,2,2,1,2,4,2.6037537348586355,0.0010942737611247526,0.001224083245396674,0.18409880676670182,0.0,0.0,0.0,0.0,2.0,3,0
96.21589663358782,1,2,5,2,1,1,2,1,3,2.3758851498320004,0.010205941596119754,0.0016921066011508423,0.3836058011730651,0.0,0.0,0.0,0.0,1.0,2,0
63.45063404680501,2,2,4,4,9,9,4,9,4,2.2592253560701474,0.0004585761278734718,0.0037903800265748546,0.32853124634205905,0.0,0.0,0.0,0.0,2.0,0,0
66.08920571371948,5,1,3,0,2,2,0,2,11,3.215694028976775,0.007543431879796452,0.0009265302805199589,0.23343070730732263,0.0,1.0,0.0,0.0,2.0,2,0
29.940961073333625,6,0,2,5,6,6,5,6,3,2.837495171635224,0.016894360124988267,0.0004772078130867179,0.44556980651864236,0.0,0.0,0.0,1.0,3.0,2,0
24.104683971026716,2,0,6,4,3,3,4,3,2,2.046170700136571,1.0402912789211491e-05,0.00027678785943182775,0.2904041579503048,0.0,0.0,0.0,0.0,3.0,1,0
25.86585427462837,3,0,6,1,0,0,1,0,5,7.852581160316248,0.0009607537067703805,0.0,0.4216894556845673,0.0,0.0,0.0,0.0,99.0,5,1
202.7328751182427,5,0,9,3,0,0,3,0,2,5.586313843290004,0.0003741224074678929,0.0,0.3693337145925661,0.0,0.0,0.0,1.0,99.0,1,1
6.84210839197679,5,2,2,3,17,17,3,17,5,2.8047719454454167,0.02110221025780283,0.0012225770926251,0.2709613636737161,0.0,1.0,0.0,0.0,2.0,4,0
95.79393462900825,0,1,4,2,1,1,2,1,9,5.0401020232167735,0.0035899589008288554,5.227960372124787e-05,0.16994595516967728,1.0,0.0,1.0,0.0,1.0,4,0
43.895828360869814,3,1,3,1,6,6,1,6,7,8.517610859386803,0.0015238219029463655,0.0004961610954367304,0.4760569839059963,0.0,1.0,0.0,0.0,2.0,3,0
30.98070864655968,3,0,6,2,1,1,2,1,6,1.8647954458270546,0.0023103665891891305,0.0002712585271218529,0.03780550184327875,0.0,0.0,0.0,1.0,2.0,1,0
63.13647053699917,1,1,8,1,2,2,1,2,11,3.1543769092625067,0.00107615784319923,0.001959843584404346,0.4482982635281986,0.0,0.0,0.0,0.0,3.0,0,0
35.00754366196463,1,1,1,3,0,0,3,0,2,2.2671661349281003,0.0007179174820259546,0.0,0.2581325481564961,0.0,0.0,0.0,0.0,99.0,2,1
98.01078535704951,0,0,5,5,7,7,5,7,7,2.673646780815824,0.0026849900571037973,0.0008350148459361,0.376883130822215,0.0,0.0,0.0,0.0,3.0,1,0
108.93328158291685,3,1,2,4,2,2,4,2,6,7.658757366011193,0.008339760258378794,0.0004895576497752843,0.1737244557956266,0.0,0.0,0.0,0.0,2.0,4,0
29.646441560931116,2,0,3,6,2,2,6,2,5,3.3038782532307653,0.01128845782216672,0.0029426632641458856,0.1982627648336287,0.0,0.0,0.0,0.0,3.0,3,0
19.584855818831386,1,0,1,2,5,5,2,5,4,8.020243510012458,0.012222160624304356,0.0029472761769069483,0.10346796324426728,0.0,0.0,0.0,0.0,1.0,1,0
45.38062048734092,6,0,3,2,1,1,2,1,7,3.432460968353612,0.024029812958632202,0.0017801220041445958,0.47762697421645794,0.0,0.0,0.0,0.0,3.0,0,0
114.55501727856195,0,0,8,1,1,1,1,1,5,3.2923576915431365,0.006068208840270153,0.0010668561424721453,0.031216534225818673,0.0,0.0,0.0,1.0,3.0,1,1
15.645240452751105,1,0,5,2,1,1,2,1,4,2.5596573923422734,0.003994177141016966,0.0014370496509473897,0.19954675043160436,0.0,1.0,0.0,0.0,3.0,1,0
48.8939655964809,3,0,4,3,4,4,3,4,3,3.524266320573305,0.0004207504678615428,0.0014008858917050964,0.17400343368253135,0.0,0.0,0.0,0.0,3.0,1,0
49.93151001014945,2,2,9,4,3,3,4,3,7,4.981686229398152,1.7694503575670086e-05,0.004736797582105233,0.4084077168349075,0.0,0.0,0.0,0.0,2.0,2,0
64.4418506807085,2,0,3,3,0,0,3,0,9,1.383328806677383,0.0005922144737859772,0.0,0.2557788569350622,0.0,0.0,0.0,0.0,99.0,1,1
11.34795333661972,6,1,2,5,0,0,5,0,2,6.199239310619351,0.0003617155980836754,0.0,0.09286103216952933,0.0,0.0,0.0,1.0,99.0,2,1
61.61742091071994,3,0,7,2,0,0,2,0,7,1.2821293050295157,0.0003572140543499591,0.0,0.2594162553453672,0.0,0.0,0.0,0.0,99.0,1,1
112.87639428301603,1,0,1,3,5,5,3,5,3,2.6866495369813284,0.0025182211196793196,0.00161329921965197,0.1256480683231106,0.0,0.0,0.0,1.0,2.0,2,0
13.912905235106505,3,0,2,0,1,1,0,1,6,1.7894714690147941,0.010841933086086504,0.0009020484692671019,0.01838543115393305,0.0,0.0,0.0,1.0,3.0,1,0
17.20443162592229,4,0,0,3,0,0,3,0,6,2.6598783368225596,0.0005051268219988399,0.0,0.27682706747076763,0.0,0.0,0.0,0.0,99.0,3,1
164.93796674876802,0,0,2,2,1,1,2,1,3,3.7807572054505556,0.003920101308112044,0.00017570055285689976,0.1865997833579421,0.0,0.0,0.0,0.0,3.0,3,0
13.983937463982105,2,0,6,2,1,1,2,1,11,5.92871670906844,0.0016498436115781516,0.0003546218941551443,0.1270555228041554,1.0,0.0,0.0,0.0,2.0,1,0
91.7055395490496,1,0,2,4,2,2,4,2,6,5.707245170031384,0.004933323503729818,2.581537884624265e-05,0.09439664809771672,0.0,0.0,0.0,1.0,3.0,4,0
35.501942414909706,3,0,5,4,1,1,4,1,6,1.7466233517561338,0.005306971424626729,7.722500364310563e-05,0.23230983074161138,0.0,0.0,0.0,0.0,1.0,1,0
17.779863649746673,5,1,7,2,1,1,2,1,4,3.7868533644670617,0.0040561392466572695,0.00010139386932242658,0.43611420455246347,0.0,0.0,0.0,0.0,1.0,1,1
97.0702700785182,4,0,5,3,2,2,3,2,4,3.963749315308651,0.003048478859096538,0.0004851512887496086,0.38148335058151794,0.0,0.0,0.0,0.0,1.0,1,0
31.52017965019801,2,0,4,6,1,1,6,1,5,5.01704195371687,0.024362190227088687,0.0009778935123623783,0.012268674560489112,0.0,0.0,0.0,0.0,1.0,1,0
37.545344109550314,3,0,2,0,1,1,0,1,4,2.647685543029322,0.0009145292507827237,0.0006390649174332275,0.3682635730827402,0.0,0.0,0.0,0.0,1.0,3,1
25.029048163001352,3,0,4,2,1,1,2,1,7,3.1173224113531113,0.004267521275560996,0.0010136992921633925,0.04563381893896956,0.0,0.0,0.0,0.0,1.0,2,0
45.44696042082853,5,0,4,0,2,2,0,2,6,1.128632113504295,0.0008517832254466951,0.0013108172327936656,0.27852067331315533,0.0,0.0,0.0,0.0,2.0,4,0
13.03507839279341,1,2,5,4,2,2,4,2,11,2.708417046712511,0.006074982083298677,0.000933424375320288,0.39222273394509605,0.0,0.0,0.0,0.0,1.0,2,0
27.32319078635631,4,1,4,1,1,1,1,1,1,2.6374978763204036,0.0002483116481291782,0.0014845659659344357,0.2321128548250285,0.0,0.0,0.0,0.0,3.0,2,0
161.92211188195148,0,0,2,1,3,3,1,3,4,1.9320297961235622,0.0035425630771377123,0.004579292935129888,0.1945807900642642,0.0,0.0,0.0,0.0,1.0,2,0
18.43636461908028,2,0,7,4,4,4,4,4,8,1.4103731764758396,0.0006321724271420312,0.0029567173632343733,0.4703418120859544,0.0,0.0,1.0,0.0,1.0,1,0
53.116582303269624,2,0,5,1,4,4,1,4,1,5.131962418857893,0.005132409366293499,0.0005516844385652773,0.024340407584646413,0.0,0.0,0.0,0.0,3.0,4,0
22.69958919750172,1,1,6,2,2,2,2,2,3,7.493088659926204,0.0025869394582050654,0.00020450478217342297,0.061927607585668024,0.0,0.0,0.0,0.0,1.0,2,0
71.82012608182242,4,0,1,1,1,1,1,1,17,3.519077280136135,0.0063097874019892,3.197410772537564e-05,0.4364608625210328,0.0,0.0,0.0,0.0,2.0,0,1
11.312005082456153,5,0,2,6,2,2,6,2,5,2.62670268898711,0.005237968723218484,0.0017221259933749488,0.4442563792583393,0.0,0.0,0.0,1.0,2.0,2,0
162.527470449098,2,1,5,8,7,7,8,7,5,2.634846954851185,0.005812208424537322,0.0009826806149106162,0.19263878914742819,0.0,0.0,0.0,0.0,3.0,2,0
32.2137914974132,4,1,5,4,2,2,4,2,10,8.795794508254883,0.0020157043660367717,0.0018814941140591875,0.27469652170126296,0.0,0.0,0.0,0.0,1.0,2,0
17.11640945739741,4,1,6,2,0,0,2,0,5,3.8244491936426592,0.0005609269698789927,0.0,0.09055401256750809,0.0,0.0,0.0,0.0,99.0,2,1
8.435197515017169,2,1,4,1,1,1,1,1,6,3.130718032945755,0.008497023745262839,0.0005092889609101213,0.4432969257834015,0.0,0.0,0.0,0.0,1.0,1,0
13.371707304706726,2,1,3,3,9,9,3,9,2,10.103663729050982,0.0020722344932011796,0.000928089357058865,0.23984121060847224,0.0,0.0,0.0,0.0,1.0,2,0
38.00742554433117,3,0,2,2,4,4,2,4,3,5.428809780750033,0.004005872439044372,0.00046935460848315845,0.28640323512599125,0.0,0.0,1.0,0.0,1.0,2,0
23.4943285912325,3,0,4,3,0,0,3,0,3,6.346974439845553,0.0001365175277096504,0.0,0.06784941422211486,0.0,0.0,0.0,0.0,99.0,0,1
84.44344478549709,3,1,5,5,1,1,5,1,10,2.892399497628121,0.0025037216260747823,0.000703753742554803,0.31126303052392706,0.0,0.0,0.0,0.0,2.0,3,0
30.36547358085166,4,0,1,2,7,7,2,7,5,5.968319942021753,0.006794441318243187,0.000988805506240581,0.3509543104384654,0.0,0.0,0.0,0.0,1.0,7,0
17.868615663913296,5,2,9,2,0,0,2,0,6,2.6329983404230886,0.0008730422421269302,0.0,0.15441184925013982,0.0,0.0,0.0,0.0,99.0,1,1
48.20445124580605,4,0,5,7,3,3,7,3,5,3.471424372655386,0.012372690693027124,0.0017544987808852004,0.44911215334103755,0.0,0.0,0.0,0.0,2.0,3,0
60.20701731317052,4,0,8,5,4,4,5,4,1,5.414426127570336,0.0008962938670688666,0.001704025804324717,0.10991337941844057,0.0,0.0,0.0,0.0,3.0,1,0
13.224737645863106,2,0,6,5,2,2,5,2,2,5.408479090801128,0.014595898985022636,0.00012229494341342578,0.449716822831856,0.0,0.0,0.0,0.0,3.0,4,0
13.255937155884231,2,0,3,3,1,1,3,1,6,5.10480484972997,0.0070713412929482855,0.0008981362822590008,0.35463865360391505,0.0,0.0,0.0,0.0,2.0,1,0
6.681232760426723,5,0,6,2,1,1,2,1,10,1.2405758000872915,0.011926244088115982,0.0011161731009804005,0.41711690353726055,0.0,0.0,0.0,0.0,2.0,0,1
64.99985543554253,2,1,5,3,7,7,3,7,5,2.1432501835638886,0.012065564216396282,0.003319165067340448,0.35255296235042943,0.0,0.0,0.0,0.0,2.0,2,0
54.05281363161946,1,0,6,4,0,0,4,0,6,2.705816118546754,0.0007037352759278195,0.0,0.21992741236758745,0.0,1.0,0.0,1.0,99.0,2,1
33.964437633588176,2,1,10,4,5,5,4,5,3,5.363763986069385,0.007086814195893462,0.00032920128964838134,0.172471004355382,0.0,0.0,0.0,0.0,1.0,1,0
88.65466208042676,4,0,1,1,3,3,1,3,3,3.1781652800878257,4.4851969113965714e-05,0.0010806585739653264,0.36969580069783986,0.0,0.0,0.0,0.0,1.0,5,0
78.71892445262081,2,0,6,2,9,9,2,9,2,1.7629984423933447,0.0112964755057377,0.004371826050862451,0.15610029781842838,0.0,1.0,0.0,0.0,1.0,4,0
44.61489561361647,4,0,3,5,0,0,5,0,2,4.098129164508498,0.0005794333493428473,0.0,0.04030990478324461,0.0,0.0,0.0,0.0,99.0,1,1
96.21547819380513,1,0,4,1,2,2,1,2,3,5.776815962682269,0.0020140485329023555,0.0018086543435233686,0.13103332657453198,0.0,0.0,0.0,0.0,2.0,1,0
15.37123326667581,3,1,7,4,0,0,4,0,8,1.6446176805590242,0.0007928885285910124,0.0,0.3800646914753131,0.0,1.0,0.0,0.0,99.0,4,0
10.341185962562806,5,1,6,4,3,3,4,3,9,2.0960601429728785,0.007520706338678467,0.0012707544662540493,0.3986782767289971,0.0,0.0,0.0,1.0,1.0,2,0
19.146551257764855,4,1,3,3,0,0,3,0,3,2.2920354024990996,0.0004944107114385177,0.0,0.14553766671796262,0.0,0.0,0.0,0.0,99.0,0,1
7.645149802848322,1,2,5,5,2,2,5,2,4,3.346837015365095,0.000763479532296386,0.00017802949035908205,0.17068230727702036,1.0,0.0,0.0,0.0,1.0,3,0
39.08813192752747,2,0,5,3,0,0,3,0,8,4.449873741749182,0.000817710841227651,0.0,0.27917587885719086,0.0,0.0,1.0,0.0,99.0,3,1
129.1271542430885,2,1,7,6,1,1,6,1,6,4.2708411830701145,0.006238999247971917,0.00018941851540382336,0.1383644699263076,0.0,1.0,0.0,0.0,2.0,4,0
6.806228738422201,7,1,3,2,2,2,2,2,7,2.978618839851509,0.0014339657942259347,0.0008219185197100549,0.3070250713525586,0.0,1.0,0.0,0.0,1.0,1,0
10.860524599240254,2,1,5,4,4,4,4,4,6,3.275817448183826,0.0018873240214970278,7.42500993103845e-05,0.14820134132477722,0.0,0.0,0.0,0.0,1.0,3,0
32.08294617358689,3,0,5,4,1,1,4,1,4,3.6881010040032574,0.004814447385815493,0.0002807861471140878,0.06922887810172629,0.0,0.0,0.0,0.0,1.0,4,1
127.22938942441976,3,2,6,4,2,2,4,2,3,6.7803157041688005,0.0003874008375087427,0.0003846561211825846,0.08586780439188399,0.0,0.0,0.0,0.0,1.0,1,0
22.101152497555415,6,0,6,3,0,0,3,0,6,6.815299175220934,0.0007412527327821049,0.0,0.13276950660587553,0.0,0.0,0.0,0.0,99.0,1,1
36.84751266971053,2,1,2,0,3,3,0,3,6,5.739638070046519,0.0038930484187491353,0.0002038347202366325,0.09227377878924344,0.0,0.0,0.0,0.0,1.0,4,0
6.910777985047327,2,0,3,0,9,9,0,9,6,2.7311811607324934,0.0003500603944118542,9.331374632577568e-05,0.4874279016523673,0.0,0.0,0.0,0.0,3.0,0,0
12.225724310138851,2,0,5,3,4,4,3,4,5,1.727978981038763,6.181924169852488e-05,0.000144369478775227,0.3326015569863384,0.0,0.0,0.0,0.0,1.0,2,0
199.16379880400206,1,0,8,1,4,4,1,4,7,5.086508799665981,0.0016197096293104195,0.001066717128145606,0.09783677001266082,0.0,0.0,1.0,1.0,1.0,1,0
156.0111938518959,3,0,4,6,0,0,6,0,4,2.8432036804401073,0.0001850210011627792,0.0,0.2177125399984061,0.0,0.0,0.0,0.0,99.0,2,1
5.222850033822243,5,0,4,4,0,0,4,0,8,7.761478821598243,0.0008424896964033849,0.0,0.14187346067044374,0.0,0.0,0.0,0.0,99.0,1,1
141.46883594054668,4,1,3,6,0,0,6,0,1,1.507963652966371,0.0008876564329546581,0.0,0.3454195290438391,0.0,0.0,0.0,0.0,99.0,1,1
50.86443261058254,4,0,4,1,1,1,1,1,8,2.9675184778210393,0.006583045107377596,0.0015421771546512114,0.43496545495612043,1.0,0.0,0.0,0.0,2.0,3,0
96.09505551394298,3,0,4,5,19,19,5,19,8,9.688614016563863,0.02172425316405469,0.000561125279792992,0.20640503830665244,0.0,0.0,0.0,0.0,1.0,2,0
32.29215210914043,2,0,7,4,1,1,4,1,8,4.36674930640258,0.004975643518089199,0.003732452335080718,0.22013019781416132,0.0,0.0,0.0,0.0,3.0,0,1
37.6176230913997,4,0,7,4,1,1,4,1,3,2.0493558955498488,0.0010902483002663361,0.0014439126451489923,0.2052484017859647,0.0,0.0,0.0,0.0,2.0,4,1
35.198847477898696,3,0,4,2,0,0,2,0,5,1.1771382480772947,0.0005723164311858295,0.0,0.23012004610592013,0.0,1.0,1.0,0.0,99.0,2,0
54.46423566795125,3,0,3,2,3,3,2,3,3,3.983277129987874,0.0006071779306465479,0.001319975270015288,0.027567323616030634,0.0,0.0,0.0,0.0,1.0,1,0
11.768785439425573,1,0,2,4,1,1,4,1,3,5.945739276640118,0.004602733353874296,5.266368735468374e-05,0.300376314880639,0.0,0.0,0.0,1.0,3.0,4,1
6.369439141398708,4,0,3,3,1,1,3,1,11,8.537013724636878,0.0014627272949892891,0.003114488669885702,0.4764986032760921,0.0,0.0,1.0,0.0,1.0,0,0
21.56306396062014,3,0,5,6,5,5,6,5,4,1.6837979745095066,0.0029875958729227666,0.0003299030630907155,0.3948080335742016,0.0,1.0,0.0,0.0,2.0,2,0
59.88642563933777,1,0,6,2,2,2,2,2,5,5.368995482076296,0.0024572574229649153,0.002064013252718653,0.43209159028407446,0.0,0.0,0.0,1.0,1.0,1,0
15.145837449647466,1,0,2,5,0,0,5,0,4,1.7320965797295078,0.00018367356040273493,0.0,0.12227660231004613,0.0,0.0,0.0,0.0,99.0,1,1
55.36032841993906,1,2,2,2,2,2,2,2,5,4.361476602997731,0.00354665268516852,0.0015178841379204812,0.3075182267486489,0.0,0.0,0.0,0.0,3.0,1,0
162.66336756031444,2,0,3,1,0,0,1,0,8,1.7838661510789593,0.0008186230984940943,0.0,0.44755550197179095,0.0,0.0,0.0,0.0,99.0,1,1
9.437287717480412,3,0,1,2,1,1,2,1,3,4.305680408146337,0.002670665225004007,0.00038881456167979086,0.04361708953480603,0.0,0.0,0.0,0.0,1.0,2,1
55.24605877570413,3,0,3,5,9,9,5,9,7,1.3896081187666955,0.009668299581510399,0.002128698793617404,0.4398546490015974,0.0,1.0,0.0,0.0,3.0,0,0
31.39420278907281,3,0,4,3,2,2,3,2,3,5.535187904770471,0.0013985258572481896,0.0015564126637055153,0.04160535200721433,1.0,0.0,0.0,0.0,2.0,2,0
96.17142299870824,1,0,4,9,1,1,9,1,2,5.005844154121171,0.012389726994946565,0.0007961740638372519,0.49170352648967564,0.0,0.0,0.0,0.0,3.0,2,1
13.774149457638972,3,0,5,1,10,10,1,10,5,4.6156105130171685,0.002457221634996412,0.0021455814442579253,0.051121553292781965,0.0,0.0,0.0,0.0,2.0,4,0
58.08604443711592,2,0,6,3,5,5,3,5,3,2.564952644029812,0.01009594088543216,0.00024893416430490456,0.19030361063623308,0.0,0.0,0.0,0.0,1.0,3,0
86.93918877189405,1,0,4,4,1,1,4,1,8,3.281175473947101,0.0025663900570546613,0.0064720239497711735,0.036777534854012764,0.0,0.0,0.0,0.0,1.0,2,1
135.2044574321123,1,0,6,1,2,2,1,2,4,5.011027551489165,0.0007616650378227817,0.00020869355504102437,0.03781871694481294,1.0,0.0,0.0,0.0,1.0,5,0
56.733630574307995,1,0,6,3,6,6,3,6,4,4.937768192515302,0.011499255826417878,0.001179302333878317,0.43447924732299714,1.0,1.0,0.0,0.0,1.0,2,0
35.93806756751928,4,2,2,2,2,2,2,2,8,8.952809618693694,0.010574114927165895,0.000249316960805751,0.041167425872634694,0.0,1.0,0.0,0.0,1.0,2,0
48.28706849979237,3,0,3,1,0,0,1,0,2,4.802590189248628,0.0001873712293349159,0.0,0.3983845510373082,0.0,0.0,0.0,1.0,99.0,2,1
96.432480921556,2,0,5,3,0,0,3,0,8,8.479156715135383,0.00016673928971255853,0.0,0.4543717365584003,0.0,0.0,0.0,0.0,99.0,3,1
43.04250914310526,2,2,1,4,2,2,4,2,9,7.490822166240325,0.002765715974033966,0.001431288249702468,0.4681744275043792,0.0,0.0,0.0,0.0,1.0,2,0
6.388624298025734,3,1,5,2,3,3,2,3,3,2.978634193593462,0.007726153375392554,0.0011820947318438475,0.4333814410150634,0.0,1.0,0.0,1.0,2.0,0,0
125.28074782846278,2,0,9,1,2,2,1,2,6,1.7714279492891247,0.0024197157291361592,0.0007683868668232164,0.47803050710100436,0.0,1.0,0.0,0.0,3.0,1,0
57.634589120501765,4,1,9,2,1,1,2,1,5,2.789565742350975,0.007568736417827088,0.0013164382473058649,0.03537879519013105,0.0,0.0,0.0,0.0,1.0,0,0
55.78688947457701,2,0,3,5,5,5,5,5,7,1.2744144333781016,0.009054679158121021,0.0006781146130515931,0.49833818869098134,0.0,0.0,0.0,0.0,1.0,3,0
15.931939910811078,3,0,2,2,1,1,2,1,4,2.6367749904474684,0.002004857750835962,0.0004510808292499311,0.020039435873948002,0.0,0.0,0.0,0.0,3.0,2,0
53.399164715063996,5,0,5,2,2,2,2,2,3,3.5997597761804068,0.008552883443031066,0.00019553042551931048,0.09159195873762482,0.0,0.0,0.0,1.0,2.0,3,0
27.529320420313645,5,0,4,0,3,3,0,3,5,4.558733870893057,0.005358362395073195,0.00042948116702246563,0.0496646632400312,0.0,0.0,0.0,0.0,3.0,3,0
52.400801105925645,2,0,5,1,0,0,1,0,6,2.8512576379509644,0.0006671684596299144,0.0,0.374557694903294,0.0,0.0,0.0,0.0,99.0,0,1
10.072088095221321,1,0,5,1,2,2,1,2,5,5.688584890114288,0.007173006713019483,4.4801918138420984e-05,0.05264396867335955,0.0,1.0,0.0,0.0,3.0,2,0
53.26215433096355,1,0,6,0,4,4,0,4,4,7.400044256202511,0.0086166675193257,9.933492402607491e-06,0.15341595325294893,0.0,0.0,0.0,0.0,2.0,0,0
339.87753093669824,4,0,1,4,1,1,4,1,4,5.302186842503817,0.0048173711970991235,0.00025363028188737756,0.32265747002558903,1.0,0.0,0.0,1.0,3.0,2,0
7.223584950243531,1,0,8,1,3,3,1,3,6,5.835287666452575,0.012732084940176606,6.920416551563304e-05,0.25402822035572764,0.0,0.0,0.0,0.0,2.0,1,0
175.0938400653003,4,0,6,6,5,5,6,5,1,3.554028694455491,0.003924677414052054,0.000377520885749627,0.07675049475055994,0.0,0.0,0.0,1.0,3.0,2,0
28.50825571045688,1,0,1,1,0,0,1,0,3,7.378912051644775,0.00015477497379523788,0.0,0.26555234843599673,0.0,0.0,0.0,0.0,99.0,1,1
97.07150574570889,5,0,3,2,3,3,2,3,8,5.115676162234836,0.0016151047583094589,0.00282242714944232,0.1769247068245366,0.0,0.0,0.0,0.0,3.0,2,0
73.62635256204317,1,2,6,3,2,2,3,2,3,2.6534947735021834,0.00363060977868568,0.0007129146008460047,0.29711021478843136,0.0,0.0,0.0,0.0,1.0,1,0
42.66747976669486,1,0,9,4,1,1,4,1,4,7.325316421398465,0.006755897188941174,0.0013315799768967287,0.2738630063426596,0.0,0.0,1.0,0.0,3.0,2,0
65.35070536336963,2,0,3,0,2,2,0,2,4,1.6878236409446155,0.002525827413541555,0.0035275513606350694,0.4948585140865196,0.0,0.0,0.0,0.0,3.0,1,0
99.85860954312528,4,1,4,5,3,3,5,3,7,3.9753645319501407,0.01620916791156155,0.00020816577956760205,0.4331234412112983,0.0,0.0,0.0,0.0,3.0,4,0
28.298753539191623,0,0,5,6,1,1,6,1,12,5.29979420935955,0.0031730261829328588,0.0004226251806768798,0.011797012209397606,1.0,1.0,0.0,0.0,1.0,0,0
22.822665115595292,4,1,4,1,9,9,1,9,2,2.6129226286866456,0.0008984934038703471,0.0013365498715616029,0.09624580989178491,0.0,0.0,0.0,0.0,3.0,1,0
54.56283427275381,0,0,1,2,7,7,2,7,6,2.210184737102516,0.000698426373087635,0.0018051328289026055,0.457437401297366,0.0,0.0,0.0,1.0,1.0,2,0
79.2256029336983,1,0,0,1,1,1,1,1,8,7.9011189458800235,0.008075508897178623,0.0008671435189482704,0.27433413474118507,0.0,1.0,1.0,0.0,3.0,3,0
69.65075159692304,3,0,4,4,3,3,4,3,2,1.0827613982115527,0.004253991925637421,0.00010067672545632978,0.38213942356599495,0.0,0.0,0.0,0.0,2.0,2,0
76.9354464401499,1,0,1,4,5,5,4,5,2,1.3808656564940818,0.001931996599006205,0.0017940072338189232,0.2567182613984608,0.0,0.0,0.0,0.0,3.0,2,0
30.73831235338489,4,0,3,4,1,1,4,1,6,5.952602067483477,0.0004009169268002251,6.138413597313274e-05,0.39502447701254084,0.0,0.0,0.0,0.0,1.0,2,1
81.62771478736384,3,1,3,4,3,3,4,3,1,2.3060742350160934,0.0007784394292011942,6.316836698003889e-05,0.0750590051997443,0.0,1.0,0.0,1.0,1.0,1,0
10.763193319410716,2,1,3,7,0,0,7,0,5,2.546524746561122,0.00042631191960767594,0.0,0.37157188137612596,0.0,0.0,1.0,0.0,99.0,1,1
40.38510327549273,4,0,5,4,1,1,4,1,5,2.208865782745253,0.0038493289425742118,0.002221467418904736,0.4361074127415111,0.0,1.0,0.0,0.0,1.0,1,0
5.259888748231424,7,1,4,3,3,3,3,3,4,2.2402479196940996,0.014619441866243948,0.0007522660660787715,0.1401680323720865,0.0,0.0,0.0,0.0,3.0,3,0
22.659313592443453,4,0,3,8,0,0,8,0,3,3.247691901526389,0.0007442187276958065,0.0,0.19049926499128225,0.0,0.0,0.0,1.0,99.0,2,1
25.539555318313376,4,0,3,5,2,2,5,2,4,8.876257769236231,0.0010412192428859658,0.0001008813714364991,0.29938508173455985,0.0,1.0,0.0,0.0,3.0,0,0
27.701016583490034,3,0,3,4,3,3,4,3,6,4.495820553636419,0.0003525751355076367,0.0016861891963816885,0.43543871758501623,0.0,0.0,1.0,0.0,2.0,1,0
58.50394259140149,3,1,1,6,2,2,6,2,7,5.0231689977752465,0.008470635124422114,0.001994219815902206,0.45481928904437585,0.0,0.0,1.0,0.0,1.0,3,0
27.13709042201329,2,0,7,3,6,6,3,6,3,4.677762731234948,0.011125908180649331,0.0001200467798651653,0.2718685590700155,0.0,0.0,0.0,1.0,1.0,3,0
31.79590635037678,2,0,6,3,6,6,3,6,6,1.1759000727042663,0.0019817221797140535,0.0006296218630946819,0.33245198697287603,0.0,0.0,0.0,0.0,1.0,2,0
17.204479192939004,3,1,5,1,1,1,1,1,4,2.7330114242170196,0.021584801865611927,0.001268615861068516,0.43772618598170826,1.0,0.0,0.0,1.0,3.0,2,0
26.02446802478043,3,0,9,3,7,7,3,7,5,4.830716597085977,0.007102743729772829,0.0004953074945226959,0.12333564380848436,0.0,0.0,0.0,0.0,2.0,2,0
16.602129388987198,2,0,9,3,1,1,3,1,8,3.377093965668361,0.00011502983911758747,0.0014407236604664644,0.4143550369782136,0.0,0.0,0.0,0.0,3.0,3,1
8.420588971492425,3,0,3,4,1,1,4,1,8,1.7093715862839864,0.0015838952310709962,0.0006219580833601311,0.1383086336009631,0.0,0.0,0.0,0.0,2.0,1,1
46.62273178933053,3,0,3,1,0,0,1,0,10,1.5152380081294408,0.00038409139459817394,0.0,0.2946919576942948,0.0,0.0,0.0,0.0,99.0,0,1
54.6467663781981,3,0,10,4,0,0,4,0,8,2.1837063573211415,0.00033669934824602103,0.0,0.46798584793599807,0.0,0.0,0.0,0.0,99.0,3,1
48.480967856678824,4,2,6,2,3,3,2,3,7,2.6572096533692484,0.009753496591860344,0.0021494574862709406,0.26063246156527015,0.0,0.0,0.0,0.0,3.0,2,0
33.02049267576263,3,0,6,2,3,3,2,3,4,3.738586766120429,0.0027208680186182345,0.00022058918996115072,0.05577107216285805,0.0,0.0,0.0,1.0,2.0,0,0
26.496065515095495,8,0,6,5,1,1,5,1,2,1.573275523408184,0.017241968839255915,0.0004940303542231559,0.4489468000757704,0.0,0.0,1.0,0.0,3.0,2,0
94.55957248526397,3,0,5,1,1,1,1,1,5,1.2614200875069916,0.005098869049756435,0.0011408228700973478,0.2966349406454986,0.0,0.0,0.0,0.0,1.0,1,1
37.94261246607171,2,0,3,1,0,0,1,0,10,3.207484597819546,0.0007774601962611747,0.0,0.044863921462156016,0.0,0.0,0.0,1.0,99.0,3,1
34.35594761818622,4,0,7,0,1,1,0,1,6,4.193992429714875,0.003560651937663535,0.0007955763734758776,0.015158967161926096,0.0,0.0,0.0,0.0,2.0,3,0
6.168944927390651,0,1,5,2,1,1,2,1,7,2.0072579213334927,0.01173949775381917,0.0009842434431522342,0.13802859195811104,1.0,0.0,0.0,0.0,3.0,0,0
23.783354663485895,4,0,8,5,1,1,5,1,3,3.3385502950622183,0.00034820379193983635,0.0035982700106787302,0.06894144085443615,0.0,0.0,0.0,0.0,1.0,2,0
26.525811420446235,2,0,5,2,5,5,2,5,10,6.990130942664046,0.006397581737096159,0.0008399355457455502,0.31793300608426406,0.0,0.0,0.0,0.0,3.0,2,0
27.898948138909965,1,0,1,2,7,7,2,7,6,1.9702208617652492,0.0027604178444193216,0.001752175821637117,0.302390682466513,0.0,0.0,0.0,0.0,3.0,1,0
44.05599746893718,2,0,8,1,1,1,1,1,3,6.247826149474671,0.01768193045668481,0.0008879532455443881,0.4220316971394957,0.0,0.0,0.0,0.0,3.0,2,1
39.3222696958791,1,1,1,2,1,1,2,1,7,2.380706902474506,0.004769769002836058,0.002745316488189292,0.26154705038054527,1.0,0.0,0.0,1.0,3.0,4,0
47.13131112236689,1,1,2,2,0,0,2,0,3,1.6622513887763177,0.0009929426895434424,0.0,0.13402925680953728,1.0,0.0,0.0,0.0,99.0,1,0
70.14529079540965,4,0,5,4,9,9,4,9,7,2.2004488148335355,0.011587632977213222,1.323538828261855e-05,0.034638480781643735,0.0,0.0,0.0,0.0,1.0,2,0
80.44566806683241,3,1,5,3,0,0,3,0,6,5.413162976846066,0.00026136159713083625,0.0,0.015147327119334052,0.0,0.0,1.0,0.0,99.0,1,1
61.98281347241259,2,0,5,1,0,0,1,0,2,2.2760723737904844,0.0008498879767901463,0.0,0.46363137137319166,0.0,0.0,0.0,0.0,99.0,1,1
145.07594262518924,3,0,6,1,2,2,1,2,7,5.966307068803916,0.000840201469466083,0.00042707920684752253,0.08081112871789986,0.0,1.0,0.0,0.0,1.0,4,0
5.828038006221501,3,0,12,2,9,9,2,9,4,3.043439529761024,0.0016176568128872073,7.442757763901157e-05,0.25460542397160923,0.0,0.0,0.0,0.0,2.0,4,0
14.804595982063082,3,0,4,6,1,1,6,1,0,1.7105007962827143,0.010285366282083772,0.0030918644204476643,0.3994436622374872,0.0,1.0,0.0,0.0,3.0,4,0
5.341622833913706,5,2,3,5,11,11,5,11,4,2.173905951384704,0.006710011145616804,0.0019495314068733477,0.46503020171327647,0.0,0.0,0.0,1.0,2.0,1,0
51.91848168834882,4,0,4,1,2,2,1,2,6,3.637536727481405,0.0006203266539870116,0.00029764966634352933,0.10883089549503591,0.0,1.0,0.0,0.0,3.0,2,0
107.73869045299146,1,0,1,1,9,9,1,9,9,2.334055436711046,0.0013616327188585467,0.0009087291230486284,0.12364692883115343,0.0,0.0,0.0,0.0,1.0,0,0
17.556320492499808,2,1,4,4,2,2,4,2,2,2.653904384784355,0.006746066247112501,0.0013346367770365585,0.09807730044714069,1.0,0.0,1.0,1.0,3.0,1,0
122.79961248006735,3,0,7,2,3,3,2,3,8,1.331739655223239,0.008142217982980147,0.0005012912196609619,0.08787616394730867,0.0,0.0,0.0,0.0,2.0,5,0
7.797195587242429,3,1,2,1,0,0,1,0,2,3.013668345381923,0.0004556403013349713,0.0,0.23292804705357922,0.0,1.0,0.0,0.0,99.0,3,1
127.6128015350053,5,0,2,2,4,4,2,4,8,3.097978290912455,0.014668239062036029,0.0011091454878732955,0.32159356532770206,0.0,0.0,0.0,0.0,1.0,1,0
24.497711568794227,2,0,1,4,3,3,4,3,6,1.7290944429436321,0.007736403804821279,0.0006028289881524367,0.3560678091327448,1.0,0.0,0.0,0.0,2.0,6,0
9.812320762637158,3,1,4,0,0,0,0,0,5,4.154975018014036,0.0006763272048647806,0.0,0.1703273090362927,0.0,0.0,0.0,0.0,99.0,2,1
34.93771470047352,4,0,4,4,5,5,4,5,5,5.433589409532772,0.004503920095814951,0.00466092979018039,0.3156675442273761,0.0,0.0,0.0,0.0,2.0,1,0
18.354135338517736,2,1,2,1,9,9,1,9,2,7.035967603785189,0.019371810053460864,0.003260090698478933,0.011160653869770361,0.0,0.0,0.0,0.0,2.0,1,0
20.088274666624788,2,0,7,3,1,1,3,1,7,3.686635384653331,0.0029232439614530798,0.0009233936437795239,0.44525384692414455,0.0,0.0,0.0,0.0,2.0,2,1
21.521470422257536,1,1,5,6,0,0,6,0,3,5.088870783471091,0.0003455178301217838,0.0,0.4361785621318009,0.0,0.0,0.0,0.0,99.0,0,1
78.11073589844405,3,0,4,6,6,6,6,6,6,5.04652614668993,0.015942600359096868,0.0006111042657845349,0.27660194033417435,0.0,0.0,0.0,0.0,2.0,1,0
39.86182121622172,4,0,5,3,3,3,3,3,4,4.498484830640575,0.0008377360405341723,0.003948936965786915,0.12925146143112248,0.0,0.0,0.0,0.0,3.0,2,0
21.783231308905364,6,1,4,4,5,5,4,5,2,4.244733117106354,0.011468303260598101,0.0008515176735965753,0.4863914870479694,0.0,1.0,0.0,0.0,2.0,2,0
47.410914242953055,2,0,7,4,0,0,4,0,3,1.594814329851251,0.00011756535693622015,0.0,0.40721438412417554,0.0,0.0,0.0,0.0,99.0,3,1
61.66902760916456,5,1,5,4,0,0,4,0,5,1.6303558523118968,0.0008817615910352235,0.0,0.018307479213539996,0.0,0.0,1.0,0.0,99.0,2,1
19.32402839936207,4,1,5,2,4,4,2,4,9,5.543275439801942,0.007356073068385345,0.0009894962235854853,0.2401241827925781,1.0,0.0,0.0,0.0,1.0,1,0
29.014985028159597,7,1,5,7,0,0,7,0,5,9.620636932243613,0.0004179498632657378,0.0,0.06001833389582284,0.0,0.0,0.0,0.0,99.0,3,1
10.849053178463024,4,1,2,2,6,6,2,6,6,2.72910733608015,0.004361535400545322,0.0009118341527521898,0.07479803554170168,0.0,0.0,0.0,1.0,1.0,3,0
13.993410547496243,3,0,3,4,5,5,4,5,7,5.318931904800283,0.009967421445024379,0.00041027780884741387,0.010641098401013842,0.0,0.0,0.0,0.0,3.0,3,0
56.43201616817766,2,0,5,2,0,0,2,0,4,3.800976581237775,0.000689351401607338,0.0,0.34697919177442904,0.0,1.0,1.0,0.0,99.0,2,0
14.009295266764125,5,0,3,5,1,1,5,1,10,3.0896914962773314,0.0020698715338046065,0.00014712984618970464,0.13373502711384513,0.0,0.0,0.0,0.0,3.0,0,0
38.5153024879445,6,0,3,2,3,3,2,3,5,5.101515940290781,0.00032721647646720165,0.0002885311666151446,0.15937292003535244,0.0,0.0,1.0,0.0,1.0,4,0
60.55659497478585,2,0,2,4,4,4,4,4,10,2.680344939022162,0.009545863354293882,0.00023890595275239833,0.03304652309516581,0.0,0.0,0.0,0.0,1.0,4,0
10.08638975842117,2,0,5,3,0,0,3,0,7,4.585786538713492,0.0009534571711764248,0.0,0.013892812782677802,1.0,1.0,0.0,0.0,99.0,0,0
42.69824926556661,2,0,4,2,0,0,2,0,2,4.111090750868732,0.0003542100083179805,0.0,0.3984341794913692,1.0,0.0,0.0,0.0,99.0,1,0
18.341193204161787,1,0,8,4,0,0,4,0,3,4.000335329695581,0.00032262940633882934,0.0,0.3340907009370548,0.0,0.0,0.0,0.0,99.0,1,1
153.26883373135666,4,0,7,3,5,5,3,5,5,6.421027119063062,0.0030263723518327307,0.0033632212302486158,0.19733605903077037,0.0,0.0,0.0,0.0,2.0,4,0
34.73457670970632,5,1,0,0,0,0,0,0,2,2.017063351338344,0.0002818979229807789,0.0,0.04425016295515579,0.0,0.0,0.0,0.0,99.0,1,1
78.79364228459116,5,0,5,3,7,7,3,7,1,2.024721694142776,0.012962395095226188,6.125608003169286e-05,0.3901459658258802,0.0,0.0,0.0,1.0,1.0,4,0
40.9555062497125,5,0,7,4,2,2,4,2,3,3.1316017458410506,0.01055004994843821,0.00017569689096519944,0.46391425020443844,0.0,0.0,0.0,0.0,1.0,0,0
6.997237217593976,3,1,2,4,0,0,4,0,7,2.3229912341183985,0.000607247900832314,0.0,0.26844132052409386,0.0,0.0,1.0,0.0,99.0,2,1
50.12626926084586,5,0,8,2,2,2,2,2,8,3.2876561538767484,0.009041356906204254,0.0005856837117195732,0.07808412847515753,0.0,0.0,0.0,1.0,1.0,2,0
141.08902340561298,3,2,3,4,2,2,4,2,9,2.750304763526282,0.0004893928306423569,0.0004976607921091169,0.3297411616587779,1.0,0.0,0.0,0.0,3.0,3,0
46.4147790239221,0,0,2,6,4,4,6,4,4,3.501717841103633,0.0033268242580286665,0.0008969643327469715,0.04504344646008596,0.0,0.0,0.0,0.0,1.0,0,0
81.96359966184781,2,0,7,4,2,2,4,2,0,5.678842291006918,0.004254742355375724,0.0026098662888910003,0.09110879768766153,0.0,0.0,0.0,0.0,2.0,4,0
102.0175938569315,2,0,3,2,1,1,2,1,5,2.158115481666403,0.012944508214537236,0.002094496502431797,0.24065894696452078,0.0,0.0,0.0,1.0,2.0,3,1
16.64933296264251,3,1,4,5,2,2,5,2,2,2.032178298880079,0.008535215533375032,0.0027660019542078912,0.1320262226394369,0.0,0.0,1.0,0.0,1.0,1,0
15.724134238107009,3,0,6,3,1,1,3,1,7,4.541711965688343,0.010895676224045943,0.0013864979343216866,0.46580494690424784,0.0,0.0,0.0,1.0,1.0,2,0
47.485717911928866,4,1,7,4,1,1,4,1,4,1.927026075730266,0.00399723347785077,0.0012714898266934004,0.4063467294878251,0.0,0.0,0.0,0.0,2.0,0,1
28.821984455010977,4,0,3,3,2,2,3,2,2,7.887385965165228,0.0062632818142543045,0.00027164639035556553,0.14561576514612912,0.0,0.0,0.0,0.0,3.0,3,0
87.42717419760157,3,0,2,4,1,1,4,1,3,6.5944634841052485,0.00034790694988810625,0.00048361056789529414,0.48225916391218604,0.0,0.0,0.0,0.0,2.0,1,0
108.62673591707852,2,0,7,1,2,2,1,2,5,7.996128638375486,0.003198758776630714,0.0018018832786066868,0.19536455682980378,0.0,0.0,1.0,0.0,2.0,1,0
24.62272152905816,2,0,3,5,1,1,5,1,5,1.8070407471712224,0.006075990083009932,0.0007995062469290519,0.288502860286273,0.0,0.0,0.0,0.0,3.0,4,0
17.16474265737994,4,0,5,8,0,0,8,0,4,3.8234260319826734,0.0006021157155678579,0.0,0.2863662921589979,0.0,1.0,0.0,0.0,99.0,1,1
73.24336831066019,3,1,3,2,14,14,2,14,6,2.0414939111407424,0.002220674395670513,0.0027362546219197106,0.32829717532087277,0.0,0.0,0.0,0.0,2.0,0,0
19.45922552303746,0,0,2,4,3,3,4,3,8,8.350743504457707,0.009554313531069046,0.0025670686956877626,0.1293779988003314,0.0,0.0,0.0,0.0,3.0,3,0
82.82430164835657,4,0,5,4,0,0,4,0,5,3.2384012035207688,0.0007113947658332207,0.0,0.4618051556705958,0.0,0.0,0.0,0.0,99.0,4,1
29.803698533993458,3,0,5,4,8,8,4,8,7,3.962792228501076,0.0011491746577932493,0.0004071279217824545,0.14018183581717764,0.0,1.0,0.0,0.0,3.0,0,0
54.55694764424166,2,1,10,4,0,0,4,0,1,2.7347797823978395,0.0007159642717784258,0.0,0.3357720201166699,0.0,0.0,0.0,0.0,99.0,2,1
9.518540778100661,1,2,5,3,1,1,3,1,5,4.651865298998919,0.011607470747932593,0.00034095636338120756,0.38522281172775324,0.0,0.0,0.0,0.0,2.0,3,1
49.00064310794184,3,1,4,4,1,1,4,1,2,3.272107138967403,0.0015261611063951352,0.00012835982677931283,0.44194060664182694,1.0,0.0,0.0,0.0,1.0,3,0
32.04752620832532,3,2,5,3,2,2,3,2,4,4.686007899875825,0.0027171135521593358,0.0005426205634672031,0.23389868852460094,1.0,0.0,0.0,0.0,2.0,0,0
44.75120468299722,2,1,4,2,3,3,2,3,5,3.699302626530436,0.0011528929159564654,8.843259230177644e-05,0.3587254547975705,0.0,0.0,0.0,1.0,1.0,1,0
13.277296171542107,1,2,5,1,0,0,1,0,4,5.711536329148615,0.0007781599653980348,0.0,0.05184014843396371,1.0,1.0,0.0,0.0,99.0,2,0
65.08045871368397,3,1,6,0,0,0,0,0,5,5.15989373453208,0.0009181766061309579,0.0,0.39122969684236464,0.0,1.0,0.0,0.0,99.0,4,1
94.3832418445345,5,0,3,2,0,0,2,0,4,8.64093073625666,0.0006873560879091038,0.0,0.38027192953526434,0.0,0.0,0.0,0.0,99.0,6,1
15.993064700984272,4,0,4,4,0,0,4,0,5,2.5916187830827475,0.0005720923217014621,0.0,0.21119631853846355,0.0,1.0,0.0,1.0,99.0,6,1
9.527459506826045,3,0,6,1,0,0,1,0,8,5.819028310160681,0.0006036321931998257,0.0,0.16359425962790333,0.0,0.0,0.0,0.0,99.0,1,1
6.076510696920829,4,0,4,1,13,13,1,13,3,3.6109051940511456,0.006571928077410511,0.0007865071198471223,0.1962979611814238,0.0,1.0,0.0,0.0,1.0,0,0
51.22142096223143,6,0,4,1,0,0,1,0,5,5.3943188062150655,0.0009986721804544343,0.0,0.05437753746391692,0.0,0.0,0.0,0.0,99.0,1,1
47.03832379957631,4,0,5,3,1,1,3,1,9,2.78287517277382,0.005965036870276866,0.0012460093430872717,0.3225247636005716,0.0,1.0,0.0,1.0,2.0,2,0
40.60379360226045,2,1,3,1,4,4,1,4,8,1.9295740541138693,0.007820450218767712,0.001535534357448489,0.45738578975433214,0.0,0.0,0.0,0.0,1.0,2,0
16.875349832357998,2,0,5,5,1,1,5,1,8,4.688261481925781,0.005354176649347018,0.0002324374691867217,0.33620584382738006,0.0,1.0,0.0,0.0,3.0,2,0
27.310219927934234,2,1,3,1,0,0,1,0,2,2.641494478362917,0.0004964271740551511,0.0,0.2944551072019515,0.0,0.0,1.0,1.0,99.0,3,1
45.615922139269486,2,1,3,2,2,2,2,2,10,2.0974826674410574,0.002422990259679531,0.0007599371209033031,0.49544501902079463,0.0,0.0,0.0,0.0,2.0,1,0
35.901577174636216,2,2,10,4,0,0,4,0,1,3.060484010342204,0.0007780968503374043,0.0,0.2755006841777829,0.0,0.0,0.0,0.0,99.0,1,1
203.2309923521597,2,1,3,0,8,8,0,8,0,4.600976193246355,0.0006986737737001001,7.210720845338493e-05,0.17945724574107572,0.0,0.0,0.0,0.0,2.0,1,0
11.601122567689728,2,1,4,5,1,1,5,1,5,8.858790550484446,0.013255784450449077,0.0018779016338654705,0.35528406984201777,0.0,0.0,0.0,0.0,3.0,1,1
58.45629030892086,1,0,2,2,0,0,2,0,1,3.2408353941044754,0.0005247023842125027,0.0,0.26549952638091434,0.0,0.0,0.0,0.0,99.0,0,1
28.312232036467975,2,0,5,2,2,2,2,2,6,3.4785589725486075,0.006759603619371963,0.0024940002225591488,0.4863238323660366,0.0,0.0,0.0,1.0,1.0,1,0
30.153439654327208,1,0,3,6,0,0,6,0,6,3.1841111136279894,0.000756681414684389,0.0,0.4499979954935356,0.0,0.0,0.0,1.0,99.0,3,1
61.89902876385738,4,1,6,4,3,3,4,3,1,3.1491310007154674,0.005470478078285001,0.002999398300468989,0.4739524177044202,0.0,0.0,0.0,0.0,3.0,1,0
58.058265889391656,1,1,4,3,4,4,3,4,7,3.1590053669390965,0.002230834886060567,0.0013494020311898853,0.01050076784090711,0.0,0.0,0.0,0.0,1.0,4,0
218.27240635389663,4,1,3,1,0,0,1,0,5,4.038877523661517,0.00035016274415828426,0.0,0.1737634866049833,0.0,0.0,0.0,0.0,99.0,1,1
11.18381558614624,2,0,3,3,1,1,3,1,5,3.0249434591335858,0.022280359710564256,0.0007504828776925065,0.31733805864501563,0.0,0.0,0.0,1.0,2.0,0,0
9.947176251829493,1,0,2,2,3,3,2,3,6,5.946044233591923,0.00013402845415204256,0.0005386346625550329,0.16107611327850624,0.0,0.0,0.0,0.0,2.0,0,0
62.9862244553094,4,0,2,5,4,4,5,4,2,4.078284913173805,0.004587080605473499,0.0007783899358318942,0.3316574326901438,0.0,0.0,0.0,0.0,2.0,4,0
43.86502627105912,4,0,2,1,3,3,1,3,2,2.847726708548859,0.0040218111978383144,0.0003203211377414255,0.3603263060593908,0.0,0.0,0.0,0.0,3.0,3,0
19.419196660251174,4,0,6,3,2,2,3,2,4,4.285774124385169,0.0009602921624170112,0.001926834424956904,0.3154091025423547,0.0,0.0,0.0,1.0,3.0,0,0
8.723780930650886,2,0,6,4,1,1,4,1,9,6.854522384808818,0.011088497791324585,0.00021907824041653666,0.23454787479429615,0.0,0.0,0.0,0.0,3.0,3,1
9.029789197875857,2,1,5,3,0,0,3,0,5,6.589559948283994,0.00047704038662900943,0.0,0.35140884469632566,0.0,0.0,1.0,0.0,99.0,1,1
106.07533306095151,2,0,4,3,1,1,3,1,4,4.756077663461431,0.0006182027214430212,0.000514125762765873,0.3923844416240921,0.0,0.0,0.0,0.0,1.0,2,1
14.58630643369838,2,0,4,2,2,2,2,2,6,8.276481506449215,0.013235321658301111,0.0014693864823357428,0.35108349973289615,0.0,0.0,0.0,0.0,1.0,2,0
22.578484682641136,2,2,2,3,0,0,3,0,5,8.56058871665414,0.00021062780802362993,0.0,0.4078816066927767,0.0,0.0,0.0,0.0,99.0,2,1
16.566432354303497,5,0,4,6,0,0,6,0,10,2.4441669416194722,0.0004576225222874408,0.0,0.4741534297264301,0.0,0.0,1.0,0.0,99.0,3,1
24.732465566468935,1,0,9,3,1,1,3,1,6,3.906893579812774,0.019014171152469908,0.002215016000281068,0.06023053993154981,0.0,0.0,0.0,0.0,3.0,1,0
8.237811232923342,1,0,3,3,5,5,3,5,11,8.406870770038248,0.005454903172673167,0.0021107176627067938,0.45414553819452086,0.0,0.0,0.0,0.0,1.0,5,0
37.940554491149065,5,0,4,6,6,6,6,6,7,2.8210238393358225,0.016751599987655717,0.0005171382835476868,0.14402420997874932,0.0,0.0,0.0,0.0,3.0,1,0
8.150308086984861,3,0,3,6,2,2,6,2,1,4.8923907702408815,0.009289237071335861,0.00026654958201055345,0.28624692566096127,0.0,0.0,0.0,0.0,3.0,4,0
77.50499189716633,2,0,5,3,3,3,3,3,7,3.0268350876619072,0.0018904247669178154,0.0031470925704633196,0.4717620294383277,0.0,0.0,0.0,0.0,3.0,0,0
16.97887884578927,4,0,6,3,0,0,3,0,3,2.0589877879511347,0.0008482964486999833,0.0,0.31383558620927937,0.0,0.0,0.0,1.0,99.0,2,1
39.94496110168676,2,0,2,4,3,3,4,3,3,2.699393171858004,0.0015814695276818837,0.002421725946997668,0.051243534338326964,0.0,1.0,1.0,0.0,1.0,0,0
100.44152674203838,3,0,6,4,15,15,4,15,2,2.7666833221085025,0.0012832786985582441,0.0010558121243874998,0.2546214072193253,0.0,1.0,0.0,0.0,3.0,1,0
52.35494181846188,3,1,4,2,1,1,2,1,5,6.362057989134167,0.012403767164686635,0.0007822299763581315,0.4482306282793203,0.0,0.0,0.0,1.0,2.0,1,0
39.260103465862926,4,0,0,0,6,6,0,6,6,7.337281282641097,0.002539202704443073,0.0008024127455477584,0.21192631146919444,0.0,1.0,0.0,0.0,2.0,0,0
22.642521911786574,4,1,2,1,2,2,1,2,3,2.5310030555345056,0.005073459164183197,0.0007573402143037731,0.42549938746230226,0.0,0.0,0.0,0.0,1.0,0,0
23.223564555073107,2,0,4,5,0,0,5,0,9,1.250999458404901,0.0005612721442333716,0.0,0.39914972979188207,0.0,0.0,0.0,0.0,99.0,0,1
54.819911775638126,2,0,4,1,11,11,1,11,2,7.567844693618129,0.0005103635350769702,0.0005682148869933355,0.4541517392010813,1.0,1.0,1.0,0.0,2.0,1,0
236.2773503618287,1,1,5,5,10,10,5,10,3,1.668261732855506,0.005591499923270267,0.0004283287166368169,0.13890602887584352,0.0,1.0,0.0,1.0,1.0,4,0
53.7905177134354,6,0,7,3,2,2,3,2,3,4.513465586946265,0.0118003482926499,0.0016915343480428191,0.25331201182530594,1.0,1.0,0.0,0.0,3.0,0,0
41.71799799355916,4,0,6,4,9,9,4,9,4,8.868899251327178,0.00405657938487321,0.0002593648593568741,0.17425296340094124,0.0,0.0,0.0,0.0,3.0,2,0
64.0285485886765,3,0,7,2,1,1,2,1,5,1.6288408312660176,0.015180593606767673,0.000982384295550816,0.27179149587918866,0.0,0.0,0.0,0.0,2.0,4,1
33.1642817592084,2,0,5,4,4,4,4,4,3,5.362959555468073,0.014495345410276698,9.504322218020057e-05,0.019370215065009612,0.0,0.0,1.0,0.0,3.0,3,0
7.79120795674479,2,1,6,8,1,1,8,1,5,3.1810304759037864,0.014434685732692215,0.00044999777715673376,0.12841984475785984,0.0,0.0,0.0,1.0,3.0,3,0
42.17964170647825,2,1,3,0,0,0,0,0,4,3.7320176837809393,0.00028882266345715553,0.0,0.4872777638948016,0.0,0.0,1.0,0.0,99.0,1,1
147.25415422829008,5,0,3,5,5,5,5,5,5,3.2094297653671227,0.010526109276335387,0.00029088397801680125,0.30553383880151863,0.0,0.0,0.0,0.0,2.0,2,0
13.673262332331658,1,0,3,0,2,2,0,2,3,2.0509489545066115,0.000665864295997617,0.0005268164461382427,0.09492907497837194,0.0,0.0,0.0,0.0,2.0,3,0
57.70394413107161,3,0,3,4,1,1,4,1,4,5.432409736972562,0.01291813236536321,8.245309773001962e-05,0.25907572659152034,0.0,0.0,0.0,0.0,2.0,1,0
15.094010468401608,1,2,3,2,2,2,2,2,7,3.6128371848999814,0.008113097580198193,0.000749734360427625,0.35201362020630655,0.0,0.0,1.0,0.0,1.0,1,0
39.53747417119009,1,1,6,5,1,1,5,1,7,1.9787087573435622,0.011416109685686623,9.122539027646155e-05,0.30582337984858754,0.0,0.0,0.0,0.0,3.0,3,0
9.57535176660624,7,1,4,1,4,4,1,4,4,11.657437659429599,0.00029091456233544657,0.00014006273950108246,0.2559428481800361,1.0,0.0,0.0,0.0,1.0,0,0
31.93302460306463,6,0,5,1,1,1,1,1,4,2.893039732785856,0.0032539020279471866,0.0008644656426421009,0.3402408914894367,0.0,1.0,0.0,0.0,1.0,2,0
68.50654963441055,1,1,0,2,6,6,2,6,7,2.206367096737813,0.007712923758062993,0.0002928017188306803,0.09180226225750564,0.0,0.0,0.0,0.0,1.0,1,0
24.217419266845436,5,0,3,4,1,1,4,1,7,3.9006391151403066,0.0007421086335817602,0.0003110473002583725,0.2247115924308803,0.0,0.0,0.0,0.0,3.0,3,0
54.20125727942398,3,0,4,1,2,2,1,2,5,1.2383228110375826,0.01617601528285773,0.00018738855626088634,0.3776279468636274,0.0,0.0,0.0,0.0,3.0,4,0
76.41241893123576,2,1,1,2,1,1,2,1,3,2.0407426931820924,0.0039051921551270224,6.837209006016445e-05,0.2939333648272249,0.0,1.0,0.0,0.0,2.0,1,0
122.8880611716894,3,0,4,5,0,0,5,0,2,4.410677435202022,0.0001048916372366723,0.0,0.4540769286656873,0.0,0.0,0.0,0.0,99.0,4,1
17.033525947200005,3,2,6,5,1,1,5,1,4,3.0335091383098822,0.0061316946176249,0.0010644299001470636,0.22744287580602113,1.0,1.0,0.0,0.0,1.0,3,0
27.935875981154066,4,0,7,4,2,2,4,2,1,1.0105741116596352,0.0017580594228717439,0.0003542366877708422,0.07476770519702002,0.0,0.0,0.0,1.0,1.0,0,0
12.441440539508125,6,1,4,1,0,0,1,0,6,2.5042429314424712,0.00016612824329535633,0.0,0.03389199864735086,0.0,0.0,0.0,0.0,99.0,0,1
225.07947329216248,3,0,2,3,7,7,3,7,5,2.7624299775549814,0.006813740014578748,0.0034823184763490274,0.24394780739164604,0.0,0.0,1.0,0.0,1.0,2,0
122.77890937213576,3,0,3,4,1,1,4,1,8,4.150541129303868,0.020791839615012974,0.00010708998487104693,0.2244106861833869,0.0,1.0,0.0,0.0,1.0,3,0
39.939601945960526,5,0,3,2,5,5,2,5,10,4.717475402342632,0.005774114915291092,0.0007294177537705512,0.1356912957718838,0.0,0.0,0.0,0.0,2.0,2,0
88.04169464278873,0,0,4,2,1,1,2,1,4,4.305083144053529,0.002613557286605993,0.00044844384001562594,0.29935264470314726,0.0,0.0,0.0,0.0,2.0,2,1
38.11851298842288,5,0,3,2,0,0,2,0,5,5.671126980439139,0.0006310433718471069,0.0,0.13258613117218057,0.0,0.0,0.0,0.0,99.0,0,1
48.96791818797789,2,0,1,2,1,1,2,1,3,3.5865625984250658,0.001986915036735779,0.0028693407476423054,0.11599729416154407,0.0,0.0,0.0,0.0,3.0,4,1
9.200704079435981,1,0,6,2,1,1,2,1,5,2.158972687942942,0.0071041242069985015,0.0025922009323372315,0.3148868192152406,0.0,0.0,0.0,1.0,1.0,2,0
68.34206458200825,4,0,5,4,3,3,4,3,4,4.797244273348197,0.0003046126609933936,0.0005680548419345386,0.47302170899769547,0.0,0.0,0.0,0.0,3.0,3,0
11.148680085300821,4,0,7,1,13,13,1,13,6,1.6407102683890908,0.009019674409141117,0.0019005682056066151,0.10935950856137627,0.0,0.0,0.0,0.0,2.0,3,0
83.70899307209027,5,0,2,2,1,1,2,1,8,5.062106099019479,0.0016539018988136493,0.0010865237396805933,0.09958289459018771,1.0,0.0,0.0,0.0,1.0,3,0
73.55250801583993,2,1,6,5,2,2,5,2,2,1.7397391382218261,0.0015246103644771787,0.001508357680789035,0.2644816428293632,0.0,0.0,1.0,0.0,2.0,4,0
60.509978109212405,2,1,2,5,2,2,5,2,5,2.978513581400564,0.008352763355791836,0.0003708060259790858,0.06852468895387084,0.0,0.0,0.0,0.0,1.0,2,0
6.65736656231989,4,0,2,3,2,2,3,2,9,4.836580322097264,0.023041706237376468,0.0005504396005687144,0.15410313680196921,0.0,0.0,0.0,0.0,2.0,2,0
21.251931802319756,4,0,5,1,2,2,1,2,9,2.2194488822894476,0.007524869673135944,0.0015769816019796348,0.4954723266702811,0.0,0.0,0.0,0.0,3.0,2,0
18.739406263060737,3,1,4,3,0,0,3,0,10,7.64899247573679,0.0008087831783534406,0.0,0.4221113232625753,0.0,0.0,0.0,0.0,99.0,0,1
25.092511790878262,1,0,5,2,0,0,2,0,7,1.6757663768999782,0.0009347122048121155,0.0,0.3560001250292082,1.0,0.0,0.0,0.0,99.0,3,0
9.127563825756994,1,0,9,1,0,0,1,0,3,3.862079519831748,0.0004001205901964808,0.0,0.022751853611041668,1.0,0.0,0.0,0.0,99.0,2,0
129.37780854014335,1,0,5,3,1,1,3,1,3,3.3283303973614795,0.013902346032897722,0.0012806656980013736,0.13988603144873688,1.0,0.0,0.0,0.0,2.0,2,0
41.31468584434317,1,0,3,7,2,2,7,2,7,4.215477344799797,0.0017811000881416271,0.002084558564883772,0.28913756530011403,0.0,0.0,0.0,0.0,2.0,3,0
21.4069154876421,4,0,3,3,2,2,3,2,3,3.1849346081749585,0.007194164338605955,0.0004760301470476073,0.3580376449740165,0.0,1.0,0.0,0.0,3.0,3,0
27.761334399796958,3,0,1,3,2,2,3,2,10,12.232751648596889,0.0029165986512683234,0.0003091493097932237,0.3375037796029813,0.0,0.0,0.0,0.0,1.0,2,0
31.674362100918362,4,0,0,5,1,1,5,1,5,6.607140345841806,0.008558538002012013,0.0007419000946499326,0.10087627401648692,0.0,0.0,0.0,0.0,1.0,2,0
46.29999515993564,3,0,3,3,1,1,3,1,5,4.339255558525227,0.013903182748587373,5.626063384113486e-05,0.23848028761659565,0.0,0.0,0.0,0.0,2.0,2,1
37.62537134204478,3,0,5,1,1,1,1,1,5,7.986301238475427,0.0015874078412634889,0.000524960898866054,0.10726817303989333,0.0,0.0,0.0,0.0,2.0,2,0
118.3170670932941,3,0,1,5,5,5,5,5,4,4.7080058062974475,0.0014209303567030516,0.00039692099825604563,0.4625493329283562,0.0,1.0,0.0,0.0,2.0,0,0
35.91916308143553,0,0,2,2,1,1,2,1,4,4.11488435307594,0.0038432979215464375,0.0009542082267043185,0.2831336650668616,0.0,0.0,1.0,0.0,1.0,3,0
223.1718469412106,6,0,3,1,4,4,1,4,5,2.030342405356447,0.005478664805378571,0.004771372476672509,0.20122704292042723,0.0,0.0,0.0,0.0,1.0,2,0
90.79993009977261,4,1,4,4,1,1,4,1,6,7.688774843876745,0.009553035651011033,7.902884309391275e-05,0.45982915885313225,0.0,0.0,0.0,0.0,3.0,2,1
15.522740772774435,1,0,4,3,7,7,3,7,7,1.340102530111162,0.0028666601804911984,0.0002453095199237604,0.45294091121911406,0.0,0.0,1.0,0.0,1.0,3,0
125.05097572649844,6,0,5,2,2,2,2,2,3,5.667911002858098,0.0031228256498019103,0.00044635333531089865,0.2570092533884508,1.0,0.0,0.0,1.0,1.0,3,0
10.567075077947433,1,0,5,4,1,1,4,1,5,5.224914797189493,0.0022365823038311586,0.0022998857696254894,0.3465211684756251,0.0,0.0,0.0,0.0,3.0,2,1
81.53283083048267,3,0,4,0,12,12,0,12,4,4.971206507404733,0.02154687892837722,0.0018292466733650582,0.1662339870926594,1.0,0.0,0.0,0.0,1.0,3,0
26.556872840019373,6,0,5,2,0,0,2,0,6,1.4322977706922257,0.0007389358853208308,0.0,0.16075504828604845,1.0,0.0,1.0,0.0,99.0,1,0
99.65856957094563,3,0,5,3,3,3,3,3,3,3.1714743105364964,0.005746112779080743,0.0011960714235304745,0.27928547178120966,1.0,0.0,0.0,0.0,2.0,5,0
96.1422313620032,1,1,5,3,3,3,3,3,2,3.202042317524345,0.000861929736976492,0.00020524239050680716,0.4248558896344563,0.0,0.0,0.0,0.0,3.0,3,0
78.77806962608514,4,0,4,2,2,2,2,2,8,2.7994888135823377,0.008848415416059728,0.0010849071778015328,0.302608357917314,0.0,0.0,0.0,1.0,2.0,4,0
75.23567121039174,1,1,2,3,0,0,3,0,3,1.357337640628062,0.0007742582090334672,0.0,0.23492910905302197,0.0,0.0,0.0,0.0,99.0,0,1
21.352184131630406,4,0,4,3,6,6,3,6,8,3.0884365062626884,0.006636714007115067,0.0011075661340011415,0.33542933103343986,0.0,0.0,0.0,0.0,3.0,3,0
8.797159814033726,5,2,3,3,5,5,3,5,4,2.115343229700792,0.0024379590989284804,0.0007920165662417787,0.40802349128782217,0.0,0.0,0.0,1.0,1.0,2,0
28.211223413403484,1,1,10,2,11,11,2,11,3,4.405971200979782,0.005250986445684745,0.0029666274789688033,0.3957978102025323,0.0,0.0,0.0,0.0,2.0,3,0
13.57632605149959,2,2,2,1,2,2,1,2,3,4.893796954655204,0.004163432603801811,0.0026790842025035365,0.1915921689916452,0.0,0.0,0.0,0.0,3.0,2,0
58.42774179398633,5,0,8,6,1,1,6,1,7,3.411120669886357,0.008208610298710953,0.000497773252437079,0.46847301421705284,0.0,0.0,1.0,0.0,3.0,2,0
24.116019179589788,9,0,1,3,5,5,3,5,1,2.8453132831852197,0.004965122047396447,0.0008565851663466788,0.017721738227449546,0.0,0.0,0.0,0.0,3.0,2,0
172.11156359571874,5,1,1,1,2,2,1,2,6,1.8755911178974263,0.00654146566483491,0.00020680862323078388,0.23088663947706098,0.0,0.0,0.0,0.0,3.0,0,0
51.09598015412559,4,1,5,3,1,1,3,1,7,2.111425776872848,0.027462137780010554,0.0020627524159015725,0.45468743126419225,0.0,0.0,0.0,0.0,1.0,0,0
82.79038289344719,4,2,5,5,2,2,5,2,6,4.981888810449576,0.009427349589932136,0.004705640567358304,0.35104298910355564,0.0,0.0,1.0,1.0,1.0,3,0
11.397569394495175,4,0,2,0,8,8,0,8,6,1.998909545839385,0.009864149972912734,0.0006710067879269137,0.354955920836278,0.0,1.0,0.0,0.0,3.0,2,0
94.1272944501403,3,1,5,3,1,1,3,1,1,6.771249284494522,0.004299413496514754,0.0011088750675761782,0.0866705239219742,0.0,0.0,0.0,0.0,2.0,0,1
120.23606518772597,2,0,8,5,0,0,5,0,5,4.696686542074984,0.00039131772629390373,0.0,0.2952072744883125,0.0,0.0,0.0,0.0,99.0,4,1
35.04200632467122,2,0,8,2,2,2,2,2,0,3.5672999232537843,0.005238106490549239,0.0011592270089400359,0.48380499696453544,0.0,0.0,0.0,0.0,3.0,0,0
46.942094742124574,7,0,5,5,1,1,5,1,5,4.640387743899439,0.008698508979388807,0.0003263579172252874,0.11365844419752759,0.0,1.0,0.0,0.0,3.0,1,0
70.1312330449327,4,0,3,5,6,6,5,6,5,2.6232230520072544,0.009298859727313131,0.00027122417225397864,0.1703186832637873,0.0,0.0,0.0,0.0,1.0,2,0
13.647933880456067,3,1,5,1,10,10,1,10,5,7.119481784551245,0.00020066517847167078,5.2010939610830194e-05,0.20042492218217708,1.0,1.0,0.0,0.0,2.0,1,0
36.42316466973776,1,0,3,3,1,1,3,1,9,1.350753778143949,0.006114831589181043,0.001304508892075504,0.18634502554301322,0.0,0.0,0.0,1.0,2.0,2,0
27.88699170513055,1,0,5,3,0,0,3,0,8,3.806335264968913,0.0009527425285305011,0.0,0.3172543484621504,1.0,0.0,0.0,0.0,99.0,1,1
12.121794997036746,2,0,4,2,2,2,2,2,3,1.6247170737533554,0.011663861709783948,0.0004216100453686539,0.12494103616805907,0.0,0.0,0.0,0.0,1.0,3,1
25.61582671055292,2,0,2,7,5,5,7,5,3,4.9425735534454125,0.00888811795960256,0.0006830712266329877,0.25778787297151773,0.0,0.0,0.0,0.0,3.0,0,0
8.17733132168496,4,0,10,7,0,0,7,0,8,3.488393990752158,0.00040505821981517704,0.0,0.20611717119370251,0.0,0.0,0.0,0.0,99.0,3,1
6.176789598596569,3,0,3,2,0,0,2,0,8,4.7952581158453835,0.0007321206093702989,0.0,0.3257954788652708,0.0,0.0,0.0,0.0,99.0,5,1
11.534811454785363,4,0,3,1,4,4,1,4,8,1.6020777254047598,0.013251925892425376,0.0016709913698299114,0.1285510423053462,0.0,0.0,0.0,0.0,2.0,3,0
153.49790029896985,6,1,6,3,2,2,3,2,3,7.497258965359,0.005132778753063369,0.0008737696519438517,0.28103112866254043,0.0,0.0,1.0,1.0,3.0,0,0
40.88582449511553,2,2,5,2,2,2,2,2,0,1.7730678872911159,0.0007836859381545249,0.002309796873501294,0.3727794278729556,0.0,0.0,0.0,0.0,2.0,1,0
156.9280024347848,5,0,7,7,6,6,7,6,5,2.472641155339184,0.0013718858410578427,0.004540971132596434,0.34954794544667295,0.0,0.0,0.0,0.0,3.0,0,0
30.492985595371245,1,0,4,3,0,0,3,0,5,5.702102942368344,0.00022174646999726833,0.0,0.4187969722159064,0.0,0.0,0.0,0.0,99.0,1,1
21.816465274881683,4,0,5,3,9,9,3,9,3,4.4160718576047895,0.0016414737029561298,0.0028696978326812543,0.47851866403344345,0.0,0.0,0.0,0.0,3.0,3,0
36.74781386497849,2,1,3,7,1,1,7,1,9,4.117076655449481,0.005738096239546646,0.0014864754872032583,0.4284447266048657,0.0,1.0,0.0,0.0,1.0,4,0
31.052610078194675,5,0,2,3,7,7,3,7,11,4.294791035138704,0.002115827226228113,0.0007475607674431231,0.4697205778074944,0.0,0.0,0.0,0.0,2.0,1,0
10.025352526927637,2,0,2,3,4,4,3,4,2,1.2254065438315238,0.007422267155532496,0.001902802943684116,0.018579474890485205,0.0,0.0,0.0,1.0,1.0,2,0
51.077714197887175,4,0,4,6,1,1,6,1,5,1.6221854918366891,0.0016525662899950413,0.000664861209933615,0.31817641332859914,0.0,0.0,0.0,0.0,3.0,2,0
15.95277328992488,2,2,5,4,0,0,4,0,8,1.9507927282204276,0.0003046595741849448,0.0,0.1411855827388516,0.0,0.0,0.0,0.0,99.0,2,1
48.49251280275937,6,0,5,3,1,1,3,1,4,2.31253294094354,0.01257334967659152,0.0009433922318969678,0.40640770568946294,0.0,0.0,0.0,0.0,2.0,2,1
52.267857769607886,2,0,6,4,4,4,4,4,1,3.2393254755831826,0.005535065881438763,7.231267642849985e-05,0.41132861085694056,0.0,0.0,0.0,1.0,1.0,2,0
12.42067781995009,0,2,7,4,0,0,4,0,6,1.4995674515897839,0.0009877394705926686,0.0,0.03340665537410862,0.0,0.0,0.0,1.0,99.0,1,1
7.849049402773913,2,0,6,1,5,5,1,5,9,1.2322164857118807,0.004049261921846545,0.0006492548898725272,0.30182207088405016,0.0,0.0,0.0,0.0,2.0,4,0
73.29179719507685,3,1,2,2,1,1,2,1,6,1.5366466407500394,0.002507481415298681,0.0001743576568629875,0.4269322379359309,0.0,1.0,0.0,0.0,3.0,4,0
32.711747994112386,2,0,1,3,3,3,3,3,4,5.9524871208712895,0.0007736673338352457,0.002350340726507744,0.2978325568521399,0.0,0.0,0.0,0.0,3.0,1,0
7.6965755046717135,4,2,5,2,1,1,2,1,6,1.321747372112193,0.001198112830665022,0.00026473829880525857,0.21851463157756826,0.0,0.0,0.0,0.0,3.0,1,1
242.23693895314995,2,0,6,0,9,9,0,9,5,2.0068709050132587,0.0007041780769800487,0.00013849085352069272,0.04762215782094686,0.0,0.0,0.0,0.0,1.0,4,0
7.678268664099066,2,1,4,1,0,0,1,0,5,3.042283984139714,0.0005135024638666521,0.0,0.3678331000007856,0.0,0.0,0.0,1.0,99.0,2,1
58.4401556075068,4,0,6,0,1,1,0,1,4,3.017717148945886,0.008703841025337757,0.0011067501285530884,0.046574241871832706,1.0,0.0,0.0,0.0,3.0,0,0
190.1884134945629,1,1,7,3,1,1,3,1,7,4.737589964169138,0.006646482709815685,2.3546768039781047e-05,0.30297804855688354,0.0,0.0,0.0,0.0,3.0,2,1
17.301137763071615,1,0,2,0,4,4,0,4,4,2.4076906055722933,0.002773921408555012,0.0002682718611202925,0.4596371839625129,0.0,0.0,1.0,0.0,3.0,2,0
11.904883755511323,4,0,5,2,2,2,2,2,2,2.72020432674379,0.006557620577297628,0.0038271989111565846,0.21536406874146224,0.0,0.0,0.0,0.0,1.0,1,0
10.823378271080422,3,1,2,1,4,4,1,4,4,3.0205263183970903,0.007343851222744143,7.62873890328524e-05,0.38738089546162885,0.0,0.0,0.0,0.0,3.0,0,0
21.26141176734994,8,0,6,2,1,1,2,1,5,3.638571589427734,0.005131689423470546,0.00038730310948904617,0.40190733948851,0.0,0.0,1.0,1.0,2.0,0,0
9.793544159820268,1,0,7,0,0,0,0,0,2,3.877129799051547,0.0006549395428288612,0.0,0.015067100320580886,0.0,0.0,0.0,0.0,99.0,4,1
58.01807614676825,4,0,4,7,1,1,7,1,1,1.9466952744306443,0.003491186217252871,0.001598686962502743,0.4583205782823276,0.0,1.0,0.0,0.0,3.0,3,0
7.894240870978718,2,1,5,3,3,3,3,3,6,2.7990448081055024,0.0007878817903811752,0.0003176492216292674,0.10250218022845792,0.0,0.0,0.0,0.0,3.0,1,0
37.04770635955866,2,0,4,2,9,9,2,9,9,3.252114934226419,0.01492201985437755,0.0004553889706093309,0.14852222922054417,0.0,0.0,0.0,1.0,3.0,3,0
262.07959490599706,3,1,4,4,0,0,4,0,7,5.3224769751547205,0.0003992617230494184,0.0,0.4366795846940437,0.0,1.0,1.0,0.0,99.0,1,0
80.68319495045219,4,0,2,1,1,1,1,1,6,1.7550904976369608,0.0063816603870337565,0.0028467906022359973,0.346429694734361,0.0,0.0,0.0,1.0,1.0,1,1
47.978693447894315,3,0,4,4,13,13,4,13,6,7.388757724337156,0.00974134035460163,0.000599511488844375,0.19221040461731964,0.0,0.0,1.0,0.0,2.0,4,0
21.454197488914335,4,0,8,5,1,1,5,1,5,2.642753434288568,0.0024994823890074325,0.0008441265117760275,0.053061006493239235,0.0,0.0,0.0,0.0,1.0,2,1
49.005011426856065,5,0,2,3,4,4,3,4,5,2.8068115912593106,0.0012319196765058823,0.0005261929276081425,0.1992540258100788,0.0,0.0,0.0,0.0,1.0,8,0
38.69364001457904,5,0,1,2,3,3,2,3,5,1.6213657433710464,0.006478239674029471,0.0003722345697965884,0.48350279573370714,0.0,0.0,1.0,0.0,3.0,0,0
29.98720225925131,2,0,7,0,0,0,0,0,3,3.029778198681692,0.0003999986086342303,0.0,0.06126186268671107,0.0,0.0,0.0,1.0,99.0,1,1
11.303551663715531,5,0,2,0,0,0,0,0,3,1.4337360881126848,0.0009913709579143597,0.0,0.42460455614919557,0.0,0.0,0.0,1.0,99.0,4,1
102.95919769154214,3,2,2,4,1,1,4,1,8,5.314122831976654,0.004367292850629032,0.002357208885849886,0.1693976530622418,0.0,0.0,0.0,0.0,2.0,0,1
31.8850488406752,5,0,3,0,6,6,0,6,5,8.373699447387827,0.0030355237315486754,0.004826616083536375,0.33073605460851124,0.0,0.0,0.0,0.0,3.0,3,0
14.739988192763612,3,0,5,4,6,6,4,6,4,4.3494705477694255,0.027553993952983614,0.000703795309960409,0.3194563226211088,0.0,0.0,0.0,0.0,1.0,3,0
25.631833252232088,6,0,4,5,2,2,5,2,2,5.875689448229096,0.0047433973746717475,0.0006817999586035677,0.16953873364179278,0.0,1.0,0.0,0.0,2.0,1,0
29.059562057906028,1,0,5,2,1,1,2,1,4,5.670528096376302,0.0010447345300102736,0.0015546418606211011,0.036603608094772026,0.0,0.0,0.0,0.0,2.0,3,0
84.090998799074,1,0,6,0,7,7,0,7,10,4.323520438866134,0.002424792886504704,0.0014139647420303375,0.08292113290131908,0.0,0.0,1.0,0.0,2.0,3,0
64.52646452866752,4,0,3,1,2,2,1,2,1,4.8355119190294396,0.006176741767269081,3.2694056877360547e-06,0.2872659024260729,0.0,0.0,0.0,0.0,2.0,2,0
70.99962467765863,3,1,4,6,2,2,6,2,5,3.5482519702462936,0.00670259363286046,0.0001556969045428816,0.4749404128573573,0.0,1.0,1.0,1.0,3.0,4,0
5.499165200969024,7,0,4,1,2,2,1,2,2,4.505016575591175,0.019994582895589946,0.0009303045872472359,0.4636263627287618,0.0,0.0,0.0,0.0,1.0,0,0
29.21531118984389,2,0,4,0,2,2,0,2,3,4.266197650292407,0.0028211379675523686,0.0018548622954654447,0.06560166713309735,0.0,1.0,0.0,0.0,2.0,3,0
34.54316244671723,0,0,3,2,3,3,2,3,4,6.438901838272282,0.0006211872690303558,0.0011158678795454165,0.43886215830429515,0.0,0.0,0.0,1.0,1.0,2,0
5.872047775990083,2,0,5,3,3,3,3,3,4,3.3718888586696645,0.004286776489453292,0.0005262975859673922,0.12456663730841878,0.0,0.0,0.0,0.0,1.0,1,0
18.53837168098218,3,0,6,7,2,2,7,2,8,8.398458420757782,0.0005495362814844895,0.0016150907842190706,0.45583685754594294,0.0,0.0,0.0,0.0,3.0,3,0
69.27461067714701,2,0,6,3,7,7,3,7,3,3.296566098685794,0.008028077329216537,0.0001260739611361034,0.3816619270788559,0.0,0.0,0.0,0.0,3.0,6,0
11.636047280025018,3,0,2,4,0,0,4,0,2,2.835113580233428,0.0008664559406512368,0.0,0.48101930026678186,0.0,0.0,0.0,0.0,99.0,2,1
39.487327036918614,3,0,6,4,3,3,4,3,5,5.996641129377434,0.0013590411111841874,0.0006172503157978708,0.22644694557857198,1.0,0.0,0.0,1.0,2.0,2,0
15.90479402346022,1,1,5,1,1,1,1,1,4,3.4186713735252208,0.00040187859243723397,0.001296629279174022,0.368476813142027,0.0,0.0,0.0,0.0,2.0,2,1
5.548767361194993,4,0,4,3,4,4,3,4,5,2.60909077739409,0.013274483204087834,0.002574903399881442,0.3702847031057859,0.0,0.0,0.0,1.0,3.0,3,0
17.42085328326347,4,0,6,1,1,1,1,1,6,2.2302185427439505,0.0031499472226880344,0.0017703401839835435,0.25312419774320266,0.0,0.0,0.0,1.0,3.0,2,0
172.60047604142952,4,0,0,4,1,1,4,1,4,3.310738164889853,0.0032698630043235624,0.00032848061938566664,0.4875141579726079,0.0,1.0,1.0,0.0,1.0,1,0
77.77189210826963,3,0,5,4,5,5,4,5,6,2.700248767003882,0.007949916798233389,0.0005020291889031705,0.12939453920040353,0.0,0.0,0.0,0.0,1.0,5,0
149.3756397586055,2,0,2,5,1,1,5,1,6,6.019788039132014,0.032985839609335425,0.0003858027167848261,0.49324487085950386,0.0,0.0,0.0,0.0,1.0,0,0
35.111553085002555,2,0,6,3,3,3,3,3,1,4.962090937709323,0.008905491752339092,0.0014248520191174345,0.40793812889394243,0.0,0.0,0.0,0.0,3.0,1,0
10.230685438783663,2,1,7,6,10,10,6,10,2,4.191743850228779,0.010393764130852232,0.001517839361300907,0.311887632651341,0.0,0.0,0.0,0.0,3.0,3,0
40.729256465076254,0,0,4,3,3,3,3,3,2,11.158167366507174,0.0005137073247276049,0.0036609299942525516,0.04703741096277858,0.0,0.0,0.0,0.0,3.0,1,0
32.26224339891178,4,0,4,2,1,1,2,1,3,6.532711167434492,0.008718325377533405,0.0001891354535612758,0.13708778306077116,0.0,0.0,0.0,0.0,3.0,4,1
88.70858993299142,2,0,7,1,2,2,1,2,5,2.4606617042208714,0.0012893727967436324,0.0009507859899209577,0.4222282712515284,1.0,0.0,0.0,1.0,3.0,0,0
9.645454223898072,4,0,2,7,0,0,7,0,7,7.229825401728667,0.0008137203126173678,0.0,0.366795270733428,0.0,0.0,1.0,1.0,99.0,4,1
35.145578103343084,2,0,6,8,2,2,8,2,1,4.956153217398004,0.01865836097197075,0.004188861354022805,0.4817193378020997,0.0,0.0,0.0,0.0,1.0,3,0
12.3159282673066,7,0,2,2,0,0,2,0,3,2.466270855320403,0.00026911582038654597,0.0,0.20442575952903375,1.0,0.0,0.0,1.0,99.0,1,0
22.6653167756167,5,0,5,5,5,5,5,5,3,1.9980441008945158,0.006136179406743134,0.0003920235365478241,0.4482824344575317,0.0,0.0,1.0,0.0,1.0,0,0
65.16319451111559,3,0,4,3,2,2,3,2,5,3.909901016992757,0.00900121114422041,0.00023915974965790446,0.43229476168896136,0.0,0.0,0.0,0.0,2.0,0,0
34.0834186981228,1,0,3,5,5,5,5,5,7,3.551140163131178,0.00553828345126629,0.00034174453874112674,0.4834058248355237,0.0,0.0,0.0,1.0,2.0,4,0
26.214165338971668,4,1,1,2,2,2,2,2,7,2.8438038783583637,0.003921206739031012,0.00015141958923618173,0.143500662842436,0.0,0.0,1.0,0.0,3.0,1,0
27.57476930713602,1,0,2,4,0,0,4,0,5,1.5277488829816017,0.0009440818519698557,0.0,0.252320838895935,0.0,0.0,0.0,0.0,99.0,0,1
32.682297241261544,2,0,3,1,4,4,1,4,6,2.5107443081217498,0.011427310948397083,0.0004093426613761199,0.04967206175378827,0.0,1.0,0.0,1.0,3.0,1,0
74.17373908525087,2,1,3,3,1,1,3,1,6,4.646226197790183,0.020130960011169593,0.0016150201692625569,0.2995492238698452,0.0,0.0,0.0,0.0,2.0,1,0
105.18838323456859,4,1,2,4,1,1,4,1,3,6.381538294288678,0.026400809760275097,0.0010454174555621085,0.36883794979235507,0.0,0.0,1.0,0.0,2.0,2,0
144.8851128360035,5,1,8,2,3,3,2,3,6,6.245607085832908,0.012694609370701122,0.0005591051506378575,0.1266257203629092,0.0,0.0,0.0,0.0,3.0,4,0
74.5704333705064,2,0,5,2,3,3,2,3,5,2.0579713637233024,7.315826199619357e-05,6.311234669979412e-05,0.09312961805697013,0.0,0.0,0.0,1.0,3.0,5,0
22.051878152182308,2,1,4,4,2,2,4,2,5,1.7677958269374,0.015775286251600296,0.0013613650747497969,0.32337003463742375,1.0,0.0,0.0,0.0,2.0,1,0
57.43327706064592,2,0,2,3,5,5,3,5,5,1.738196724310133,0.000988066337421856,0.0009036637512114407,0.20263259960617966,1.0,0.0,0.0,0.0,2.0,2,0
30.899637201420223,3,0,6,2,2,2,2,2,5,3.709291627165192,0.0005567850817610764,0.0008700602657150518,0.21901650329695538,1.0,0.0,0.0,1.0,3.0,2,0
18.226806811203996,4,0,4,2,6,6,2,6,4,11.150357592258132,0.009162087515619817,0.0008178608158159967,0.2408488779904932,0.0,0.0,0.0,0.0,1.0,0,0
87.71196767857603,1,1,4,4,0,0,4,0,11,2.0263831505593966,0.0005325228804444272,0.0,0.2606224386514668,0.0,0.0,1.0,0.0,99.0,1,1
6.763285253469022,4,0,3,6,2,2,6,2,4,6.008209058212049,0.0005635663384200635,0.0005400911651059643,0.10580772880781147,0.0,0.0,0.0,0.0,1.0,2,0
109.41629418681674,5,0,3,1,2,2,1,2,8,2.266178935812257,0.0016443548276077467,0.001517645552440784,0.29309157160808597,0.0,0.0,1.0,0.0,2.0,0,0
32.85166706776758,1,0,5,2,0,0,2,0,4,1.624489501915078,0.00030009597265960835,0.0,0.043857505874679674,0.0,0.0,0.0,1.0,99.0,0,1
50.62584341005508,2,0,4,3,7,7,3,7,5,1.3802747268824505,0.011462698013217728,0.00032972527265690243,0.06562022381039505,0.0,0.0,0.0,0.0,1.0,3,0
53.4610056072318,3,1,3,1,1,1,1,1,5,2.8781040241546716,0.003008460086916833,0.00032976959645811466,0.3586489195607151,0.0,0.0,0.0,1.0,3.0,4,1
106.47126041265592,1,0,2,4,3,3,4,3,6,3.1061929794988563,0.012689106246555702,0.0005088273985514113,0.3684028885682072,0.0,0.0,0.0,0.0,3.0,0,1
50.5599301401922,3,0,4,3,1,1,3,1,2,5.326451179009514,0.021327389877992688,0.0017210405862981574,0.14049720990880435,0.0,1.0,0.0,0.0,1.0,2,0
47.828563884989244,4,1,3,4,1,1,4,1,6,13.034470904753608,0.004987601573458941,0.0026101242833262337,0.10050114144254713,0.0,0.0,0.0,0.0,1.0,2,0
8.103974035185743,4,0,5,4,4,4,4,4,9,4.348444285214418,0.0021720469820121976,0.00010438472395567864,0.036456441123425956,0.0,0.0,0.0,0.0,3.0,2,0
37.87961188951481,3,0,4,3,1,1,3,1,8,7.643805056463733,0.008549541174299803,0.000989309269384688,0.21525420672454124,0.0,0.0,0.0,0.0,1.0,2,1
12.322299819047966,5,1,2,1,4,4,1,4,5,4.23600045788859,0.0035483111945363724,0.0011169513411523478,0.2594320480310817,0.0,0.0,0.0,0.0,3.0,2,0
65.17633636142352,1,1,1,3,7,7,3,7,9,3.3627009910576,0.0013048324233049132,0.0033374641385935837,0.4507350248783026,0.0,0.0,0.0,0.0,3.0,4,0
37.30526295464428,4,1,6,5,0,0,5,0,6,15.374794138580405,0.0005624309536639097,0.0,0.011205379432035381,0.0,0.0,0.0,0.0,99.0,3,1
56.30658560021787,2,0,3,2,1,1,2,1,3,1.5456981861361987,0.005089666311506095,0.0036030069154418805,0.2088720051347474,1.0,1.0,0.0,1.0,3.0,0,0
6.915475373735946,1,0,2,2,4,4,2,4,8,3.9146428551695656,0.015243019384119955,0.0033742882670353387,0.2154480538532109,0.0,1.0,0.0,0.0,3.0,1,0
8.987177060081533,4,0,2,4,8,8,4,8,3,4.419852185718807,0.0019675083772807403,0.002700705360798831,0.4444114247394985,0.0,0.0,0.0,0.0,2.0,1,0
61.696417099231695,3,0,4,6,0,0,6,0,3,2.986890588787983,0.0002458301566757585,0.0,0.10605948109506877,0.0,0.0,0.0,0.0,99.0,1,1
8.366649333558186,2,0,5,1,2,2,1,2,6,5.701643364870664,0.0027221652853346157,0.00010868383654427264,0.04243183605575634,0.0,1.0,0.0,0.0,2.0,6,0
8.326531709105543,2,0,5,3,8,8,3,8,6,2.63343398638212,0.0006534698361270829,0.0032748012054130225,0.19698896429135393,0.0,0.0,0.0,1.0,2.0,2,0
5.548207100440819,1,1,3,3,1,1,3,1,3,1.5574118104605201,0.008826863797301012,0.0002712006345142651,0.31003556421157025,0.0,1.0,0.0,0.0,2.0,1,0
146.0761918798905,2,0,3,4,8,8,4,8,3,2.5035151868925043,0.0042300992840243285,0.0005080425042276517,0.43049077751019066,0.0,0.0,0.0,0.0,1.0,3,0
65.18912193570475,4,0,2,3,3,3,3,3,7,6.764961562165243,0.003263226564369591,0.001541417131011397,0.14182105947660378,0.0,1.0,0.0,0.0,2.0,5,0
24.61089360801646,4,0,3,4,1,1,4,1,4,3.428561763020478,0.004356233093309329,0.0006567371047251807,0.13314261856323176,0.0,0.0,0.0,0.0,3.0,3,1
20.828209155354447,6,0,4,0,2,2,0,2,4,1.6765626642289924,0.02187949155169554,0.002105488262568857,0.16972856533827235,0.0,0.0,0.0,0.0,3.0,2,0
24.364690280009604,1,2,6,1,0,0,1,0,7,2.8389455341714585,0.00043519349570955105,0.0,0.06793426215427179,0.0,0.0,0.0,0.0,99.0,1,1
72.05522898792427,4,0,3,5,1,1,5,1,4,6.397585381106383,0.00725387685363536,0.0015193334369240782,0.488835474864504,0.0,0.0,0.0,1.0,1.0,1,0
53.72820579328265,0,0,5,3,3,3,3,3,8,1.9340271305726668,0.00031518381655194273,0.0014819138909198497,0.2749027059899282,0.0,0.0,0.0,0.0,1.0,2,0
14.216321979949983,2,0,5,2,2,2,2,2,4,1.8307978598273251,0.00832269795119765,0.0004896974681848862,0.14338937013456082,0.0,0.0,0.0,0.0,3.0,2,0
13.608179665475985,2,0,4,1,2,2,1,2,6,3.006209532759713,0.002481034131280996,0.0030439921213214287,0.18725119292476136,0.0,0.0,0.0,0.0,3.0,0,0
9.661077103745278,2,0,4,3,1,1,3,1,2,4.95238642658134,0.0026048209053629364,0.0007703760207906034,0.43431850169654584,0.0,0.0,0.0,0.0,3.0,0,1
53.58651845150808,1,1,2,3,5,5,3,5,6,4.95931776265346,0.0009215523167368571,9.683969332229706e-05,0.3401249907878544,0.0,1.0,1.0,0.0,1.0,1,0
70.04767096506721,3,0,4,2,0,0,2,0,6,2.301207352689559,0.000350438031546961,0.0,0.2810708503487762,0.0,0.0,0.0,0.0,99.0,3,1
18.857657729911562,5,0,3,3,5,5,3,5,4,2.7886771482815664,0.013886245087751764,0.0016238745196621004,0.36515561456305057,0.0,0.0,0.0,0.0,1.0,2,0
5.952533830322681,1,0,6,2,5,5,2,5,7,3.245821623138005,0.002553064524018736,0.00017116645189957028,0.3803533113355843,0.0,0.0,0.0,1.0,1.0,1,0
8.858520835562125,2,1,3,7,2,2,7,2,2,1.166181040786717,0.0017973753619525178,0.0009742661400450625,0.10516327943968233,1.0,0.0,0.0,0.0,1.0,2,0
159.69447512768045,5,1,1,1,1,1,1,1,6,4.1138358655370535,0.010568844359245584,0.001421906128029358,0.08775297193742025,1.0,0.0,0.0,0.0,2.0,1,0
20.758485438663143,2,0,3,1,7,7,1,7,6,3.344923074846474,0.010552621829509345,0.0006401311886652435,0.4836812291440053,0.0,0.0,0.0,0.0,2.0,1,0
70.98368194868091,2,0,3,5,5,5,5,5,8,5.862344910503413,0.001160324073481243,0.0005772009633860111,0.10100562616588617,0.0,1.0,0.0,0.0,1.0,3,0
49.09696274696171,4,1,5,5,1,1,5,1,3,3.089042657141523,0.0035094488110923626,0.0005570183040722747,0.23773333010953354,0.0,0.0,0.0,0.0,1.0,0,0
26.65261201231966,2,1,6,2,4,4,2,4,4,3.669075624533109,0.0007171775827638622,0.0024948784303889214,0.4915625487408671,0.0,0.0,0.0,0.0,1.0,1,0
15.362510853015658,2,1,8,1,0,0,1,0,4,4.797053756049576,0.0001348946550586334,0.0,0.2144341243766605,0.0,0.0,1.0,0.0,99.0,4,1
10.823454007569552,3,1,3,2,1,1,2,1,5,2.2552118739423332,0.01193378926123534,0.0003448712357973507,0.2622760209155603,0.0,0.0,0.0,0.0,1.0,1,1
47.95455328157662,4,0,2,5,3,3,5,3,2,2.0879639839874873,0.004397616991806827,0.001356089163566973,0.40119811324259125,0.0,1.0,0.0,0.0,2.0,3,0
72.0512851253413,4,0,6,3,0,0,3,0,0,4.598635065806042,0.00015982602765708486,0.0,0.1767927925632411,0.0,0.0,0.0,1.0,99.0,2,1
51.465003510366905,4,1,4,4,0,0,4,0,3,4.2206758885184215,0.00014484792804015216,0.0,0.22120658274109262,0.0,0.0,0.0,0.0,99.0,0,1
39.00495324589126,5,1,7,1,7,7,1,7,5,2.870692713785273,0.0002876630741954459,0.0020978557751930435,0.17276493256495565,0.0,0.0,0.0,1.0,2.0,3,0
6.928546428909907,2,0,3,4,3,3,4,3,5,3.9434952538402612,0.0006729436981026897,0.001074744839233743,0.1508244151351232,0.0,0.0,0.0,0.0,3.0,2,0
160.58351883890992,0,0,6,4,1,1,4,1,10,4.244716428544557,0.011728664378668843,0.003540439922748188,0.24119086855748567,0.0,0.0,0.0,0.0,2.0,2,1
77.1363251979962,3,2,7,5,2,2,5,2,7,3.440582240315515,0.006461168656236498,0.003408151412416085,0.3754838245646051,1.0,0.0,0.0,0.0,3.0,1,0
20.591281788694126,3,0,3,2,2,2,2,2,5,3.8828543917620983,0.02963586638964849,0.0010780413000095919,0.4349711718165176,0.0,0.0,0.0,0.0,3.0,0,0
180.97432577227482,2,1,2,3,0,0,3,0,3,5.00679825096032,0.0007896551743114368,0.0,0.24035651141164716,0.0,1.0,0.0,0.0,99.0,2,1
46.4452612011266,3,0,4,2,1,1,2,1,8,6.112935364119629,0.0018559795500197882,0.0016028985554017582,0.16729179176283726,0.0,0.0,0.0,0.0,3.0,3,0
44.297847592018265,5,0,5,1,3,3,1,3,1,3.53461125858307,0.008831331953019746,0.004458576549891082,0.4566803987338217,0.0,0.0,0.0,1.0,1.0,1,0
67.03774826922566,1,0,6,3,2,2,3,2,10,3.832077967756973,0.0015993533767353343,6.699125970559341e-05,0.17460364819098206,0.0,1.0,0.0,0.0,2.0,1,0
80.15402902297446,2,0,6,5,0,0,5,0,1,2.1669972642305435,0.0005269478826923315,0.0,0.3897523343529314,0.0,0.0,0.0,0.0,99.0,2,1
53.08276508366223,4,0,4,3,8,8,3,8,4,6.204551321321587,0.0015028097405260738,0.000714476599891954,0.37682353400720026,0.0,0.0,0.0,0.0,3.0,1,0
11.168404789117323,2,0,6,1,3,3,1,3,6,4.241667748113738,0.0089762871519211,0.0034857361117907773,0.03439012802877262,0.0,1.0,0.0,0.0,2.0,2,0
23.580225154197873,0,1,2,2,3,3,2,3,5,3.20423586143764,0.0012508059064314048,0.0021965116998297653,0.09704332226560547,0.0,0.0,1.0,0.0,2.0,7,0
123.45131778908929,5,2,4,6,1,1,6,1,7,2.7705798689018195,0.005309919318298857,0.0008644809826184037,0.2906949645369675,0.0,0.0,0.0,1.0,1.0,0,0
16.447837454192477,0,0,2,5,1,1,5,1,8,4.993690806400775,0.0013652357247272325,0.002529785519186476,0.43513739832277415,0.0,0.0,0.0,0.0,3.0,0,1
25.946649923570586,2,0,3,4,7,7,4,7,3,9.013549806172167,0.001221936867056974,0.00038247235684435747,0.3010566224794067,0.0,0.0,0.0,0.0,3.0,2,0
30.459615202342896,3,0,4,3,4,4,3,4,5,5.347266552110204,0.0018145157150993567,0.0005932717818135148,0.3739279381046113,0.0,0.0,0.0,0.0,1.0,0,0
31.044044341549984,2,0,4,1,1,1,1,1,8,2.242198996678991,0.012415588468275597,0.002889330239259721,0.36986182545933655,0.0,0.0,0.0,0.0,3.0,0,0
47.71285162485044,6,0,8,6,0,0,6,0,7,2.2414828409775165,0.0009937536566314456,0.0,0.25223951926547583,0.0,0.0,1.0,1.0,99.0,1,1
133.9715922701088,5,0,2,0,0,0,0,0,9,2.790644878551808,0.0007138777422899343,0.0,0.284793152507892,0.0,0.0,0.0,0.0,99.0,4,1
17.39069259233839,3,0,6,1,2,2,1,2,2,2.760088751959226,0.002639701913856488,0.0003942979540519419,0.04492796271435012,0.0,0.0,0.0,0.0,1.0,2,0
10.829342210222855,4,0,3,3,1,1,3,1,8,3.6991517040602586,0.0036100026074120345,0.0014521971564236185,0.4645888559088685,0.0,0.0,0.0,0.0,3.0,2,1
14.899399335223915,5,0,3,3,8,8,3,8,3,4.430203510124257,0.0059787953068222285,0.003097694678493867,0.34042964105175394,0.0,0.0,0.0,0.0,1.0,2,0
103.08663864952484,2,1,5,3,0,0,3,0,4,6.845984765997336,0.0009337280622486421,0.0,0.085703491247036,0.0,1.0,0.0,0.0,99.0,3,1
51.706583648430254,2,0,3,3,2,2,3,2,2,10.221395644688727,0.00038964967957815536,0.003625327421494197,0.12956273401054363,1.0,0.0,0.0,0.0,3.0,5,0
20.153380004555828,4,1,6,3,1,1,3,1,7,2.380595343563442,0.0004322849048083229,0.0021350518124260694,0.01227954089888031,0.0,0.0,0.0,0.0,1.0,0,0
81.16390344986242,4,1,6,4,7,7,4,7,2,14.342544345994455,0.01862125950387304,0.00044638284284464395,0.13936378952487213,0.0,0.0,0.0,0.0,1.0,1,0
93.9176032639863,7,2,4,3,6,6,3,6,4,4.361089320690196,0.014528946961719004,0.0010916381454953805,0.16514448092454967,0.0,0.0,0.0,0.0,1.0,1,0
89.33666575914839,6,1,2,4,2,2,4,2,4,1.4380013864277479,0.005654921653174338,0.002512709482159483,0.3447383421427587,0.0,0.0,0.0,0.0,1.0,3,0
118.05797944734044,4,0,5,1,1,1,1,1,4,3.5212805366527684,0.0008435171810390398,0.0025292323803349265,0.2435621417286348,0.0,0.0,0.0,0.0,1.0,3,1
18.080355758657696,3,0,5,3,2,2,3,2,6,3.9549537996138415,0.022548596822306047,0.0015159842603446015,0.422961494810968,0.0,0.0,1.0,0.0,2.0,1,0
68.30006993703749,5,0,2,3,1,1,3,1,8,1.7214784718153486,0.003830661099857755,0.00011870268421389575,0.052525684841538,0.0,0.0,1.0,0.0,1.0,1,0
32.77335685334514,2,1,3,2,1,1,2,1,1,2.3137174940132295,0.00468357347648057,0.0006378305593162342,0.35644067390439765,0.0,0.0,1.0,0.0,3.0,3,0
88.03179891830533,6,1,5,2,0,0,2,0,2,6.9918799842725745,0.0008529083997154576,0.0,0.43869813511448535,0.0,0.0,1.0,0.0,99.0,0,1
63.66914608706406,2,1,7,3,1,1,3,1,2,2.5305177502677996,0.006697999260318595,0.0010047237987003904,0.21645026930836958,0.0,1.0,0.0,1.0,3.0,1,0
72.41489392395168,6,0,7,2,9,9,2,9,1,10.952356232996953,0.002364249038750481,6.144469317441524e-05,0.15147942920993263,0.0,0.0,0.0,0.0,2.0,0,0
53.04128858078941,3,1,0,0,1,1,0,1,4,2.3161717792869636,0.002244430226351032,0.0006463437718777866,0.22832790550760976,0.0,0.0,0.0,0.0,1.0,0,0
13.789408893077564,2,0,2,0,0,0,0,0,8,11.96144592866089,0.0006355033928303889,0.0,0.396532801418694,0.0,0.0,0.0,0.0,99.0,3,1
40.43826608864921,5,0,3,2,1,1,2,1,2,3.5262067838797173,0.00521606802305033,6.446927952106296e-05,0.46033026200034566,0.0,0.0,0.0,0.0,2.0,3,0
193.00669677576255,3,1,8,4,4,4,4,4,2,2.7972895876373998,0.0024310374683747574,0.0014361846528156827,0.04213812396475112,0.0,0.0,1.0,0.0,3.0,1,0
129.68597246033448,2,0,7,5,1,1,5,1,5,7.31559981242431,0.012222219668965306,0.004582059102105061,0.2689741881593831,0.0,0.0,0.0,1.0,3.0,0,0
6.986005075291374,2,2,6,2,0,0,2,0,3,1.7335188822872611,0.0006056218042214583,0.0,0.32345798820894744,0.0,0.0,0.0,0.0,99.0,3,1
13.10458105178397,1,0,5,1,5,5,1,5,4,3.8847927652890917,0.009577463951938356,0.0004674777145193005,0.018563286302598465,1.0,0.0,0.0,0.0,3.0,4,0
11.356301306870836,4,1,2,1,9,9,1,9,6,2.675501041709862,0.00032807216628765004,0.00281247314140044,0.09881163849932385,0.0,1.0,0.0,0.0,3.0,1,0
63.25492343271741,2,0,2,3,4,4,3,4,7,4.6062295655802235,6.201204567582711e-05,0.0004336495662129299,0.04065517474201005,0.0,0.0,0.0,0.0,2.0,1,0
81.61564013131309,3,1,2,5,1,1,5,1,7,5.635684124417209,0.00011847250646313838,0.0020911539515072923,0.15228092266544319,0.0,1.0,0.0,0.0,1.0,2,0
15.80796537575238,2,1,1,2,1,1,2,1,2,5.865118979956489,0.0036179197573458985,4.781264468819055e-05,0.11064843210837415,1.0,0.0,0.0,0.0,3.0,2,0
36.721472622778805,3,1,3,4,0,0,4,0,7,5.25275102291498,0.0009388538077365605,0.0,0.24853214837292803,0.0,0.0,0.0,1.0,99.0,3,1
87.66432817150117,2,0,3,2,1,1,2,1,2,2.3264167688700352,0.0038497036824323588,0.00013951330829358529,0.3311173309201547,0.0,0.0,0.0,0.0,2.0,4,1
64.38936283912294,0,1,3,3,0,0,3,0,3,2.8214605096663354,0.0008992952647118916,0.0,0.42268659810402076,0.0,0.0,0.0,0.0,99.0,2,1
40.163186522920775,2,0,2,2,11,11,2,11,4,4.592746359291311,0.003316683530432335,0.00016672314793944276,0.15911143367344713,0.0,1.0,0.0,0.0,1.0,2,0
45.16009270565145,3,0,6,5,0,0,5,0,1,4.622374374854252,0.0005316885660683169,0.0,0.03469914851939118,0.0,0.0,0.0,0.0,99.0,2,1
36.95043425307827,1,0,4,4,6,6,4,6,3,10.479632685892916,0.0024359319598058512,1.8584750945505815e-05,0.011885602799706126,0.0,1.0,0.0,0.0,3.0,3,0
20.893048250072923,2,1,7,4,6,6,4,6,9,1.8481279596779125,0.007806922039589774,0.00019082659048672013,0.4238303205184773,0.0,1.0,0.0,0.0,2.0,3,0
42.460691336067,3,0,4,3,3,3,3,3,0,8.42695833179484,0.007873963683615074,0.00036206266803107817,0.44028640214197773,0.0,0.0,0.0,0.0,3.0,4,0
57.54171339935656,1,1,7,3,4,4,3,4,2,2.2389999384577255,0.006355011482869266,0.0021573679787692535,0.05948640351433452,1.0,0.0,0.0,0.0,2.0,1,0
97.97513337983536,4,1,1,2,2,2,2,2,6,3.2526500698124314,0.0036029757183316984,0.0008922852178445021,0.014986200508373598,1.0,0.0,0.0,0.0,2.0,3,0
50.51309696936845,1,0,5,1,19,19,1,19,3,6.231697874588832,0.00042912895957671244,0.002784793383218461,0.4021300908428398,0.0,1.0,0.0,0.0,2.0,1,0
69.43101708134867,5,1,5,5,1,1,5,1,5,2.4249362912280104,0.006348252250366633,0.0012197672972981152,0.32395674614342557,1.0,1.0,0.0,0.0,1.0,3,0
12.84974017201057,1,0,4,9,3,3,9,3,6,4.795740954136525,0.008070836326023989,0.000759902796110181,0.28251079780056476,0.0,0.0,0.0,0.0,3.0,1,0
32.85835333998692,1,1,4,6,0,0,6,0,2,5.138108039836252,0.00016966918337445262,0.0,0.2712694576601427,1.0,0.0,0.0,0.0,99.0,2,0
5.421894447400527,5,0,10,1,1,1,1,1,6,4.396499266519921,0.0008651341381905733,0.0016163828434066125,0.38914238420433095,0.0,0.0,0.0,0.0,2.0,3,1
17.746865031104008,0,0,1,3,0,0,3,0,7,6.858474329802604,0.0001866392924723353,0.0,0.15372405318080587,0.0,1.0,1.0,0.0,99.0,2,0
63.334115852507864,2,0,5,2,0,0,2,0,8,11.267216896708888,0.0005380775004322346,0.0,0.2006661785232159,0.0,1.0,0.0,0.0,99.0,0,0
221.21759483987626,2,0,3,2,3,3,2,3,5,6.494642021294131,0.012256760881266862,0.0017013636734735764,0.048147052232891285,0.0,0.0,0.0,0.0,2.0,1,0
9.700146936999175,4,0,4,7,3,3,7,3,5,1.6804087493214952,0.0012877016531261094,0.0030080712521421645,0.2874035476449039,0.0,1.0,1.0,0.0,2.0,3,0
28.09936655246387,2,0,5,4,3,3,4,3,8,3.297849933453388,0.003246553330572248,0.0002752502890961963,0.4807976454375008,0.0,1.0,0.0,0.0,1.0,3,0
77.44067685057867,4,0,0,1,1,1,1,1,8,3.4071755042598846,0.0018543236361368226,0.0002373775770925883,0.14908660472017946,0.0,0.0,0.0,0.0,2.0,1,0
15.26903875677037,5,0,4,5,2,2,5,2,8,5.789150010222378,0.009577248312860862,0.0010220621082422559,0.4653323708532611,0.0,0.0,1.0,0.0,2.0,2,0
41.444236055642705,2,0,5,3,5,5,3,5,5,1.2644700560656479,0.003865048776599246,0.00022970507075017598,0.36731162613394613,0.0,1.0,0.0,1.0,2.0,3,0
64.4348157155661,3,1,4,3,2,2,3,2,5,1.2861897643722324,0.009938271249640526,0.00022316617147907084,0.12460096621976113,0.0,1.0,0.0,0.0,3.0,1,0
48.06836767241446,4,0,3,4,2,2,4,2,5,8.417932190241306,0.005643916468848254,0.0005734301906418424,0.33479863458811854,0.0,0.0,0.0,0.0,1.0,3,0
14.372843028505253,5,1,5,6,2,2,6,2,5,2.6974797034686016,0.0026292387246995537,0.0012560932979714416,0.189454650759398,0.0,0.0,1.0,0.0,1.0,1,0
24.75956167353458,2,0,2,4,0,0,4,0,5,2.19487892117969,0.0009632348220694157,0.0,0.06992799021040044,0.0,0.0,0.0,0.0,99.0,2,1
73.91810187022944,4,0,2,5,3,3,5,3,7,3.155546608882368,0.011612497365201814,0.0007473718371796528,0.05543363681294344,1.0,0.0,0.0,0.0,1.0,1,0
41.35749508382794,4,0,4,1,1,1,1,1,6,2.2647486089660034,0.002825561511413839,0.0019904707085523807,0.018441479122723075,0.0,1.0,0.0,0.0,1.0,0,0
5.2359501125410235,2,0,6,3,6,6,3,6,2,3.5134548404082864,0.008038396342202393,0.00011493064335698098,0.40092615759348765,0.0,0.0,0.0,1.0,2.0,0,0
69.40638800724307,3,0,4,4,6,6,4,6,2,3.385012889023982,0.0016196727390539322,8.596680830245199e-05,0.4435763824142752,0.0,0.0,0.0,1.0,3.0,3,0
6.617744479019939,0,0,7,6,4,4,6,4,2,3.3344884101064625,0.00938050222120529,0.0008978870435122702,0.24644377475963106,0.0,0.0,1.0,0.0,1.0,1,0
66.62180576088699,7,1,7,1,2,2,1,2,4,1.3326624561247353,0.0005324723287844969,0.0025048526652226917,0.2647636207846205,0.0,0.0,1.0,0.0,1.0,0,0
15.181208089334248,0,1,1,2,4,4,2,4,4,5.711149409001148,0.003967805605818392,0.00013919760380671128,0.3488772577399055,1.0,0.0,1.0,0.0,3.0,1,0
147.73265238019036,0,0,2,3,2,2,3,2,5,6.098272084019176,0.00914348564092734,0.00033095847056840294,0.35344510256132045,0.0,0.0,0.0,0.0,1.0,2,0
25.64474635803215,1,1,4,2,4,4,2,4,11,3.2876843785406975,0.0025990803156671774,0.0011455607065453159,0.16882259915016617,0.0,1.0,0.0,1.0,1.0,3,0
22.815875493651035,1,0,3,2,6,6,2,6,5,4.012986299375749,0.005171242971593415,0.00034111394445522587,0.08799911126715848,0.0,0.0,0.0,0.0,2.0,2,0
12.254522375080352,0,0,3,3,7,7,3,7,6,3.685317888660754,0.02717275743256345,0.001492783626880821,0.22090443348123787,0.0,0.0,0.0,1.0,3.0,5,0
21.412093385698576,1,0,3,4,2,2,4,2,3,9.142251119212553,0.0016733006291820504,0.0001425129308282104,0.351536636797767,0.0,0.0,0.0,0.0,2.0,1,0
99.17310254794876,5,1,3,5,6,6,5,6,4,2.599933663758701,0.005505167486873366,0.0005099119558706475,0.404062016455015,0.0,0.0,1.0,0.0,2.0,3,0
257.39358038190755,0,1,5,2,0,0,2,0,7,3.44985325177119,0.0007748821551417076,0.0,0.05368954151022626,0.0,0.0,0.0,0.0,99.0,2,1
25.671009572095105,6,1,2,4,1,1,4,1,7,12.744338023155581,6.764295457033127e-05,0.003900569428616712,0.298274085161715,0.0,0.0,0.0,0.0,1.0,3,1
31.789132722966627,3,0,3,4,3,3,4,3,4,3.06134072613587,0.004848186378934948,0.00018616602598830402,0.03650765217994769,0.0,0.0,0.0,0.0,3.0,0,0
62.61752170602094,4,0,3,4,3,3,4,3,6,1.547282216172732,0.012025908403614555,0.0014789124986045376,0.4141420802508734,0.0,0.0,0.0,1.0,1.0,1,0
102.79740557583564,0,1,5,3,0,0,3,0,5,3.390521028641836,0.0007798592697651208,0.0,0.3367351201422424,0.0,0.0,0.0,0.0,99.0,0,1
45.457296290537755,7,0,5,2,0,0,2,0,4,8.34044272301601,0.0004561083590390902,0.0,0.35134662320080556,0.0,0.0,0.0,0.0,99.0,2,1
27.356026975516915,4,0,4,2,1,1,2,1,1,6.155419971513453,0.000545425965771395,0.0005313128870481333,0.3832420289825173,0.0,0.0,0.0,1.0,2.0,2,0
28.94388994176518,0,0,7,2,3,3,2,3,6,3.1747046292260204,0.005718079693996455,5.436688079713518e-05,0.25286475545345116,0.0,0.0,1.0,0.0,2.0,3,0
58.526252094012996,2,0,5,0,6,6,0,6,4,5.425238214109486,0.0008850203547496809,0.0018979574912033005,0.15645997407653114,0.0,0.0,0.0,0.0,3.0,2,0
5.145055400850558,8,0,3,1,4,4,1,4,4,9.323690124103532,0.0018841718067109728,0.000547604142542134,0.39497537882710565,0.0,0.0,0.0,0.0,3.0,6,0
48.492676350166334,3,0,5,0,2,2,0,2,6,2.348098087804124,0.005210726834368666,0.0002821183981431478,0.3909110555858817,1.0,0.0,0.0,1.0,1.0,5,0
24.76713252783873,2,0,10,7,15,15,7,15,3,2.8124713579117135,0.0014163348349698313,0.0020937678219622477,0.0761221897063873,0.0,0.0,0.0,0.0,2.0,2,0
76.13768696498582,3,0,2,1,4,4,1,4,2,2.334910088135958,0.0009970893178469179,0.0023311413802705704,0.4523535390459352,0.0,0.0,0.0,0.0,3.0,2,0
9.392112904543522,4,0,1,6,5,5,6,5,4,5.538578157270983,0.008987481997277488,0.000622883305278353,0.11839433110362606,0.0,0.0,0.0,0.0,1.0,4,0
44.925034522002655,1,0,3,2,4,4,2,4,8,6.966156701394281,0.019675860928297078,0.0021120559755188804,0.16016507646722755,0.0,0.0,1.0,1.0,3.0,2,0
34.510962285212514,5,0,5,3,0,0,3,0,7,5.960544897706727,0.0007759915771570216,0.0,0.11579901767352035,0.0,0.0,0.0,0.0,99.0,1,1
51.265939841359014,1,0,5,6,0,0,6,0,7,3.835556969293913,0.0006235601528323821,0.0,0.48314263329725354,0.0,0.0,0.0,0.0,99.0,0,1
8.017348032980683,5,0,3,3,3,3,3,3,3,7.420975912216276,0.006091946219307914,0.0005693110636147903,0.15673608111740353,0.0,0.0,1.0,1.0,3.0,1,0
44.03578851896649,2,0,5,1,2,2,1,2,0,3.4048564604391593,0.005283746628993736,0.000559268793562119,0.4859872681066576,0.0,0.0,0.0,0.0,3.0,2,0
42.096214427129624,1,1,4,1,0,0,1,0,5,6.017996909546632,0.0005971107440139017,0.0,0.3225899754618331,0.0,0.0,0.0,0.0,99.0,2,1
42.01168518953078,0,1,6,2,3,3,2,3,6,2.8088258483519506,0.011853829476088349,0.001100804537793808,0.09651667554133588,0.0,0.0,0.0,0.0,2.0,2,0
46.62716597183353,2,0,3,4,3,3,4,3,5,2.666876271632611,0.01242335393229586,0.00019625105771371514,0.28138293366098543,0.0,1.0,0.0,1.0,1.0,3,0
55.780567602068935,1,0,2,1,2,2,1,2,7,1.3545381579781404,0.0037943771722324785,0.003561452289590829,0.4423095128012726,0.0,0.0,0.0,0.0,2.0,1,0
78.56146895521968,2,1,5,1,2,2,1,2,6,4.266105857812226,0.005191649808699699,0.00018267886824281716,0.2852206453655299,0.0,0.0,0.0,0.0,3.0,1,0
19.15093337568122,0,0,4,4,3,3,4,3,6,4.111158360140774,0.0005706889063549506,0.002949994269205519,0.07497179495173743,0.0,0.0,1.0,0.0,2.0,1,0
83.4463259965054,3,0,2,5,6,6,5,6,9,1.9736452038043995,0.022891867787964686,0.002520115663773527,0.15059822940162287,0.0,1.0,0.0,0.0,1.0,4,0
36.034907731682424,6,0,8,1,5,5,1,5,7,1.5869475793015109,0.007304960036813642,0.00043830903080975504,0.12015561866091243,0.0,1.0,0.0,0.0,2.0,2,0
8.608513435851611,2,0,4,2,1,1,2,1,7,2.9272717687395184,0.008016837541730696,0.0012254575541193642,0.07166924652029712,0.0,0.0,0.0,0.0,3.0,0,1
7.715076173377592,0,0,2,4,1,1,4,1,2,3.534318822046096,0.014790110108641424,0.0006950905475859957,0.17037033469221974,0.0,0.0,0.0,0.0,3.0,2,0
23.30705787621147,2,2,12,8,0,0,8,0,6,3.823774236380322,0.0006391156540984953,0.0,0.33392075167664076,0.0,0.0,1.0,0.0,99.0,1,1
74.14871852286537,1,1,5,3,1,1,3,1,7,3.4493461885205754,0.009009963997783992,0.0008992342598565847,0.19742982024655312,0.0,0.0,0.0,0.0,3.0,2,0
60.34592228093529,6,0,6,3,1,1,3,1,4,5.08488356193759,0.007540565520931526,0.003768640359728506,0.22746285007237688,0.0,0.0,0.0,1.0,1.0,0,1
74.93332984131189,4,0,3,8,5,5,8,5,10,2.9407284590580347,0.005290927883353493,0.00390801327286928,0.16712323570572846,0.0,1.0,0.0,1.0,2.0,2,0
37.773312494683466,1,0,4,6,7,7,6,7,7,4.657868218208387,0.006085881142160112,0.0005534283655702571,0.497291189259521,0.0,0.0,0.0,0.0,1.0,1,0
31.107826035405644,2,0,3,1,2,2,1,2,4,2.349940139504774,0.009014602933208255,0.00010686834623101416,0.29723687870324167,0.0,0.0,0.0,0.0,2.0,3,0
12.178687290209727,5,0,6,5,3,3,5,3,9,3.788472681971559,0.0037702093113895353,0.0008187168721332067,0.41860238273931333,0.0,0.0,0.0,0.0,3.0,0,0
22.900271689956437,2,0,6,3,0,0,3,0,9,3.95097600305209,0.0008151397369500561,0.0,0.2262512139299708,0.0,1.0,0.0,1.0,99.0,1,1
30.613793774865492,3,0,2,2,0,0,2,0,3,3.152771148795715,0.00045182040819729066,0.0,0.0926322915353594,0.0,0.0,0.0,0.0,99.0,1,1
9.174824222115278,2,0,0,6,7,7,6,7,4,3.8555333556950835,0.0019054442524038047,0.0001499475405881322,0.4249357482248494,1.0,1.0,0.0,0.0,3.0,1,0
16.216079989127586,1,0,6,1,0,0,1,0,7,1.5385838000567964,0.0007915588317363371,0.0,0.384082914860465,0.0,0.0,0.0,0.0,99.0,4,1
46.033870120644245,5,2,4,6,1,1,6,1,5,3.175230042570164,0.00450737155525091,7.248182646919896e-07,0.1716063988537007,0.0,0.0,0.0,1.0,3.0,2,0
64.87389081093653,3,0,4,0,0,0,0,0,7,1.1805006536197995,0.00014115362394664057,0.0,0.30714462448700103,1.0,0.0,0.0,0.0,99.0,2,0
293.24627962853646,3,2,6,3,0,0,3,0,7,1.9727853693192037,0.0008739100548217879,0.0,0.05579936585585078,0.0,0.0,0.0,0.0,99.0,3,1
126.7140021981942,2,0,1,2,4,4,2,4,2,3.331705237280912,0.00256817887576125,0.002942159139537392,0.022897982018681713,0.0,0.0,0.0,1.0,1.0,1,0
51.29610394112926,5,0,4,4,0,0,4,0,3,3.6789270216246086,0.00036022013009150296,0.0,0.40972201226773947,0.0,0.0,0.0,0.0,99.0,2,1
29.6096589476869,2,0,2,5,6,6,5,6,2,2.839103732920068,0.00014172662116698127,0.00032284991392026065,0.4715446907136394,0.0,0.0,0.0,0.0,3.0,2,0
50.49899581009345,2,0,3,2,2,2,2,2,4,2.3417685398569796,0.0020500730796049983,0.0007300289393456764,0.17858924477739702,0.0,0.0,0.0,1.0,1.0,2,0
74.30686856343917,2,0,0,1,0,0,1,0,1,6.1869858607697195,0.00039958282082661403,0.0,0.30281084202153125,0.0,0.0,0.0,0.0,99.0,2,1
10.66750090187153,0,1,6,5,1,1,5,1,3,2.8913802226304006,0.0033090585679430595,5.47661930311468e-05,0.36147275453613115,0.0,1.0,0.0,0.0,1.0,1,0
28.736219802637798,3,2,3,2,1,1,2,1,4,9.448808746034276,0.0010555836944259871,0.0039539252480134965,0.37556084534252,0.0,0.0,0.0,1.0,2.0,1,1
87.41059303271138,5,0,3,9,2,2,9,2,3,5.090247576787113,0.004547059554017934,0.005968496853958078,0.24572490459282528,1.0,0.0,0.0,0.0,3.0,2,0
26.790672662821095,2,0,5,6,0,0,6,0,8,6.163933259057075,0.0007181747346096518,0.0,0.31050829324714335,0.0,0.0,0.0,0.0,99.0,1,1
43.17501632945203,2,0,2,4,5,5,4,5,2,2.1895245220115336,0.002964928718734426,9.48735416520214e-05,0.331955836939111,0.0,0.0,0.0,0.0,3.0,2,0
44.87775271392825,4,0,1,1,1,1,1,1,6,3.9567536044859004,0.003513124367465842,0.0004416033296152778,0.060595096807535796,0.0,0.0,0.0,0.0,2.0,2,1
14.176613207765792,5,0,8,1,4,4,1,4,7,1.9114111116466375,0.006712163360665018,0.002725952583553907,0.326104199925907,1.0,0.0,0.0,0.0,2.0,1,0
25.24037425470187,4,0,2,2,0,0,2,0,5,2.973126808308967,0.0005217308841151849,0.0,0.26032026121402435,0.0,0.0,0.0,0.0,99.0,2,1
23.32551218398857,2,0,4,3,1,1,3,1,3,2.1378806937092674,0.004679441420190442,0.001034889720256207,0.19546476933365775,0.0,0.0,0.0,0.0,3.0,2,1
6.194567984660132,2,0,4,1,0,0,1,0,9,4.65710112952204,0.0007990597719584063,0.0,0.138250737655598,0.0,0.0,0.0,0.0,99.0,4,1
6.102013607173864,2,0,3,4,0,0,4,0,8,3.0378840376561076,0.0005849440833065216,0.0,0.3225805338589463,0.0,1.0,0.0,0.0,99.0,2,1
85.18953254626128,2,0,2,5,2,2,5,2,6,2.5034710154633526,0.0022144682327492732,0.0002759412722758588,0.09171187233563845,0.0,0.0,0.0,0.0,3.0,2,0
19.35167928935158,2,0,3,4,10,10,4,10,3,3.9351668273155274,0.009018140945010841,0.0031159021190774014,0.407309271031254,0.0,0.0,0.0,0.0,3.0,1,0
37.848856717333426,3,2,3,0,3,3,0,3,0,2.736321503134543,0.001329214270609431,0.001355607377168619,0.09418071220522065,0.0,0.0,0.0,0.0,1.0,4,0
20.968519553595186,5,0,4,3,2,2,3,2,10,10.320614050569299,0.0023088845188079894,0.0009673991299174504,0.3880924753479861,0.0,1.0,0.0,1.0,3.0,3,0
132.11582162713353,3,1,5,3,5,5,3,5,4,2.4599031864826184,0.0038731709628158136,0.00041610255172293926,0.41053441024840853,0.0,0.0,0.0,0.0,1.0,2,0
18.506984819026744,3,1,5,6,0,0,6,0,2,1.6432544158168392,0.0006247142933425751,0.0,0.47043052074223346,0.0,0.0,0.0,0.0,99.0,5,1
30.26826573883657,5,2,3,7,0,0,7,0,4,3.6983165276323815,0.00013618220025617467,0.0,0.23701263290891345,0.0,0.0,0.0,0.0,99.0,4,1
97.76508949020167,4,1,3,3,3,3,3,3,8,3.037046057344159,0.005402070615956156,0.00026182838806803585,0.041206654461562194,0.0,0.0,0.0,1.0,1.0,1,0
88.01329419419578,1,0,3,5,2,2,5,2,1,3.1936248898866335,0.001814638068323088,0.0007029899105541836,0.34206419061364535,0.0,0.0,0.0,1.0,1.0,3,0
14.26637807107529,2,1,5,2,1,1,2,1,3,2.1702989483847936,0.010803923287515888,0.0005600838881126417,0.14848501972164344,0.0,0.0,0.0,0.0,1.0,1,1
78.02341597619572,1,0,7,2,1,1,2,1,5,3.0040735651240116,4.639803159374997e-05,0.00010590634160162145,0.05543601541950496,0.0,1.0,0.0,0.0,1.0,2,0
32.57753659171047,5,0,1,1,5,5,1,5,3,3.2206482510712844,0.0006558719058485361,0.00042518404179447126,0.42932531168736743,0.0,1.0,0.0,0.0,1.0,3,0
34.68434888992067,0,2,5,7,0,0,7,0,3,6.495162347646491,0.00023984685893967296,0.0,0.07847131303013603,0.0,0.0,0.0,0.0,99.0,4,1
11.44715256040562,5,1,3,5,2,2,5,2,4,6.305289580634021,0.011899809837557689,0.0011076191069368543,0.2581219067839011,0.0,0.0,0.0,0.0,1.0,1,0
8.781603893299552,4,2,2,0,7,7,0,7,2,2.0240405143056215,0.005406859916312391,0.0007276616587712268,0.3963706690869447,0.0,0.0,0.0,0.0,3.0,3,0
63.57785456531476,3,1,3,4,2,2,4,2,3,8.55859813440146,0.004014324520373361,0.000196955297087547,0.10755601840864178,0.0,0.0,0.0,0.0,1.0,1,0
35.874248656858256,3,1,1,6,4,4,6,4,7,5.447986998996946,0.003422642825832423,0.0009624616307908181,0.44935136622377947,1.0,0.0,0.0,0.0,2.0,4,0
30.83947268635091,3,1,5,1,7,7,1,7,5,6.7200307967318125,0.005252546860650007,0.00015674068992331072,0.17247776746536564,0.0,0.0,0.0,0.0,2.0,2,0
63.83811205917671,1,1,3,4,6,6,4,6,5,6.064212390710496,0.020498192735932376,1.102300824782064e-05,0.20424455817640016,0.0,0.0,0.0,0.0,1.0,2,0
70.26596145353234,1,0,3,2,0,0,2,0,5,2.1815106960939543,0.00040597202582785504,0.0,0.07443179913168364,0.0,0.0,0.0,0.0,99.0,2,1
12.787449384217975,2,1,7,1,4,4,1,4,8,3.914769274486936,0.0042163373212588595,0.00027089945712454607,0.3257853174812967,0.0,1.0,1.0,0.0,2.0,2,0
47.39837058125811,3,1,6,2,2,2,2,2,8,5.260219258783701,0.00338763508955006,0.001159396682094642,0.2527049275120047,0.0,0.0,0.0,0.0,2.0,2,0
11.544583978754364,3,1,1,0,3,3,0,3,4,6.528385059563429,0.004083673775399927,0.0036271114891052933,0.4873386053888051,0.0,0.0,0.0,0.0,2.0,1,0
67.63144495223074,3,0,2,2,0,0,2,0,11,2.6846467975148403,0.0006326523770362642,0.0,0.35218160980357116,0.0,0.0,0.0,0.0,99.0,1,1
53.14523452771748,4,0,6,4,2,2,4,2,3,1.3600317416986403,0.0023806120665565205,5.676998549381447e-05,0.38190601996293916,0.0,0.0,0.0,1.0,1.0,3,0
146.1934753682146,5,0,3,4,0,0,4,0,7,2.7379776717134345,0.000314648964027735,0.0,0.10755143413927928,0.0,0.0,0.0,0.0,99.0,0,1
8.215290837883952,2,1,3,4,0,0,4,0,7,7.208464551496567,0.0005687969005834989,0.0,0.35925801040900335,0.0,0.0,0.0,0.0,99.0,2,1
7.643616207117686,2,0,6,3,3,3,3,3,5,2.4271577502320416,0.0016227260976054304,2.494575346024923e-05,0.2831233057609313,0.0,0.0,0.0,0.0,3.0,2,0
19.91958321176888,3,0,4,4,0,0,4,0,3,3.3096811491751446,0.00016970872996273291,0.0,0.20787807615444073,0.0,1.0,0.0,0.0,99.0,1,1
18.653572911037244,2,0,9,2,1,1,2,1,9,2.123865508248481,0.0014515689130065723,0.0012322685170650517,0.39350312127419274,0.0,0.0,0.0,0.0,2.0,2,0
17.764785333307728,4,1,7,2,1,1,2,1,6,4.8093217312226,0.007034815471854018,0.001164523765457774,0.4894882139497132,0.0,0.0,0.0,0.0,3.0,1,1
111.52276133973392,5,1,6,1,2,2,1,2,5,2.0697675744674235,0.004832885067756219,0.002289174925077125,0.05644297866556386,1.0,0.0,0.0,0.0,2.0,0,0
17.9184734853623,4,1,2,2,0,0,2,0,5,6.29224097609646,0.0005789064000216827,0.0,0.39655584244212516,0.0,0.0,0.0,0.0,99.0,2,1
19.282332904438764,4,0,5,3,0,0,3,0,8,1.6576188365638151,0.0009907246814224071,0.0,0.46054496504243525,0.0,0.0,1.0,0.0,99.0,2,1
69.10755141187225,5,0,4,4,0,0,4,0,3,3.398379179552797,0.0007776840090053533,0.0,0.16444109468296292,0.0,1.0,0.0,0.0,99.0,1,1
31.881384448927566,2,0,1,2,3,3,2,3,6,2.1279492711823362,0.004035397252601203,0.0016932743042890773,0.18788084363733404,0.0,0.0,0.0,0.0,3.0,2,0
72.46788792163069,5,0,3,2,5,5,2,5,5,6.4701664682340905,0.0031945904592155824,0.0015353978580952183,0.3994383547418413,0.0,0.0,0.0,0.0,3.0,1,0
8.042019744286632,1,1,8,2,1,1,2,1,5,3.098397478470327,0.0015871129504521075,0.0008961978220413914,0.4772847629492508,0.0,1.0,0.0,0.0,2.0,2,0
35.08670714466815,2,0,5,1,2,2,1,2,6,3.4019011334991376,0.011584235906557522,0.0006748575995131734,0.4700711357097691,0.0,0.0,0.0,0.0,3.0,2,0
6.538618622207743,3,0,4,2,4,4,2,4,7,3.9239585354998883,0.005279687438835479,0.0012861318172770091,0.037256960548461324,0.0,0.0,0.0,0.0,1.0,1,0
7.911587817978436,3,0,3,3,1,1,3,1,5,6.289412660541845,0.00894773135664438,0.00019453922011531365,0.4369998256736175,0.0,0.0,1.0,0.0,1.0,1,0
111.61063031654678,3,0,3,2,0,0,2,0,4,2.6594358808422127,0.0008788300121657039,0.0,0.2973622172033949,0.0,0.0,1.0,0.0,99.0,4,1
11.747560957090027,2,1,2,2,3,3,2,3,4,5.691672475357305,0.007625197461643033,0.001924875193701771,0.21635202178196586,0.0,0.0,0.0,0.0,3.0,1,0
39.208382647799446,5,0,9,0,9,9,0,9,5,3.9092229794759366,0.0010151715908939503,1.2773516332476574e-05,0.42431171680607177,0.0,0.0,0.0,0.0,3.0,1,0
28.82711398633526,3,1,5,1,1,1,1,1,0,5.815824251884591,0.003232907431515579,0.00019304417807110917,0.4022124921881582,0.0,0.0,0.0,0.0,1.0,0,0
24.201682501754146,2,0,2,2,2,2,2,2,7,4.695578349899284,0.0021744229324756927,0.0023703662700476935,0.2595808250882305,0.0,0.0,0.0,0.0,2.0,1,0
108.54139716539721,3,0,1,4,0,0,4,0,5,4.991236726392188,0.0005726940120947243,0.0,0.21125302556795664,1.0,0.0,0.0,0.0,99.0,2,0
5.992927220975069,6,0,10,0,7,7,0,7,3,4.137859894748408,8.011954495173192e-06,0.0013754997699229102,0.24151189266678458,1.0,0.0,0.0,0.0,2.0,1,0
54.05082713747103,8,0,7,2,1,1,2,1,0,2.0863155458934584,0.0026934602897522386,4.9579396038576175e-05,0.16599485455620264,0.0,0.0,0.0,0.0,1.0,2,0
153.83997407607652,3,1,3,2,3,3,2,3,12,2.4613669374118863,0.003357662542022355,0.0012677747477070273,0.34345507184727525,0.0,0.0,0.0,0.0,2.0,1,0
41.96132871263834,0,0,1,4,0,0,4,0,6,2.9106636956995864,0.0004046891664823151,0.0,0.44709644444311347,0.0,0.0,0.0,0.0,99.0,2,1
129.28129038136035,5,0,6,1,13,13,1,13,1,6.733969739464643,0.0040962494054707504,0.0005179120752973258,0.13274501891887155,0.0,0.0,1.0,0.0,3.0,3,0
7.415277723312082,3,0,0,1,4,4,1,4,5,1.9243826666675503,0.005267536712943395,0.0025501322721362784,0.41449883049336933,0.0,0.0,1.0,0.0,2.0,5,0
29.419198353378324,4,0,5,3,2,2,3,2,3,4.032486209194057,0.001005166807176368,0.0002814799099260653,0.18676471489081858,1.0,0.0,1.0,0.0,2.0,1,0
18.559325594780994,3,1,2,1,2,2,1,2,4,5.932581524118085,0.00020229922290179443,0.0006018099583044465,0.07459614957616462,0.0,0.0,0.0,0.0,2.0,1,0
64.05703533829131,2,0,3,4,0,0,4,0,5,2.0600259071586073,0.00019212679502172378,0.0,0.029842571153169857,0.0,0.0,0.0,0.0,99.0,2,1
184.0584280478757,3,0,9,6,3,3,6,3,4,3.5174923108917087,0.008629428147470267,0.000940695669307501,0.24488715263344252,1.0,0.0,0.0,0.0,2.0,2,0
18.33921264126431,1,1,3,2,4,4,2,4,4,4.326359847865288,0.008580307113166126,0.0018531924346589066,0.2884736328278611,0.0,0.0,0.0,0.0,1.0,1,0
52.78195669235142,3,0,5,4,5,5,4,5,7,5.086800024578173,0.0011630737842382043,0.000717147552037006,0.012956469580215943,0.0,0.0,0.0,0.0,2.0,2,0
14.934578681042584,0,0,5,2,0,0,2,0,6,3.1373614318080367,0.0008108879280175819,0.0,0.3297870818499555,0.0,0.0,0.0,1.0,99.0,4,1
42.49259339665812,1,0,3,3,4,4,3,4,7,4.370744136041426,0.00412832312375455,0.001348226644098889,0.2640794299625508,0.0,0.0,0.0,1.0,2.0,1,0
33.057282567754484,3,0,5,8,0,0,8,0,5,1.3620636370596024,0.0009901774286634705,0.0,0.4987338651236326,0.0,0.0,0.0,0.0,99.0,5,1
165.9083508908652,1,1,4,1,8,8,1,8,4,4.947324294522961,0.002542124985482314,0.003708801728336229,0.06121264337386944,0.0,0.0,1.0,0.0,3.0,0,0
47.202774261698,0,0,4,2,0,0,2,0,5,4.6829861589533675,0.0008389858031756784,0.0,0.35545935383252747,0.0,0.0,0.0,1.0,99.0,2,1
24.351069953880977,0,2,2,2,0,0,2,0,3,2.0158190912746528,0.0001871355465530718,0.0,0.11634571660839835,0.0,1.0,1.0,0.0,99.0,3,0
10.451589960902908,4,0,3,2,3,3,2,3,7,3.1278221560496076,0.005376341939698421,0.001386052957995122,0.11110762511111705,0.0,0.0,0.0,0.0,2.0,1,0
12.379408867464633,3,2,6,2,1,1,2,1,6,2.2226489980485407,0.00044530269639687014,0.00010326358490056619,0.019172298076293816,0.0,1.0,0.0,0.0,3.0,1,0
16.488557381339703,4,0,4,3,1,1,3,1,3,1.1192745181116035,0.010648728775293673,0.0041579422237845625,0.01320639159533073,0.0,1.0,0.0,0.0,1.0,1,0
18.00373035026164,7,0,0,2,0,0,2,0,5,1.5365490804831896,0.0004547542108989023,0.0,0.10144512480185934,0.0,0.0,0.0,0.0,99.0,3,1
90.55559724183998,3,0,4,7,1,1,7,1,7,1.6239665250005313,0.002554077874555527,0.003781591339268068,0.09599619362649613,0.0,0.0,0.0,0.0,3.0,1,1
42.06935683025576,1,0,1,4,3,3,4,3,5,3.3319495333223133,0.006621654495473084,0.0017768823915366315,0.01021432143385321,0.0,1.0,0.0,0.0,2.0,1,0
38.34763901534495,3,1,5,2,3,3,2,3,7,2.248231570283173,0.008334219768305014,0.0005101139796202497,0.3614030313157989,1.0,1.0,0.0,0.0,3.0,0,0
10.485792785358406,3,1,5,1,3,3,1,3,5,2.226398796485823,0.0119000235218613,0.001681949287079209,0.2568000285907005,0.0,1.0,1.0,0.0,2.0,0,0
93.52000238697893,2,0,6,2,1,1,2,1,4,4.707826746549281,0.005867223821938643,0.0012219689697968066,0.20411128445954438,0.0,1.0,0.0,1.0,1.0,3,0
62.73804253432373,7,0,4,1,0,0,1,0,2,2.9042376197403894,0.0007983021901285725,0.0,0.06085920593978102,0.0,0.0,0.0,0.0,99.0,1,1
8.153001172378234,2,0,2,3,0,0,3,0,4,11.127600780675069,0.0005751922483893105,0.0,0.17361012382178168,0.0,0.0,1.0,0.0,99.0,1,1
60.36966052711044,4,2,2,4,1,1,4,1,6,5.220798474906855,0.005907499089473529,0.0030691226221639905,0.24058882763688114,0.0,0.0,0.0,0.0,1.0,0,1
40.29126352778228,3,1,4,2,13,13,2,13,5,1.8665515636991814,0.011035229534240586,0.000975832827967201,0.49904344685040736,0.0,0.0,0.0,0.0,3.0,3,0
8.836643546135072,2,0,1,3,2,2,3,2,6,3.2437753934820237,0.01087672716356158,0.0008706008296836981,0.26019377229519136,0.0,1.0,0.0,0.0,1.0,1,0
32.58698542730161,0,1,1,1,1,1,1,1,5,2.0834222221677505,0.014550121905444625,9.034531705478766e-05,0.019559107935275037,0.0,0.0,0.0,1.0,3.0,3,0
34.834946828672074,7,1,7,1,1,1,1,1,4,3.7571685240360813,0.00901133198535797,8.877954742940932e-05,0.1117933680271958,1.0,0.0,1.0,0.0,2.0,1,0
13.15632099298174,5,0,6,0,3,3,0,3,2,7.079524471722849,0.00397250140871976,0.0001494169586630594,0.18371561912536094,0.0,1.0,0.0,0.0,3.0,1,0
136.09386173297733,5,1,3,4,3,3,4,3,4,6.057650226999135,0.0018528378484585482,1.7709152303553988e-05,0.2334039755743415,0.0,0.0,0.0,1.0,3.0,2,0
90.36301137056083,1,0,5,2,1,1,2,1,5,2.3798826535173623,0.014340901299341235,0.002305586280800308,0.34039711442391957,0.0,0.0,0.0,0.0,3.0,2,1
54.75669756170981,4,0,2,4,8,8,4,8,7,1.5563764470639603,0.005931674121521865,0.0009805868814555445,0.2993905437920436,0.0,0.0,0.0,0.0,2.0,2,0
32.920080785099856,4,0,5,7,5,5,7,5,5,4.078777834937095,0.0011721662518344939,0.0001518340755674278,0.25953985011506203,0.0,0.0,0.0,0.0,1.0,1,0
28.87833522905798,2,0,8,5,1,1,5,1,4,4.323693482047274,0.0034493365435360485,0.0014685657750601842,0.42056824670328086,0.0,0.0,0.0,0.0,1.0,2,0
52.367330044132636,1,0,5,1,2,2,1,2,6,8.4108423043666,0.003089322264245544,0.0028997350728839195,0.10616202890819122,0.0,0.0,0.0,0.0,2.0,2,0
40.47833634367066,4,0,2,2,2,2,2,2,6,3.807920563984926,0.005925801565740574,0.004875513698953599,0.048160939339058774,0.0,0.0,0.0,0.0,1.0,1,0
7.8933438512206955,5,1,5,4,2,2,4,2,3,8.147620206526113,0.007392164375768036,0.0010186948810935199,0.42072022103371104,0.0,0.0,0.0,1.0,2.0,0,0
37.331168987031596,5,0,5,4,5,5,4,5,4,3.195748462011448,0.0054534471887260835,0.000288337463919245,0.23646047395148467,0.0,0.0,0.0,0.0,1.0,0,0
78.88909047656595,2,0,7,2,0,0,2,0,6,9.718636181464799,0.000197601333305381,0.0,0.281143581190503,0.0,1.0,0.0,0.0,99.0,1,1
32.66507728095036,6,1,5,2,2,2,2,2,3,10.333240907421565,0.0028113484026067006,0.0018674807322646755,0.4203184320401634,0.0,0.0,0.0,0.0,3.0,3,0
7.40097380788022,3,0,2,2,2,2,2,2,6,4.2081274397598385,0.00870943510671163,0.0005692013858637845,0.47344896974902745,1.0,1.0,0.0,0.0,3.0,5,0
74.43860480650567,4,0,4,3,2,2,3,2,4,5.941584301732933,0.0001610846776326257,0.0015395626147878697,0.2804803503542505,0.0,0.0,0.0,0.0,2.0,6,0
15.11823801586433,4,2,6,3,6,6,3,6,5,4.075056602223527,0.010980485216560537,0.0004436675355788385,0.4080057024203489,0.0,0.0,0.0,1.0,2.0,1,0
18.46593908367666,2,1,2,1,1,1,1,1,6,4.889765429471075,0.0066420700563128675,0.0005593958198056063,0.27694375434921326,0.0,0.0,0.0,0.0,1.0,2,0
13.098737453783073,10,0,2,3,0,0,3,0,1,4.264809921605872,0.00024122931320486138,0.0,0.026328671353960588,0.0,0.0,0.0,0.0,99.0,1,1
23.03593747122714,4,0,1,4,3,3,4,3,5,1.8502924790554183,0.0029540718567079073,0.0006732201623159907,0.4783706927558295,0.0,1.0,0.0,1.0,1.0,5,0
68.61522865174322,3,2,4,1,0,0,1,0,6,2.012152143939898,0.0007909030279233899,0.0,0.41070588200918123,0.0,0.0,0.0,0.0,99.0,2,1
37.97107400858193,0,0,4,1,0,0,1,0,7,2.534696559496574,0.000715488726265248,0.0,0.3791768720531522,0.0,0.0,0.0,1.0,99.0,4,1
15.31687256541898,2,0,5,3,2,2,3,2,3,4.627962961803438,0.011156755086728287,0.00033627269727757323,0.22649461211467967,1.0,0.0,0.0,0.0,1.0,1,0
99.60540805694694,2,0,0,4,0,0,4,0,5,5.578341449900558,0.00019315046201016686,0.0,0.47184710401782687,0.0,0.0,0.0,1.0,99.0,1,1
100.25532729859255,1,0,6,3,2,2,3,2,2,4.793069208475489,0.01357485494869902,0.00215933352895529,0.25002473509697976,0.0,0.0,0.0,0.0,3.0,1,0
97.01060810460964,4,1,5,3,1,1,3,1,2,7.4297827719972656,0.0029127997708972083,0.0032683622385028346,0.36318546924622785,0.0,0.0,0.0,0.0,2.0,3,0
17.278437488311436,4,1,4,3,0,0,3,0,7,4.880226028083754,0.0009006946838158298,0.0,0.05929033093319169,0.0,0.0,0.0,1.0,99.0,1,1
32.004180339453185,2,2,6,3,3,3,3,3,0,1.4303462151754016,0.0011597235141830482,0.0013144897517986221,0.11724187728941846,0.0,0.0,0.0,0.0,2.0,0,0
193.95570762184778,3,1,4,2,1,1,2,1,3,11.695015559004615,2.5573031104125264e-05,0.0005515382515815895,0.21786069727459148,0.0,0.0,0.0,0.0,1.0,5,1
71.53089674822503,6,0,0,4,10,10,4,10,9,2.4588077860138142,0.021130767816340653,0.0018289328631907785,0.29483601506025753,0.0,0.0,0.0,0.0,1.0,1,0
6.239447538659668,2,0,2,1,2,2,1,2,7,3.701103380523149,0.013802838711821233,7.964796908110394e-05,0.4047217731596508,0.0,0.0,1.0,1.0,3.0,2,0
8.034241451859973,2,2,5,2,4,4,2,4,4,7.258437390172331,0.0042594113075932845,0.0006099219481074226,0.128027225866095,0.0,0.0,0.0,0.0,3.0,0,0
33.05718939969783,4,0,4,5,0,0,5,0,6,3.7317282790583164,0.0007920198894303864,0.0,0.3894343357453291,0.0,1.0,0.0,1.0,99.0,8,1
112.96933473441564,5,0,3,2,1,1,2,1,5,5.725471883068861,0.0001892619623723436,0.0006975778499256248,0.4460961666206374,0.0,0.0,0.0,1.0,2.0,4,1
39.81697637017642,2,1,7,4,0,0,4,0,5,8.474693934086979,0.0002689497285959768,0.0,0.4110406369447264,0.0,0.0,0.0,0.0,99.0,2,1
35.99517825720014,2,0,2,4,6,6,4,6,6,6.901490643459907,0.027188994482679193,0.0003103291496352366,0.3149825274880271,0.0,1.0,0.0,0.0,1.0,1,0
10.015743853247198,4,0,5,3,1,1,3,1,5,4.258052537658105,0.0036986495477156762,0.0012412608299451145,0.40689632773481665,0.0,0.0,0.0,0.0,3.0,3,0
53.122277440893306,3,1,5,1,14,14,1,14,9,1.7163786572321658,0.0025870211885429518,0.0002047837848293543,0.4399760054151076,0.0,0.0,0.0,0.0,1.0,3,0
82.69481527835897,4,2,3,3,1,1,3,1,6,3.3781942040800734,0.0032671486487722773,0.0012835157063654447,0.2819990538418559,0.0,0.0,0.0,0.0,3.0,5,1
26.54210578852329,3,0,1,2,1,1,2,1,9,3.321928479647437,0.004805477559787852,0.00013453137128435346,0.40697908368379787,0.0,0.0,0.0,0.0,3.0,2,1
72.24700632522672,2,1,3,3,0,0,3,0,3,7.6907753958585054,0.0006005831370590473,0.0,0.2163519140736314,0.0,0.0,0.0,1.0,99.0,3,1
155.1904322923444,5,0,3,3,1,1,3,1,8,3.9379715910234747,0.008059033686202218,0.0003383533073484709,0.2660144568333977,0.0,0.0,0.0,0.0,1.0,0,1
15.25382344010359,0,0,8,5,4,4,5,4,4,4.925841115665685,0.0023515529905536667,0.0003458565781684386,0.035779882861973096,0.0,0.0,0.0,0.0,2.0,5,0
38.34185349659611,4,1,2,1,6,6,1,6,5,1.203705711098846,0.009799121843719037,0.0005347586486732361,0.4429101330969538,0.0,0.0,0.0,0.0,3.0,1,0
20.231031510007426,3,2,4,1,9,9,1,9,5,6.775247640170788,0.0042415120093419485,0.001920308482052705,0.078781672181356,0.0,0.0,0.0,0.0,3.0,4,0
75.84500494478633,1,0,5,2,2,2,2,2,10,6.437726635564072,0.004140066597514992,0.004905170713711882,0.14533616629617307,0.0,0.0,0.0,0.0,1.0,1,0
43.78040784228402,4,0,4,5,10,10,5,10,2,2.4104567410931867,0.00010002707606191323,0.00011411230348027972,0.1655568578088575,1.0,0.0,1.0,0.0,2.0,0,0
50.302153302497416,4,0,3,3,0,0,3,0,12,5.519364773873024,0.0004527116253717671,0.0,0.06679135976143064,0.0,0.0,0.0,0.0,99.0,3,1
76.95782237529798,3,0,5,3,0,0,3,0,4,2.417512351548633,0.0008663095009697637,0.0,0.461659183404514,0.0,0.0,0.0,0.0,99.0,1,1
27.685948816480117,0,0,1,1,3,3,1,3,5,5.063938899117507,0.001272602714308407,0.0009836539177840908,0.4853164933564961,0.0,0.0,0.0,0.0,3.0,0,0
115.97738956758344,3,0,2,3,3,3,3,3,8,5.983332863464985,0.00843075340425489,0.00021281237247636837,0.4339464522664712,0.0,1.0,0.0,0.0,3.0,4,0
39.26695268549215,5,0,4,3,2,2,3,2,3,4.7518554683179595,7.683563023645801e-05,0.00037504541312478136,0.1797188366497456,0.0,0.0,1.0,0.0,2.0,2,0
12.736472521519326,1,0,4,5,3,3,5,3,7,8.063599481253052,0.003305744842766846,0.0009803108176144359,0.037066102557518944,0.0,0.0,0.0,0.0,2.0,3,0
58.567810302337456,5,0,5,3,0,0,3,0,6,4.201801851106609,0.00023444893245332094,0.0,0.09961682025416083,0.0,0.0,0.0,0.0,99.0,2,1
75.93349306657797,2,1,4,2,0,0,2,0,5,2.3828580033795586,0.0007589733790950662,0.0,0.3883289580547183,0.0,0.0,0.0,0.0,99.0,2,1
22.141019515806963,2,0,1,2,9,9,2,9,3,4.252266341295703,0.0015573568649901613,0.0006592117062569724,0.1501273746474262,0.0,0.0,0.0,0.0,1.0,4,0
92.57742412310131,2,0,8,7,2,2,7,2,9,2.5146730869385885,0.002048037453160164,1.0072994820992127e-05,0.447376581554632,0.0,0.0,0.0,0.0,3.0,2,0
111.46935407140249,3,1,3,1,1,1,1,1,2,4.44718825824328,0.0037499375906680323,0.0002922242902341461,0.41921361950182606,0.0,0.0,0.0,0.0,2.0,0,1
19.5896281806709,5,1,2,1,0,0,1,0,5,1.0096567809287846,0.0009202282387456155,0.0,0.1261031821960742,0.0,0.0,0.0,0.0,99.0,2,1
189.75637050267824,5,0,5,3,0,0,3,0,8,2.8013820629098127,0.0006716286507661129,0.0,0.3497927336607116,0.0,0.0,0.0,0.0,99.0,1,1
11.824276567122748,2,0,2,5,5,5,5,5,11,4.272701611185639,0.00238091385715199,0.00030552989325236305,0.2267243939271593,0.0,0.0,0.0,1.0,2.0,2,0
15.15498423416041,3,1,6,2,0,0,2,0,4,2.768264513490994,0.00017471434331935322,0.0,0.11532410020140987,1.0,0.0,0.0,0.0,99.0,1,0
14.162742512040728,0,0,5,5,0,0,5,0,5,3.4885735896611427,0.0004888762561790008,0.0,0.29915508936307955,0.0,0.0,0.0,0.0,99.0,3,1
105.98986013828596,4,1,1,2,1,1,2,1,5,2.5768460111884295,0.005111691391775772,0.0008350771595385382,0.42030628051359836,0.0,0.0,0.0,0.0,2.0,2,1
52.79730748406165,2,0,6,2,0,0,2,0,4,4.122404118470145,0.00035371126066259073,0.0,0.46412869656334826,0.0,0.0,0.0,0.0,99.0,0,1
12.42489318126367,8,0,4,3,4,4,3,4,2,3.6219764186745205,0.0006103509735942941,0.0026180953707400888,0.03877721840609841,0.0,0.0,0.0,0.0,1.0,2,0
31.117828770044238,5,0,6,6,2,2,6,2,5,2.378746369887156,0.008618382853368217,0.002419591498034422,0.21518010520170291,0.0,0.0,0.0,1.0,3.0,3,0
47.987885099658286,4,1,3,0,6,6,0,6,8,1.8469485110674637,0.008647287647409766,0.00016336441843615299,0.3061664570074929,0.0,1.0,0.0,1.0,1.0,1,0
8.92193114001458,3,1,5,2,3,3,2,3,5,2.1910992549578254,0.0007720513030123385,0.0006166820782011215,0.1756156029688214,0.0,0.0,0.0,0.0,1.0,0,0
101.3272448154023,3,0,1,4,0,0,4,0,9,2.9878879158367644,0.00024810034491115943,0.0,0.16565509682604504,0.0,0.0,0.0,0.0,99.0,2,1
78.24289480041236,1,0,5,7,4,4,7,4,2,1.4015042481722584,0.0012948071814541582,0.00012292647287378744,0.38824748078277216,0.0,0.0,0.0,1.0,3.0,2,0
36.66268976368262,1,0,4,2,3,3,2,3,11,5.410215533301813,0.00467120672680275,0.000364923904555122,0.39342876904328045,0.0,0.0,0.0,0.0,1.0,5,0
158.67913653725395,3,0,4,3,5,5,3,5,4,8.683176786225557,0.006925184459790137,0.0009066237810091796,0.36717141358079064,0.0,0.0,0.0,1.0,2.0,4,0
29.339340216322768,4,1,2,5,3,3,5,3,9,8.122687571577059,0.0008279970022837778,0.001153591319260167,0.4502773108302223,1.0,0.0,0.0,0.0,2.0,3,0
191.39384194030282,2,0,4,3,1,1,3,1,1,3.251316552485506,0.003434813152041093,5.700092861997344e-05,0.25240692456297126,0.0,0.0,0.0,0.0,2.0,3,0
54.607071723561006,2,1,5,2,4,4,2,4,4,4.783559916919985,0.0028470361658724536,0.002070233938428681,0.39602778393300386,0.0,0.0,0.0,1.0,3.0,1,0
50.31309692720844,4,0,5,6,2,2,6,2,4,2.238931883896145,0.014693634053985128,0.00014609724264100292,0.015493665581446613,0.0,0.0,0.0,0.0,2.0,2,0
13.166050806798564,2,1,3,6,0,0,6,0,4,1.483638862808562,0.00012219850163926508,0.0,0.4938404954300704,0.0,0.0,0.0,0.0,99.0,3,1
101.1406380839625,3,1,2,4,0,0,4,0,7,2.254295032899024,0.0004767307904496645,0.0,0.46042432790615256,0.0,0.0,0.0,0.0,99.0,2,1
30.097603910760135,2,0,5,5,2,2,5,2,3,2.8131583332725234,0.0008818689183101398,0.002881488883041632,0.4222609818856277,0.0,1.0,0.0,1.0,3.0,3,0
12.965708501720798,1,0,4,2,3,3,2,3,6,3.91392803824162,0.0010258264843696608,7.290552109749718e-05,0.2980056655734745,0.0,0.0,0.0,0.0,1.0,1,0
5.570945110532103,4,0,2,2,0,0,2,0,2,4.260763820008689,0.00042240919198319226,0.0,0.2766356219855299,0.0,0.0,0.0,0.0,99.0,0,1
41.9191448771244,3,0,5,2,1,1,2,1,10,1.7941425960213173,0.0002339344519911561,0.002696797923435728,0.0835637847020295,0.0,0.0,0.0,0.0,3.0,3,0
38.72773015963264,2,0,4,5,2,2,5,2,5,4.40396849600389,0.01939341482448419,0.002389423357941298,0.03644197525960933,0.0,0.0,0.0,0.0,1.0,0,0
62.17969301361923,4,0,2,3,3,3,3,3,2,3.693360643390785,0.0005340945149459023,0.0006828708403160562,0.13537964262937263,0.0,0.0,0.0,1.0,3.0,2,0
104.43306225809427,2,2,3,1,2,2,1,2,8,3.660500726546556,0.002789714779472603,0.0008549665988887534,0.08397993459459592,0.0,0.0,0.0,0.0,1.0,1,0
8.723156008124727,3,0,6,2,2,2,2,2,7,3.6446836145969,0.006350801282314207,0.0027396364444177397,0.2848023138111618,0.0,0.0,0.0,0.0,1.0,2,0
64.17010821922666,0,1,4,1,0,0,1,0,5,5.447713760102242,0.0006368954745682033,0.0,0.17294930236949407,0.0,0.0,0.0,0.0,99.0,0,1
14.338894736987111,4,1,4,1,1,1,1,1,6,8.229947536195567,0.008677550488668476,0.000548879562643621,0.20005008373116154,0.0,1.0,0.0,1.0,3.0,4,0
92.89291336558513,4,1,4,1,0,0,1,0,5,5.457429307970448,0.0007292897142791745,0.0,0.022931993724306658,0.0,0.0,0.0,0.0,99.0,1,1
81.9324146574952,3,0,3,4,5,5,4,5,2,12.274043295523743,0.020199685593428635,0.00010492459167147528,0.2788226572099843,0.0,0.0,0.0,0.0,2.0,1,0
40.02151254345952,0,0,3,6,8,8,6,8,6,4.5577628441788205,0.010163374400888221,0.0007469775479968224,0.33152067177939026,0.0,0.0,0.0,0.0,1.0,1,0
60.74203744904282,0,0,4,3,2,2,3,2,7,3.92831573475005,0.003939874811711425,0.00232210329992764,0.17385851955619058,0.0,0.0,0.0,0.0,3.0,0,0
21.98246677751284,3,0,2,3,7,7,3,7,3,3.162208478716973,0.00024206427366799742,0.0019377321671614708,0.07431396137327252,0.0,0.0,1.0,0.0,3.0,1,0
33.66879290552578,2,0,4,2,0,0,2,0,8,7.75420915400975,0.0008161403519195813,0.0,0.3548264712144625,0.0,0.0,0.0,0.0,99.0,0,1
82.57702576815332,3,1,5,3,1,1,3,1,3,2.274077114877394,0.0012927923340640777,0.0012745435522716056,0.07320135726359306,0.0,0.0,0.0,0.0,1.0,1,1
32.66718432908371,2,0,5,3,0,0,3,0,7,7.428760841963637,0.00019602562897701826,0.0,0.4102596291660471,0.0,0.0,0.0,1.0,99.0,0,1
24.928375828395033,6,0,5,4,7,7,4,7,2,2.2903201600365968,0.01186496018791506,6.36452166820879e-05,0.2775509923718376,0.0,0.0,1.0,0.0,3.0,0,0
35.67373493381889,4,2,7,2,1,1,2,1,4,4.03220135203607,0.0015622049530331014,0.0002273226382267753,0.12634762644473174,0.0,0.0,1.0,0.0,1.0,1,0
84.27699478703407,3,0,4,4,0,0,4,0,2,4.628737026555518,0.00012936770009924333,0.0,0.4503772286292,0.0,0.0,0.0,0.0,99.0,1,1
23.372651320895017,4,0,2,3,1,1,3,1,5,2.3552660633126976,0.005032010324737083,0.0005067326675689422,0.07946842821985527,0.0,0.0,0.0,1.0,3.0,2,0
13.589236352358302,6,1,4,3,1,1,3,1,7,4.002174968987303,0.003272586241701086,0.0042436326976070995,0.30457999159173776,0.0,0.0,0.0,0.0,2.0,2,1
61.017956678087764,3,0,4,2,5,5,2,5,4,4.988092401851795,0.01444013548405162,0.0007938083764701753,0.31258053291713966,0.0,0.0,0.0,0.0,3.0,1,0
83.68586479782041,0,0,3,2,0,0,2,0,7,2.1808051230310657,0.0002695160108313035,0.0,0.02828062281833152,0.0,0.0,0.0,0.0,99.0,4,1
9.773108424413978,0,0,5,6,2,2,6,2,6,2.2128100220340494,0.0005134415961363458,0.004019689731186628,0.30875990256115404,0.0,0.0,0.0,0.0,3.0,1,0
17.342204823866087,7,1,3,4,0,0,4,0,9,11.130855643411989,0.0003656817495873025,0.0,0.35016612641448874,0.0,0.0,0.0,0.0,99.0,4,1
11.89033403273758,5,0,5,1,0,0,1,0,9,5.391429889508792,0.0008154342074765508,0.0,0.45596484490640193,0.0,0.0,0.0,0.0,99.0,1,1
24.242938770022526,2,0,6,4,1,1,4,1,5,5.414631484590303,0.02048139396089222,0.0011105320502512153,0.3573778498628317,0.0,0.0,0.0,0.0,2.0,2,0
31.931390656409548,6,0,0,2,4,4,2,4,5,2.728389870503108,0.010614409302989571,0.0010975334190668064,0.24737104320867603,0.0,0.0,1.0,1.0,1.0,0,0
67.17248125177201,6,0,3,3,8,8,3,8,3,4.339560365572849,0.001554681711794215,0.0001239110704676768,0.4281170089694924,0.0,0.0,0.0,0.0,2.0,2,0
52.38978464909757,2,0,5,1,1,1,1,1,1,3.7434672083200073,0.0009373984040816791,0.0021615063325452813,0.18335495257494985,0.0,0.0,0.0,0.0,3.0,2,1
48.65137769070189,4,0,6,5,6,6,5,6,5,2.0760566766786788,0.0009502843529627996,0.0010993580756512846,0.4292023145959206,0.0,0.0,0.0,0.0,2.0,1,0
24.549951713313693,2,0,4,1,4,4,1,4,10,14.261675350832757,0.015237726862486783,0.003241207656632848,0.42354547232919176,0.0,0.0,0.0,0.0,2.0,0,0
87.87514302654387,1,0,4,2,1,1,2,1,6,4.6481151842129185,0.010852809838220524,6.423078171634218e-05,0.30579324256597445,0.0,0.0,0.0,1.0,3.0,1,1
33.678942981976675,5,0,5,1,1,1,1,1,7,4.488801714999207,0.016219234834165916,0.002238205885944281,0.17886542915717185,0.0,0.0,0.0,1.0,1.0,3,0
179.0709087467701,7,0,3,3,0,0,3,0,3,4.707823118957453,0.00048347970813229606,0.0,0.29969064361214853,0.0,0.0,0.0,0.0,99.0,3,1
50.247966965439765,0,0,2,3,0,0,3,0,6,2.148664164615189,0.0009038166040849931,0.0,0.4538900545863846,0.0,0.0,0.0,0.0,99.0,0,1
11.074003573146136,2,0,1,2,0,0,2,0,6,2.782622085173567,0.0009056624167402253,0.0,0.32190437660133786,0.0,0.0,1.0,0.0,99.0,2,1
55.74019750298399,0,0,5,4,1,1,4,1,4,2.7885441121903054,0.0063598632017803,0.0020375073590242435,0.4216062931930072,0.0,0.0,0.0,0.0,1.0,0,0
22.69385136138246,4,1,3,1,4,4,1,4,5,4.762060603661016,0.004873673022233913,0.0002821165213616851,0.17886679317900078,0.0,0.0,0.0,0.0,2.0,3,0
57.17321888111989,5,1,8,4,1,1,4,1,6,2.718603089962884,0.0018039240718727312,0.0015099133808167038,0.1532319189056749,0.0,1.0,0.0,0.0,1.0,0,0
8.248320728129494,2,0,2,3,0,0,3,0,4,3.5258201984951016,0.0009086677091909133,0.0,0.1353649980688132,0.0,0.0,1.0,0.0,99.0,2,1
13.650268570660469,1,0,5,2,2,2,2,2,6,4.2084701996576115,0.004024770665219017,0.00010022933103166167,0.25071273676849215,0.0,0.0,0.0,0.0,2.0,2,0
92.12535729581586,3,0,4,1,4,4,1,4,2,4.11968125459364,0.0001424511890396392,0.0008170164164290442,0.22166826864037498,0.0,0.0,0.0,0.0,3.0,3,0
16.59688444880532,2,0,4,2,1,1,2,1,5,3.297311498136516,0.011661319057091281,0.0025843940565004496,0.4285682494936791,0.0,0.0,0.0,0.0,3.0,3,1
86.64158354507744,3,0,7,3,1,1,3,1,4,2.1959744684605536,0.007744789952070116,0.0017551521457601076,0.06517508436174785,0.0,0.0,0.0,1.0,1.0,0,0
19.737461272043628,3,0,4,4,1,1,4,1,6,5.775726142912352,0.001366506232995643,0.0005584781058475171,0.28148298282759204,0.0,0.0,0.0,0.0,2.0,2,1
51.33599454876057,5,1,7,1,1,1,1,1,3,7.260494176432267,0.012195476545765773,0.001557298399236443,0.20766919852823335,0.0,1.0,0.0,0.0,3.0,2,0
58.30980657933374,4,0,3,3,1,1,3,1,8,2.259701598691512,0.012695115120931317,0.0030305753350347484,0.4694092282681398,0.0,1.0,0.0,0.0,1.0,4,0
37.34521165798473,2,0,6,2,3,3,2,3,3,6.727938802989806,0.006824182095387277,0.00226101964872245,0.39631083981865356,0.0,0.0,0.0,0.0,3.0,2,0
21.393074758504195,7,1,8,6,4,4,6,4,5,2.4477043001393186,0.005281209327289649,0.0015796641406479505,0.22234200279021296,0.0,0.0,1.0,0.0,2.0,1,0
15.75838670741086,3,0,6,3,4,4,3,4,5,4.809645101954826,0.012261435617988446,0.0018511931243987195,0.3239006014768558,0.0,0.0,0.0,1.0,1.0,3,0
6.518867864475233,3,0,4,8,0,0,8,0,3,4.358835366318198,0.0006315248093289972,0.0,0.37533969296868996,0.0,0.0,0.0,0.0,99.0,4,1
21.304787535554418,0,2,5,4,1,1,4,1,5,5.725221114340666,0.003304545446250229,0.0008254385457319214,0.04485934077923336,0.0,0.0,0.0,1.0,1.0,1,1
52.650488574149904,6,1,3,1,9,9,1,9,9,1.8356611262991407,0.007685599260167056,0.002077785305453986,0.3401226738668727,0.0,0.0,1.0,0.0,3.0,3,0
130.34972506592183,3,1,1,2,0,0,2,0,5,4.336648317721159,0.0006309886803966399,0.0,0.07834999133589761,0.0,0.0,0.0,0.0,99.0,2,1
97.22881697433797,0,0,1,2,0,0,2,0,4,2.987273266801511,0.0007804637221303075,0.0,0.102584470512538,0.0,0.0,0.0,0.0,99.0,3,1
70.37199611363201,6,0,3,8,7,7,8,7,12,5.907992146877199,0.0009432475239888187,0.0001497336693004975,0.23599366817736955,0.0,1.0,0.0,0.0,3.0,2,0
74.89766045361657,3,1,6,0,4,4,0,4,2,4.847474406694781,0.0071186407534688904,0.0009157332866589742,0.48993179839538675,0.0,0.0,0.0,0.0,2.0,3,0
54.211085776475294,6,0,2,3,0,0,3,0,3,4.279617073932916,0.0002616769813629705,0.0,0.4765570596958773,1.0,0.0,0.0,0.0,99.0,4,0
18.56717659837716,1,1,1,6,2,2,6,2,4,2.4754446424305394,0.005160582392690013,0.0003480803150512676,0.4521126774760359,0.0,0.0,0.0,0.0,1.0,2,0
111.97647914877908,5,0,2,3,0,0,3,0,5,4.9830553602005025,0.0006005348973435018,0.0,0.02682128700467199,1.0,0.0,0.0,0.0,99.0,1,0
54.9897897839031,4,0,5,0,3,3,0,3,6,2.439381379291638,0.006546941972314757,0.00019402376452754694,0.42788971867572023,0.0,0.0,0.0,1.0,2.0,3,0
41.98921195488712,4,2,3,2,0,0,2,0,4,1.76656162203194,0.0007859434814021109,0.0,0.3903213160257403,0.0,0.0,0.0,0.0,99.0,1,1
10.29407890479191,4,0,3,3,4,4,3,4,5,2.5939532109735213,0.003501511783096852,0.0003566425362906274,0.2544027127068269,0.0,0.0,0.0,0.0,3.0,5,0
31.66239755227717,1,0,5,4,0,0,4,0,0,2.7310323320768384,0.00010558716735689319,0.0,0.1694587622296331,0.0,0.0,1.0,0.0,99.0,1,1
32.758242116134795,1,0,2,1,5,5,1,5,3,2.991313588669236,0.016995648382749397,0.0005538852899426249,0.3802383368378571,0.0,0.0,0.0,0.0,1.0,2,0
94.96639363356338,9,0,3,6,0,0,6,0,4,3.753185322164822,0.0003240049006450823,0.0,0.062444224640353395,0.0,0.0,0.0,0.0,99.0,2,1
40.5989104543594,6,0,1,3,1,1,3,1,5,3.754021845705143,0.00099935944772145,0.0042856847844103905,0.3287172512619776,0.0,0.0,0.0,1.0,2.0,1,0
26.540692540141034,4,0,8,4,2,2,4,2,3,4.339369834010656,0.0066198391319100035,0.004124338452584281,0.3392190363694496,0.0,0.0,0.0,0.0,2.0,3,0
174.36277221585524,2,0,6,2,3,3,2,3,6,3.728692136912924,0.0006734139408538443,0.0014292364164649601,0.2813109171577539,0.0,0.0,0.0,0.0,1.0,1,0
10.280470983204133,3,1,4,5,0,0,5,0,5,2.4052339249872476,0.0006302007141970073,0.0,0.44011244347731215,1.0,0.0,0.0,1.0,99.0,2,0
29.710881439310075,4,0,3,5,1,1,5,1,4,5.307920139025778,0.007057145994468626,0.00015675910908652846,0.17163135880914057,1.0,0.0,1.0,1.0,3.0,5,0
6.931996623809663,4,2,2,8,1,1,8,1,6,2.475620636048118,0.003100698689501377,0.0009379150135726201,0.24429900074043798,0.0,0.0,0.0,1.0,1.0,4,1
65.60172273484156,2,0,1,4,5,5,4,5,0,3.948598560237136,0.0023391888097629853,0.00041142852680784445,0.3817445603515749,0.0,0.0,0.0,0.0,3.0,0,0
117.5886514023745,1,0,5,2,0,0,2,0,5,6.195761760839975,0.0009759352792112583,0.0,0.36117659735743557,0.0,0.0,0.0,0.0,99.0,1,1
19.78501617113087,4,0,6,3,1,1,3,1,3,3.0066097177552367,0.011365025230973276,9.950784632253589e-05,0.2856055427239212,0.0,1.0,1.0,0.0,2.0,3,0
92.94517829807732,1,1,5,2,5,5,2,5,5,2.071328678012166,0.009514876407375342,0.0006138821732727139,0.14334610756276345,1.0,0.0,0.0,0.0,2.0,1,0
20.55287605632347,4,2,0,1,3,3,1,3,8,1.9434198461114107,0.024216629370451267,0.001186880758290873,0.15418276207229573,0.0,0.0,0.0,0.0,1.0,2,0
113.74429030762869,5,1,7,3,0,0,3,0,3,2.3494368097615834,0.00019082789521151632,0.0,0.3731905790431365,0.0,0.0,0.0,0.0,99.0,1,1
68.10210012254763,2,0,1,3,2,2,3,2,2,2.037197916838755,0.0064260809412091035,0.0007597863691973432,0.012814574399570662,0.0,0.0,1.0,0.0,1.0,2,0
78.54249952293974,4,0,3,1,3,3,1,3,3,6.46232644311634,0.005356227080796313,0.002008036176753137,0.3298398647947373,0.0,0.0,0.0,0.0,3.0,1,0
5.817679088637401,2,1,3,1,3,3,1,3,6,3.292814166049996,0.005218698357123242,0.001710067314529554,0.13165392915889895,0.0,1.0,0.0,1.0,2.0,4,0
153.12762375963786,3,1,1,1,10,10,1,10,7,10.31654470698955,0.007334758394038115,0.0017504652729704341,0.33976727942559476,0.0,0.0,0.0,0.0,3.0,1,0
63.36855734741074,4,2,3,2,1,1,2,1,8,3.423832256277649,0.0017156130116918536,0.00028835850846643866,0.10159956477549333,0.0,0.0,0.0,0.0,1.0,1,1
21.356841262897532,4,0,3,2,1,1,2,1,3,1.4599944059154668,0.010124174242349784,0.00014730836431601878,0.19445508032888645,0.0,0.0,0.0,0.0,1.0,3,0
84.57810672222085,3,2,4,1,0,0,1,0,4,3.8829730525562427,0.0002732201185205442,0.0,0.37936994489079584,0.0,0.0,0.0,0.0,99.0,3,1
19.87785849232936,5,0,5,0,4,4,0,4,6,3.279026600084597,0.010496515898598187,3.6893251667637516e-05,0.3800485626311582,0.0,0.0,0.0,0.0,2.0,2,0
97.77343088364874,3,0,2,2,0,0,2,0,5,5.489995982002313,0.0009601596495236519,0.0,0.11274801207528704,0.0,0.0,0.0,0.0,99.0,1,1
10.37468041164924,2,0,4,2,1,1,2,1,6,3.2117609735839547,0.014752477370415846,0.0011332913397061552,0.19437796460847628,0.0,0.0,1.0,0.0,2.0,5,0
59.7350975019884,1,0,3,3,2,2,3,2,6,3.2292515386632505,0.010466563950940602,0.00028162316112963166,0.2562279045275594,0.0,0.0,0.0,0.0,1.0,1,0
40.01217669352649,4,1,6,7,1,1,7,1,2,4.906370123078585,0.004851330961497031,0.001447729106185524,0.2978059230133285,0.0,1.0,1.0,0.0,1.0,1,0
9.568279468692928,2,1,4,3,0,0,3,0,3,2.63763965778388,0.00023670876736284278,0.0,0.37379281467563213,0.0,0.0,0.0,0.0,99.0,1,1
17.461932569973563,4,1,1,2,9,9,2,9,8,2.9640448553255423,0.0006014873760066645,0.0004186003435064519,0.021582072639443107,0.0,0.0,0.0,0.0,1.0,0,0
5.561672381376261,5,0,5,0,4,4,0,4,2,5.4598209997654825,0.005314042921404749,0.0011531607785386588,0.06650872145126926,0.0,0.0,0.0,0.0,3.0,3,0
33.46503694971269,0,0,5,1,1,1,1,1,3,1.6873013034370354,0.016383516794988395,0.00171033528698321,0.08728422121523786,0.0,0.0,0.0,1.0,2.0,2,0
21.13178426767375,2,1,5,1,1,1,1,1,8,3.2138921905669067,0.007185259357005339,0.00042186857292208444,0.10342474611760212,1.0,0.0,0.0,0.0,2.0,1,0
46.04867826870074,2,0,7,4,1,1,4,1,5,1.0226874955254177,0.0028463600239890963,0.0009936256338691281,0.024833960600154296,1.0,0.0,0.0,1.0,2.0,1,0
20.87315239753565,2,1,5,3,0,0,3,0,4,7.857840297291698,0.0002902236528061449,0.0,0.4610309266064007,0.0,0.0,0.0,0.0,99.0,2,1
21.045172803110333,1,0,5,2,2,2,2,2,4,3.4310848883531744,0.005881053582509877,0.0014885228920238486,0.08947551404999257,1.0,0.0,0.0,0.0,1.0,1,0
66.17440502721618,2,0,3,3,15,15,3,15,3,2.4367356057432703,0.004984366243435222,0.0005903789659923742,0.046083140886582274,0.0,0.0,0.0,1.0,1.0,3,0
7.220313195797991,2,0,4,2,0,0,2,0,5,5.4867977542943365,0.0008501887879068183,0.0,0.24114544725871256,1.0,0.0,0.0,1.0,99.0,2,0
109.93830629860304,7,1,6,2,3,3,2,3,3,4.041020856484225,0.0022717537261659347,0.0012683956314411722,0.4711797663490929,1.0,0.0,0.0,0.0,1.0,4,0
91.05473892263343,2,0,5,5,0,0,5,0,1,2.131292270183704,0.0007807431525752818,0.0,0.4825490616915269,0.0,0.0,0.0,0.0,99.0,5,1
54.59144807810354,3,0,4,6,4,4,6,4,5,5.791464405504681,0.01704981132383687,0.002884732036222284,0.3414373846886838,0.0,0.0,0.0,0.0,3.0,1,0
45.476898803435304,1,1,3,6,0,0,6,0,4,4.853867297764284,0.0005252923855555819,0.0,0.09739089178565982,1.0,0.0,0.0,0.0,99.0,2,0
105.2793000699375,4,0,2,5,0,0,5,0,5,5.666600286537092,0.000610339785198543,0.0,0.011859946813181102,0.0,0.0,0.0,0.0,99.0,3,1
14.223756923779495,2,1,4,4,0,0,4,0,5,3.16365667058629,0.0009059344797870277,0.0,0.17416579710563673,0.0,0.0,0.0,0.0,99.0,1,1
8.701779214584608,3,0,1,3,2,2,3,2,1,4.854112590280673,4.8817760040387225e-05,0.000749003944542232,0.07147348560928674,0.0,0.0,0.0,0.0,2.0,1,0
17.32066430154435,5,0,6,2,1,1,2,1,2,9.367963899372386,0.0013289513476308508,0.0007334373182795691,0.37999683065087336,0.0,1.0,0.0,0.0,2.0,5,0
76.22106061382303,3,1,7,4,1,1,4,1,5,7.840154446097086,0.024236971220921638,0.0003262995267691582,0.4848618667722729,1.0,0.0,0.0,0.0,2.0,1,0
6.587849457289693,3,0,3,1,1,1,1,1,3,5.027144170310784,0.0048614421259908225,0.0006248456946618629,0.051024160790213165,0.0,0.0,0.0,0.0,3.0,4,1
44.33926726488052,3,0,1,2,1,1,2,1,6,1.8187009259987925,0.023061277095905896,0.003076856270291863,0.20449788257467702,0.0,0.0,0.0,0.0,1.0,2,0
247.54496489870377,4,0,3,4,7,7,4,7,5,4.671107045738853,0.01161867789478982,0.0010655048754789687,0.4522100568477975,0.0,0.0,0.0,1.0,1.0,0,0
92.1125184726096,6,0,6,3,4,4,3,4,6,6.4422342327396525,0.000922103382855685,0.0012319290708109282,0.36686260733662396,0.0,0.0,0.0,1.0,1.0,3,0
38.1643507403968,5,0,5,3,4,4,3,4,7,6.202719653987722,0.007048687222587437,0.002878675795258422,0.43619245059095285,0.0,0.0,0.0,0.0,3.0,2,0
7.959030446863919,1,0,7,2,0,0,2,0,9,3.97129390217572,0.0009752039507101056,0.0,0.4622592949298308,0.0,0.0,0.0,0.0,99.0,2,1
85.10311194470327,4,1,3,2,0,0,2,0,4,5.1281370263436905,0.0006527188249598454,0.0,0.21218214394636478,0.0,0.0,0.0,0.0,99.0,0,1
46.11831158946675,1,1,2,2,12,12,2,12,6,1.9396363248362036,0.003446753614568927,0.0015387073639418956,0.34989445249287815,0.0,0.0,0.0,0.0,3.0,5,0
10.494136728626778,3,0,1,3,0,0,3,0,9,4.131119086059748,0.0006099031930339367,0.0,0.3575741159041716,0.0,0.0,0.0,0.0,99.0,0,1
9.435130838350767,4,0,4,4,4,4,4,4,7,1.6064884983310848,0.016794776118585635,2.152807582059588e-05,0.319099861454823,0.0,0.0,0.0,1.0,2.0,3,0
113.17134788529525,4,0,7,3,2,2,3,2,1,6.168387241209765,0.0013122474343305861,0.00013447003350834338,0.16962923063369487,0.0,0.0,0.0,1.0,1.0,2,0
54.7808949809623,5,0,4,4,6,6,4,6,2,5.575050643455612,0.0016038305330747721,0.0016110582535457559,0.41776272926148683,0.0,0.0,0.0,0.0,1.0,4,0
84.54966437850821,3,0,4,2,0,0,2,0,5,5.310544585633531,0.0005882634489431928,0.0,0.3867596787928948,0.0,0.0,0.0,0.0,99.0,2,1
100.03056668397237,1,0,3,4,7,7,4,7,4,4.378720138834964,0.005212706717740069,0.0005592350712896858,0.2281543925410106,0.0,0.0,0.0,0.0,1.0,1,0
43.16451516792141,1,0,4,3,1,1,3,1,7,7.4813341452524,0.0043567829921485465,0.0004381945352431716,0.21627418503802973,1.0,0.0,0.0,0.0,2.0,4,0
37.789842934021046,4,0,6,2,1,1,2,1,5,3.3075133229373854,0.004986293660835952,0.000515827308355783,0.015283956037318677,0.0,0.0,0.0,0.0,1.0,3,1
30.329106894255844,5,0,4,4,1,1,4,1,5,3.099487285445013,0.006576682635754033,0.0019291060546837492,0.4232877148576905,0.0,0.0,0.0,0.0,3.0,1,0
22.15319990510224,2,1,5,2,2,2,2,2,7,5.461569518957664,0.0010148899040238024,0.0034167279184053215,0.1491521518039332,0.0,0.0,0.0,0.0,3.0,2,0
30.65966104474102,4,1,1,4,2,2,4,2,3,1.83681401924974,0.01421305340505068,0.0036665045584462364,0.2406937888907325,0.0,1.0,0.0,1.0,2.0,5,0
71.90095661000267,6,0,5,8,1,1,8,1,6,4.0974306258313025,0.003532598170716879,0.0019412503889704212,0.21153751666046305,1.0,0.0,0.0,0.0,2.0,1,0
46.44999085176996,3,1,4,3,0,0,3,0,6,3.1215051906012525,0.0005122430134393287,0.0,0.3422882409131118,0.0,1.0,0.0,0.0,99.0,1,1
105.37164975332013,3,0,3,3,1,1,3,1,11,3.920088372451443,0.004833246120663049,0.0004364933361105563,0.20115073480064022,0.0,0.0,1.0,1.0,3.0,4,0
31.36426357648748,3,1,2,0,6,6,0,6,5,4.800009099777673,0.001731703325230505,0.0007354687720577558,0.09807090938540672,0.0,0.0,0.0,0.0,3.0,2,0
47.037813294437996,2,0,4,4,1,1,4,1,9,2.855192231610735,0.008117594379136962,0.004910691147308275,0.43562224634605085,0.0,0.0,0.0,0.0,3.0,2,0
49.90066068609169,4,1,4,2,2,2,2,2,9,11.22651432411584,0.0011036276498130645,0.00046417164085051056,0.0999375896171785,0.0,0.0,0.0,0.0,1.0,1,0
45.30857587967808,2,0,3,3,3,3,3,3,10,4.744014675936629,0.0010119728141770902,0.0002690612001236975,0.02393045490273957,0.0,0.0,0.0,1.0,1.0,0,0
59.575586564884006,1,0,6,4,3,3,4,3,7,3.6629004389735096,0.0048974486615645475,0.0013102950250757485,0.10615747932121705,0.0,0.0,1.0,1.0,3.0,2,0
17.19794838724757,2,0,6,6,1,1,6,1,7,8.65122406617959,0.0038891099432658022,0.0008300342562697844,0.23302070600014144,0.0,0.0,0.0,0.0,3.0,1,1
37.31835186060862,2,0,7,6,6,6,6,6,4,4.131722932384033,0.008563705689615573,0.00029668934877146564,0.2173818441560156,0.0,0.0,0.0,0.0,1.0,2,0
9.952960706524888,4,0,2,1,3,3,1,3,4,2.185063822713629,0.0034387421410913086,0.0005368584699887113,0.40019732373572175,0.0,1.0,0.0,1.0,2.0,2,0
26.840243187457684,4,0,1,2,6,6,2,6,3,4.334768292032963,0.005572158835685854,0.0013122908122762146,0.10551647684703622,0.0,0.0,0.0,0.0,3.0,2,0
35.09512739009389,3,1,5,4,0,0,4,0,4,2.1252948834037357,0.0004127245337415512,0.0,0.390049161092557,0.0,0.0,0.0,0.0,99.0,2,1
52.528884391367974,4,0,5,1,3,3,1,3,5,2.719032235455245,0.0027940166603138963,0.0005330538114555219,0.05722037141318049,0.0,0.0,0.0,0.0,2.0,4,0
140.28845590543742,4,0,3,2,7,7,2,7,7,2.8243863380933885,0.016638575850683825,0.0010466472494534416,0.24209371739248906,0.0,0.0,0.0,0.0,1.0,0,0
46.30638759498951,1,0,2,2,6,6,2,6,5,1.6106577216685214,0.012973297194153653,0.0003465094558722135,0.4340111979866287,0.0,0.0,0.0,0.0,3.0,5,0
66.24467718604664,5,2,5,4,9,9,4,9,3,4.05062759909536,0.01832376445305778,0.0006505997921047794,0.21233757306171447,0.0,0.0,0.0,1.0,2.0,1,0
36.75913199850548,4,1,6,3,6,6,3,6,4,2.8246979872769313,0.00033656745139134804,0.001872041004668426,0.4820076299074941,0.0,0.0,0.0,0.0,2.0,2,0
50.243280112283074,1,1,4,4,5,5,4,5,7,4.611405389116671,0.006621223375481345,0.0007687820153910384,0.31920937184771336,0.0,0.0,0.0,0.0,3.0,2,0
8.310811032325851,5,0,3,4,0,0,4,0,7,1.6846858074604958,0.0005255973368351642,0.0,0.3807594682060073,0.0,0.0,0.0,1.0,99.0,4,1
18.20996257483126,4,0,3,2,0,0,2,0,6,3.6657422548187566,0.0005815469646236174,0.0,0.2598303148311524,1.0,0.0,0.0,0.0,99.0,3,0
25.213404231927072,1,0,4,4,7,7,4,7,2,2.4626854916861234,0.008889367970229262,0.0019606003054345087,0.2205813417108294,0.0,0.0,0.0,1.0,3.0,3,0
33.78172174552439,2,0,7,6,4,4,6,4,7,3.49913754085515,0.01454249985491111,0.0035357274651942727,0.051492062470101754,0.0,0.0,0.0,0.0,3.0,1,0
7.102556780105354,4,0,7,4,1,1,4,1,6,1.9116157739586197,0.009084341456007757,0.00013779301595279325,0.06877510318062148,0.0,0.0,0.0,0.0,2.0,1,0
11.788290974209875,2,0,4,4,2,2,4,2,4,4.378499510692302,0.008893011396665651,0.00015057123626853764,0.29013485593068156,0.0,1.0,0.0,0.0,3.0,1,0
19.58401643465035,6,0,4,3,4,4,3,4,4,3.8550438013954227,0.013716908565388037,0.0012044428387693066,0.31068053225373066,0.0,0.0,0.0,1.0,3.0,0,0
165.1549504654216,4,0,4,3,2,2,3,2,5,3.8857389246559846,0.008653043349311279,0.002089258601903755,0.492529871374748,0.0,0.0,0.0,1.0,2.0,2,0
23.11205218898504,6,0,7,3,1,1,3,1,6,2.3940753218551465,0.001115505807000718,0.0003658836737772103,0.43029419478860637,0.0,0.0,0.0,0.0,3.0,1,0
34.603668618293796,4,1,4,3,1,1,3,1,4,2.048901678451037,0.004421535931134692,0.0005931014213956655,0.423798535959354,0.0,0.0,0.0,1.0,1.0,1,1
14.822489770053934,4,0,3,2,4,4,2,4,7,5.326790780967819,0.004413532974575383,3.573374235686494e-05,0.15043585581458302,0.0,0.0,0.0,0.0,3.0,4,0
47.46248263129622,2,1,5,2,2,2,2,2,7,1.7914033951512773,0.006290208590279334,0.0007815031793035175,0.2117731620397245,0.0,0.0,0.0,0.0,1.0,2,0
19.82540425601354,1,0,2,4,2,2,4,2,3,7.738043242897225,0.0007115610030748922,0.0021087742781696426,0.0600432295929726,0.0,0.0,0.0,0.0,2.0,1,0
15.436521434716258,3,0,4,3,5,5,3,5,6,8.82051123791194,0.003973343749212146,0.0010382963656051358,0.2949528586740574,0.0,1.0,0.0,0.0,2.0,3,0
37.70843851959893,2,0,1,1,4,4,1,4,4,3.1137477670484874,0.010674657329056734,0.0013723966272988612,0.04407352354561398,0.0,0.0,0.0,0.0,3.0,2,0
5.24844553717894,4,1,4,4,1,1,4,1,7,5.459890991504103,0.010153808376319417,2.6532524414231745e-05,0.22894710444324437,1.0,0.0,0.0,0.0,3.0,5,0
5.3462098521680135,5,0,5,3,1,1,3,1,3,3.6226878154364117,0.0036759166659645903,0.00022153185504725535,0.28743788361570827,0.0,0.0,0.0,0.0,2.0,1,0
16.127070659034377,0,1,7,2,3,3,2,3,2,3.6473135784851487,0.010458406872981541,0.0007338632243314983,0.12181062208186855,0.0,0.0,0.0,0.0,3.0,2,0
6.683565462718812,5,0,2,3,4,4,3,4,4,4.520556734870709,0.009115068748374854,0.000658095600446479,0.3899677062054958,0.0,0.0,0.0,0.0,3.0,1,0
10.144310862324481,3,0,2,2,1,1,2,1,8,7.822964170036878,0.0067445418878566855,1.4170842293855399e-05,0.34067534314589776,0.0,1.0,0.0,0.0,2.0,0,0
23.62057895322639,3,1,2,1,2,2,1,2,6,2.3018694200996856,0.00042392972493846193,0.001503470500771599,0.08245391315032133,0.0,0.0,1.0,0.0,2.0,4,0
78.01027742415407,5,0,5,3,6,6,3,6,4,5.326086428449539,0.0006562772163473401,0.0010894283098669066,0.49200344736590473,0.0,0.0,0.0,0.0,1.0,0,0
43.19355841660907,0,1,5,1,9,9,1,9,6,4.258421066933108,0.002410767618737481,0.003893573318660358,0.2756022828847357,0.0,0.0,0.0,0.0,1.0,5,0
37.346409544462816,3,0,6,1,2,2,1,2,3,3.123192170255474,0.0003206368970308962,4.866262471096151e-05,0.022944841410261187,0.0,0.0,1.0,1.0,2.0,6,0
20.633731566649132,1,0,4,3,1,1,3,1,4,2.489548551019791,0.005681537328894832,0.0007575274418357584,0.18155382725581906,0.0,0.0,0.0,0.0,2.0,2,0
125.80845546137972,2,1,3,0,1,1,0,1,5,2.937994840069683,0.002326014473754056,0.0004414971555817179,0.4898622765945679,0.0,1.0,1.0,0.0,1.0,0,0
27.763836195860073,3,2,4,5,0,0,5,0,4,1.935456234391151,0.00022442947865661586,0.0,0.45213160455868556,1.0,0.0,0.0,0.0,99.0,0,0
9.1004454552459,1,0,2,3,0,0,3,0,4,2.1426879865005457,0.0002639376031416379,0.0,0.08406986457504165,0.0,0.0,1.0,0.0,99.0,3,1
48.19522892944793,1,1,4,1,2,2,1,2,12,1.1954281482548996,0.004684781513110607,0.001193351655807893,0.42895280755876397,0.0,0.0,0.0,0.0,2.0,2,0
10.43851751917983,4,0,6,2,3,3,2,3,5,7.210986816580881,0.00924069932932153,0.0012485454810016667,0.31302129634279086,0.0,0.0,0.0,0.0,3.0,3,0
24.055734984046953,5,1,4,0,1,1,0,1,4,2.0064512672313697,0.00938791365853141,4.0688430719289256e-05,0.020649917458180955,1.0,0.0,1.0,0.0,1.0,3,0
36.86369133738857,5,0,3,2,7,7,2,7,3,3.142808474172793,0.0010565613170686265,0.00048106430435569105,0.3811408058018967,0.0,0.0,0.0,0.0,1.0,0,0
98.29584510345124,2,0,3,2,3,3,2,3,10,5.745073477094447,0.0047561879704340546,0.005107698064899174,0.21228980816221157,0.0,0.0,0.0,0.0,1.0,0,0
35.61453160951788,2,0,3,2,3,3,2,3,4,1.6210867801656348,0.011997811448442825,0.0003385558998129977,0.20410808836565675,1.0,0.0,0.0,0.0,2.0,1,0
59.51887304416296,3,0,4,3,13,13,3,13,6,1.620182402455676,0.0026772133419592217,0.0013429687219454782,0.19757203019658495,0.0,0.0,1.0,0.0,2.0,2,0
227.12070838901496,5,0,0,1,3,3,1,3,6,2.4641955289633697,0.015876520237098988,0.0006022022251155783,0.30231357834645317,0.0,0.0,0.0,0.0,3.0,1,0
11.34388246621917,6,0,3,4,8,8,4,8,1,3.4843932470359493,0.01350470767967946,0.0002471395620022695,0.3599651285222748,0.0,0.0,0.0,0.0,1.0,0,0
19.454602237110574,3,0,3,4,0,0,4,0,5,2.970443586832654,0.0001646953343724478,0.0,0.3273448283721718,0.0,0.0,0.0,0.0,99.0,2,1
27.58218641764137,1,2,6,2,0,0,2,0,5,14.874171563030334,0.0007823070104669168,0.0,0.12846334380408278,0.0,0.0,0.0,0.0,99.0,1,1
29.654788348465882,2,0,6,2,0,0,2,0,8,3.22405833683324,0.0003966234963802265,0.0,0.35633308955903664,0.0,0.0,0.0,1.0,99.0,4,1
28.821419483282725,2,0,4,3,2,2,3,2,5,4.0534943862246475,0.002230333051032141,0.00046593778845323264,0.07640364905372672,0.0,0.0,0.0,0.0,2.0,2,0
112.17863222203616,2,0,5,1,1,1,1,1,7,2.83730186254467,0.0049494201985606084,0.0006301372174876062,0.4859570822207332,0.0,1.0,0.0,0.0,1.0,1,0
61.334492727624145,2,1,6,4,4,4,4,4,3,2.900501443375803,0.0016458357770597282,0.0017909858034865255,0.24207058296495343,0.0,0.0,0.0,0.0,1.0,1,0
47.131325043428866,2,0,0,1,0,0,1,0,4,2.5602789249355875,0.000403153113130147,0.0,0.054759654964487585,0.0,1.0,1.0,0.0,99.0,2,0
21.65697454232295,3,0,4,1,4,4,1,4,5,9.851563493940425,0.0024433034872435536,4.424712862436819e-06,0.2925462439465154,0.0,1.0,0.0,0.0,1.0,2,0
83.12364472449701,4,0,3,3,0,0,3,0,5,6.9852771631497,0.00044996492304388635,0.0,0.2927210341538987,0.0,1.0,1.0,0.0,99.0,3,0
144.60972772091702,3,0,2,4,4,4,4,4,8,1.2725403693473436,0.0011826311969135995,0.0012221651527875672,0.029017601270756414,0.0,0.0,0.0,0.0,2.0,1,0
82.46650148892797,2,0,8,4,2,2,4,2,8,7.0643946924948935,0.0030030630409279132,0.0016119523106412918,0.015323085782445726,0.0,1.0,0.0,0.0,3.0,3,0
5.070484906161878,2,0,2,5,11,11,5,11,3,2.7717210330893614,0.0009424719267640607,0.0008592082275798885,0.49809009550121264,0.0,0.0,0.0,0.0,3.0,5,0
50.526710828020455,5,0,1,1,2,2,1,2,3,5.013159194644649,0.00011156377438219619,0.0015593418282233552,0.20114147055619588,0.0,0.0,0.0,0.0,1.0,0,0
7.362011637277005,3,0,1,6,0,0,6,0,6,1.5495764771810312,0.0006196755167437456,0.0,0.13027321734930494,0.0,0.0,0.0,0.0,99.0,2,1
18.404457045011405,2,0,2,8,1,1,8,1,6,2.0310880071171837,0.000373404883675515,0.0025198720829911095,0.27838515057012564,0.0,0.0,0.0,0.0,2.0,0,1
7.761645211188484,1,0,2,5,0,0,5,0,4,10.27492475318402,0.00041829748568813097,0.0,0.014085438968020527,0.0,0.0,0.0,0.0,99.0,1,1
46.662110065795645,5,0,4,6,2,2,6,2,2,4.2838783951113,0.002847670780576101,0.002342273359584431,0.0163185768009705,0.0,0.0,1.0,1.0,3.0,2,0
57.21092444501422,2,1,6,3,5,5,3,5,8,1.2271011117341253,0.0057729688755375815,0.0006945280869397642,0.0652620101540581,0.0,0.0,0.0,1.0,3.0,3,0
10.471498765556586,2,1,6,0,0,0,0,0,6,14.16058538410607,0.0007185984845821738,0.0,0.40323741182021855,0.0,0.0,0.0,0.0,99.0,0,1
26.79110582672122,5,0,8,3,5,5,3,5,3,2.810451090671357,0.005307793202493038,0.00026909003766177896,0.1316415882588042,0.0,0.0,0.0,0.0,2.0,4,0
32.41583985968552,2,0,8,2,0,0,2,0,3,4.268002628577903,0.00022438600478470256,0.0,0.25669394598754053,0.0,0.0,0.0,0.0,99.0,2,1
25.72400516534327,3,0,6,3,5,5,3,5,6,4.106594025731143,0.011927077182154175,0.005410837456979154,0.11957430250426015,0.0,0.0,0.0,0.0,2.0,2,0
10.80494706488528,0,0,3,4,1,1,4,1,2,6.150846022774802,0.006675525442837266,0.00019719367209755417,0.2769659191717294,1.0,0.0,0.0,0.0,1.0,2,0
29.431159888274635,0,0,6,1,1,1,1,1,11,2.433072118658644,0.005494470180382786,0.0007678125127811529,0.2593146844533438,0.0,0.0,0.0,0.0,2.0,1,1
67.59579603776334,1,0,5,3,0,0,3,0,5,2.799962515296031,0.0008946534905482549,0.0,0.20635497158059302,1.0,0.0,0.0,0.0,99.0,2,1
8.314465572825625,4,1,4,3,2,2,3,2,7,9.496625162059141,0.012519127446877635,0.0012361925407874483,0.22226700720605955,0.0,0.0,1.0,0.0,1.0,2,0
8.760978300414191,6,1,6,5,4,4,5,4,7,3.9495104111888355,0.004214135939535261,0.0018082496049964044,0.33015529871062793,1.0,0.0,0.0,0.0,1.0,1,0
24.716769743139366,3,0,5,6,0,0,6,0,4,2.5494573906617526,0.000609382030037663,0.0,0.4226554214026807,0.0,0.0,0.0,1.0,99.0,4,1
132.91674374875282,1,0,3,2,1,1,2,1,2,3.064618316538525,0.031018939397496004,0.0043201629029620955,0.166510439344006,0.0,0.0,0.0,1.0,2.0,2,0
54.69559874784129,0,1,4,4,0,0,4,0,5,4.373437818941628,0.0005524603621910183,0.0,0.27075128986169295,0.0,0.0,1.0,0.0,99.0,1,1
56.08789302648573,0,1,3,3,12,12,3,12,3,2.511401969590637,0.0031011494908399473,1.6884352087872488e-05,0.42854595438272036,0.0,0.0,0.0,0.0,3.0,2,0
25.218121878041252,0,2,2,3,3,3,3,3,3,7.829825320293493,0.006982331771448674,0.00010583638476738265,0.09228351145345479,1.0,0.0,0.0,0.0,3.0,1,0
45.525514035805074,1,0,8,2,4,4,2,4,7,2.576426455148235,0.008727920392890984,0.0004298585606909421,0.4899830478217083,0.0,0.0,0.0,0.0,1.0,1,0
5.458228418864439,3,0,4,3,3,3,3,3,9,3.391722518308738,0.00013013260235689763,0.002279625120346567,0.3778082135844008,0.0,0.0,0.0,0.0,3.0,3,0
50.488938946671915,5,0,2,1,5,5,1,5,2,3.05026064161165,0.015427022331754112,0.00010234003155559903,0.18939547569818457,0.0,1.0,0.0,0.0,2.0,0,0
115.03178867929157,7,0,2,3,11,11,3,11,4,3.1794458037528646,0.002005107497221152,0.00025029404286316313,0.19383773756914177,0.0,0.0,0.0,0.0,1.0,1,0
47.670306975177944,0,0,3,2,3,3,2,3,5,2.3227854088889046,0.005099301480410923,0.0001733764049981803,0.11062052012925941,0.0,0.0,0.0,0.0,3.0,1,0
98.10878509568946,4,0,2,1,2,2,1,2,3,4.478482831892745,0.0038527543543471427,0.00225692065085537,0.1412785071942731,0.0,0.0,0.0,0.0,3.0,6,0
62.92655568082223,2,1,5,4,6,6,4,6,7,3.5295806195365573,0.002245413584177532,0.0012131522852705332,0.2976472014246837,0.0,0.0,0.0,1.0,3.0,2,0
10.781066166169868,2,1,4,2,10,10,2,10,8,3.984278695080248,0.011133848387643853,0.0014203368112252273,0.011831671802529354,0.0,0.0,0.0,0.0,2.0,4,0
109.73408521917983,4,0,5,5,1,1,5,1,4,8.568184017637991,0.01955061124515106,0.00047484442823566826,0.0213483777764982,0.0,0.0,0.0,0.0,2.0,2,0
8.093937280556169,0,1,4,4,0,0,4,0,2,1.612843415288998,0.00015307318029934692,0.0,0.49337362786412675,0.0,0.0,0.0,0.0,99.0,3,1
39.35749306517811,3,0,2,3,5,5,3,5,9,2.4864703852303043,0.01861772972369695,0.00190417744281309,0.125409696148899,1.0,0.0,0.0,0.0,3.0,2,0
11.898995459338202,1,1,4,5,3,3,5,3,2,5.831165581692055,0.001543528465570779,0.0010899125123044681,0.41648686601107815,0.0,0.0,0.0,0.0,3.0,4,0
5.529905267651691,3,0,5,2,2,2,2,2,5,3.268398552797062,0.008781170147940028,0.001461873720674717,0.31007654506153315,0.0,0.0,0.0,1.0,3.0,1,0
29.670830853968194,6,0,0,6,3,3,6,3,2,3.826564937939752,0.00256228379369377,0.0016226734908258657,0.22853032089668784,0.0,0.0,0.0,0.0,1.0,3,0
20.732684863566995,3,0,5,2,1,1,2,1,9,2.6906530640120385,0.009415695106824117,0.003591845488480848,0.3687684245786244,0.0,0.0,0.0,1.0,3.0,2,0
34.94898384004216,5,0,4,2,0,0,2,0,3,2.4210826134407815,0.000357795218256371,0.0,0.034510465262407836,0.0,0.0,0.0,0.0,99.0,1,1
43.73850906915833,2,0,5,3,0,0,3,0,4,2.384991805001347,0.00013908294107364326,0.0,0.38047848457586375,0.0,1.0,0.0,1.0,99.0,7,1
7.012600981516066,1,0,2,3,3,3,3,3,5,4.225659297412483,0.010297286296616064,0.000998880358896034,0.4299251124696161,0.0,0.0,0.0,0.0,1.0,2,0
10.906341974810665,4,2,5,3,6,6,3,6,4,12.081986834143374,0.0024509593630650138,0.0019925173351937834,0.14731210183245383,0.0,0.0,0.0,0.0,3.0,1,0
41.8054927877711,7,0,4,3,5,5,3,5,9,7.269936281458671,0.0010531457104376236,0.0018141217230461014,0.1577918083144893,0.0,1.0,0.0,1.0,3.0,1,0
23.914670728597606,2,0,1,6,0,0,6,0,4,3.1152800158756633,0.0005341392424185532,0.0,0.060477954543293924,0.0,1.0,0.0,0.0,99.0,1,0
63.78245773526562,4,0,4,5,6,6,5,6,7,1.3309738778814184,0.0021401259151824967,0.0017581832477332926,0.4293880113290405,0.0,0.0,1.0,0.0,2.0,0,0
52.53760495632696,4,0,4,4,0,0,4,0,4,6.643896279589482,0.0003163204711327418,0.0,0.40587567729512264,0.0,0.0,0.0,1.0,99.0,2,1
89.07066047738157,0,0,10,3,3,3,3,3,1,4.029522254892018,0.006663898136855347,5.10137832998182e-05,0.21835381529555734,0.0,0.0,0.0,1.0,2.0,2,0
58.06655888462139,5,1,5,2,0,0,2,0,4,11.212050361214898,0.0005568908987980818,0.0,0.1950822557046007,0.0,0.0,0.0,0.0,99.0,4,1
30.289910387180278,7,0,3,2,0,0,2,0,5,4.681496496510224,0.00014443535519279732,0.0,0.2194880542956846,0.0,0.0,0.0,1.0,99.0,4,1
55.29618684975267,1,0,3,1,1,1,1,1,4,3.24107056664983,0.0062833752941333035,0.00048328764937896835,0.2159696082530431,0.0,0.0,0.0,0.0,2.0,2,1
19.494928399105817,2,1,2,2,1,1,2,1,6,2.891479414762974,0.009829688496109913,0.002755086879570788,0.22051216392483944,0.0,0.0,0.0,0.0,2.0,1,1
21.45808165464475,3,0,6,3,1,1,3,1,5,1.817906152667323,0.001059480318130895,0.0008287466521024455,0.0814140957070956,0.0,0.0,0.0,0.0,3.0,3,1
75.01220671326428,1,0,3,3,0,0,3,0,4,3.420940648541036,0.0004730435325126439,0.0,0.01660374145968841,0.0,1.0,0.0,1.0,99.0,1,1
31.610665801205386,2,1,2,4,0,0,4,0,9,5.965206464333095,0.0006746592966530028,0.0,0.383592272451162,0.0,1.0,1.0,1.0,99.0,3,0
77.06175036212059,2,0,1,0,9,9,0,9,2,1.4201683205368183,0.005801043416209605,0.0010639635653406881,0.17843739420946725,0.0,0.0,1.0,0.0,2.0,5,0
82.77563453998427,1,0,4,1,1,1,1,1,5,9.209860350436811,0.006051108930672742,1.852482309535862e-05,0.2505355597193037,0.0,0.0,0.0,0.0,3.0,2,0
92.69828745160754,7,1,6,3,0,0,3,0,7,1.674383146794995,0.0003469255628251848,0.0,0.1606441090585224,0.0,0.0,0.0,0.0,99.0,1,1
116.80382979469297,0,0,5,3,1,1,3,1,4,2.4439521777212896,0.01197576703520209,0.0013710749946101422,0.19700349554633198,0.0,0.0,0.0,1.0,1.0,5,1
30.373199181491415,8,0,5,6,0,0,6,0,6,4.415440902333736,0.0007224880970965755,0.0,0.04668299908516705,0.0,0.0,0.0,0.0,99.0,1,1
22.279884086441623,3,2,5,2,0,0,2,0,9,1.6368124464428906,0.00031234144229481367,0.0,0.19144059425767015,0.0,1.0,0.0,0.0,99.0,5,1
44.27372434325375,3,0,1,3,0,0,3,0,8,3.239558327192307,0.00024979452664506237,0.0,0.2369266539622593,0.0,0.0,0.0,0.0,99.0,2,1
25.87541823376655,0,0,4,2,1,1,2,1,1,3.9064510378444792,0.0038302484745017444,0.0014354892295106037,0.41809211405406965,0.0,0.0,0.0,0.0,3.0,0,1
46.35408924838685,3,1,3,5,1,1,5,1,4,4.316637486810141,0.01058556464629263,0.0006547342370675923,0.16788063229491135,0.0,0.0,0.0,0.0,2.0,2,1
60.02455425662575,1,1,6,3,1,1,3,1,7,2.8212308624335796,0.01649466410851489,0.002689928602139606,0.05338665972061229,0.0,0.0,0.0,0.0,2.0,1,1
57.47229818033392,3,0,2,2,0,0,2,0,8,1.8824519129919701,0.0007182114960734779,0.0,0.3820050146363794,0.0,0.0,0.0,0.0,99.0,1,1
26.117982690835095,1,0,4,1,5,5,1,5,5,7.781855318473799,0.01359929254173535,0.002565948111689346,0.19406140235481417,0.0,0.0,0.0,0.0,3.0,3,0
13.214922161216737,1,1,5,2,3,3,2,3,8,4.716910348464871,0.004480077545047141,0.000815895871192927,0.45852809730140964,0.0,0.0,0.0,0.0,1.0,4,0
30.337160611903748,5,1,7,10,5,5,10,5,4,4.311599845150167,0.001981698696729641,0.0002031247722135915,0.47992756187373187,1.0,0.0,0.0,0.0,1.0,2,0
11.922975274374522,4,0,3,4,3,3,4,3,8,2.713772113593119,0.005524749820834055,0.0006924702370937068,0.43720763802135276,0.0,0.0,0.0,0.0,3.0,2,0
104.367084824168,9,0,6,5,0,0,5,0,3,5.305617510988274,0.0006478458731995332,0.0,0.12105653287818392,0.0,0.0,0.0,0.0,99.0,0,1
24.100725927827302,2,0,3,3,1,1,3,1,3,1.7490569442026265,0.010878445784276367,0.0019798182551626665,0.1343669354194819,0.0,0.0,0.0,0.0,3.0,0,1
12.550077658633995,2,1,4,3,1,1,3,1,2,9.223695684383811,0.00020075216792671448,0.00010669177908773085,0.39911991652337664,0.0,1.0,0.0,0.0,3.0,1,0
6.159971947850449,2,1,5,2,5,5,2,5,6,2.631691030911638,0.00420561811813011,0.0026331237047848635,0.22859380453593894,0.0,0.0,0.0,0.0,2.0,0,0
51.70805411092733,2,2,4,3,0,0,3,0,4,5.67513579007808,0.00023580200047163121,0.0,0.1559228078677465,0.0,1.0,0.0,0.0,99.0,2,0
50.5887522348569,4,1,3,2,5,5,2,5,14,6.792763098042764,0.003893148602151714,0.00018621774374001502,0.15401482437613576,1.0,0.0,0.0,0.0,2.0,2,0
23.73940701998337,1,0,3,0,1,1,0,1,4,3.960458722496764,0.021648945388642336,0.001431308835125781,0.29295833259640097,0.0,0.0,0.0,0.0,2.0,2,0
8.348590839932353,2,0,5,2,5,5,2,5,7,4.183116126289564,0.0034651055115466713,0.0035996986181622767,0.4485647909942316,0.0,0.0,0.0,1.0,1.0,4,0
28.71517766502858,2,1,7,3,1,1,3,1,8,3.549695597301298,0.011345762713085884,0.00020058457012557995,0.31327416067820757,0.0,1.0,0.0,1.0,2.0,2,0
21.77733764877275,3,1,3,2,1,1,2,1,4,6.461416656913492,0.0027680430818388304,0.0007762194110506581,0.31393719364498796,0.0,0.0,0.0,0.0,3.0,1,1
55.87144354214157,1,0,6,3,2,2,3,2,7,2.6094223819692477,0.008536309646443089,0.0015656089355918518,0.37600212283496404,1.0,0.0,0.0,0.0,3.0,2,0
46.8879910702626,1,0,3,6,2,2,6,2,4,5.1502236093889495,0.002030667775011925,0.0005232575298964419,0.3825471613728784,1.0,0.0,0.0,0.0,3.0,1,0
25.407080895150127,5,1,7,1,5,5,1,5,3,3.7635147028894695,0.004601837997796935,0.000530047423035796,0.45563063020652494,0.0,0.0,1.0,1.0,2.0,2,0
16.059341715091172,4,0,3,3,4,4,3,4,2,7.919200704096571,0.002717928795381814,0.0011042261737658216,0.08943498120364592,0.0,1.0,0.0,1.0,2.0,0,0
204.16326392140385,7,0,5,1,0,0,1,0,5,7.532892659649577,0.0005585652765856877,0.0,0.4924701020075848,0.0,0.0,0.0,0.0,99.0,2,1
32.23126726093822,1,0,13,5,1,1,5,1,8,2.6950850281994416,0.003907534507252597,0.0003114998376796259,0.1711272311267534,0.0,0.0,1.0,0.0,3.0,3,0
57.45341473336961,2,0,3,4,1,1,4,1,3,6.408219734074845,0.01750393373478303,0.00021420352930249682,0.14796822118764602,0.0,1.0,0.0,0.0,2.0,1,0
11.815973694260714,5,0,8,2,1,1,2,1,2,4.649954944094574,0.0071233101735712736,0.00015809521348569822,0.2597955664883679,0.0,0.0,0.0,0.0,1.0,2,0
34.91303370210143,4,1,5,3,0,0,3,0,9,3.634230524338038,0.0007891843994277256,0.0,0.13953648230973895,0.0,0.0,0.0,0.0,99.0,2,1
6.256533309031639,5,0,3,2,4,4,2,4,2,6.169283593287007,0.009584786356241264,0.0015090684869544417,0.12412674300529525,0.0,1.0,0.0,0.0,2.0,4,0
36.68528162618159,4,0,7,2,0,0,2,0,4,5.490980960453056,0.0009407191535773487,0.0,0.4837353017582197,0.0,0.0,0.0,1.0,99.0,0,1
154.6123994830467,3,0,4,5,6,6,5,6,7,2.830783757621585,0.001315169886823342,0.004838989555541032,0.060957166353062184,0.0,0.0,0.0,0.0,2.0,1,0
26.81797751576339,4,1,5,1,2,2,1,2,6,1.9634461780717645,0.005783941518257392,0.0004588487811119156,0.4950720529480039,0.0,1.0,1.0,0.0,2.0,4,0
6.789952434865241,6,2,7,2,2,2,2,2,5,2.170346009109158,0.004983400678253296,0.00250853316509205,0.31501421180730466,0.0,0.0,0.0,1.0,1.0,3,0
6.4150270126626445,4,1,6,5,2,2,5,2,4,2.4814899414407043,0.02315706780079286,0.0001484050757195152,0.4797040293170669,0.0,0.0,0.0,0.0,1.0,2,0
27.095061318353668,6,1,4,3,4,4,3,4,5,3.214478302930049,0.00907623990736811,0.0009146515305677705,0.44972645950123,0.0,0.0,0.0,1.0,1.0,2,0
12.847238323300889,2,0,3,5,3,3,5,3,5,4.357275816463921,0.009247259536922564,0.0010087314483107279,0.32771562699950035,0.0,0.0,0.0,0.0,1.0,5,0
6.063308468654025,4,0,6,1,1,1,1,1,8,3.779408042323549,0.0043970884987654555,0.000824365204208461,0.299020704135784,0.0,0.0,0.0,1.0,3.0,2,0
68.51583068643097,0,0,4,3,8,8,3,8,3,1.6746129691786122,0.00034095595939072175,0.0010258840519496695,0.49638953345522663,0.0,0.0,0.0,0.0,1.0,3,0
32.605461700421685,3,0,2,5,0,0,5,0,3,2.9592464769024835,0.00024363432360815888,0.0,0.2624540569813931,0.0,0.0,0.0,0.0,99.0,0,1
20.3642227773201,1,1,2,4,8,8,4,8,2,9.53756018482056,0.0020827431373120955,0.0015865087144277578,0.09759177108570638,1.0,0.0,0.0,1.0,3.0,1,0
108.65377711946945,4,0,5,2,1,1,2,1,3,2.8333086951110262,0.013840983542612751,0.00010637008481642972,0.49654242182489444,1.0,0.0,0.0,1.0,1.0,1,0
10.555494057403939,2,2,1,2,5,5,2,5,9,1.6061916063449662,0.0065102173962877,0.0009382765900207379,0.1685262795719766,0.0,0.0,0.0,0.0,1.0,2,0
145.47751466634386,3,0,5,3,3,3,3,3,6,5.45655922236081,0.010278767365000975,0.00031799131792169315,0.05283298792884343,0.0,0.0,0.0,1.0,3.0,2,0
21.95731109707368,4,0,4,3,2,2,3,2,2,4.8107908364010346,0.002107488322964088,0.0039364479836063,0.3612776765219729,0.0,0.0,1.0,0.0,2.0,2,0
103.67902110056485,5,0,1,5,1,1,5,1,5,4.6512774707308955,0.007776536629695996,7.79473068862012e-05,0.22856412350158994,0.0,0.0,0.0,0.0,3.0,1,1
46.565380430814756,2,0,4,3,1,1,3,1,5,4.354668153839938,0.000485091952517062,0.0007398455367197427,0.20013176287566775,1.0,1.0,0.0,0.0,2.0,1,0
83.87480981193728,4,0,1,2,5,5,2,5,6,2.20550328060336,0.0020731191617021244,0.00010227687173321612,0.3194879428923136,0.0,1.0,0.0,0.0,2.0,0,0
191.1195318200127,5,0,2,6,0,0,6,0,6,3.544301737557751,0.00047691085365401275,0.0,0.03589755926444388,0.0,0.0,0.0,0.0,99.0,3,1
20.311113420437525,4,0,4,5,3,3,5,3,7,2.3160310712263805,0.004402331926473677,0.0014210158866991294,0.35212877981734403,0.0,0.0,0.0,0.0,3.0,4,0
151.14531496818446,5,0,3,4,2,2,4,2,2,2.2376592310384167,0.009969280854613804,0.0007200797848054629,0.25668961594797396,0.0,0.0,0.0,1.0,1.0,0,0
27.205129836122985,1,0,5,3,1,1,3,1,1,11.09562731848465,0.0008847984204316056,0.0015067767827631237,0.25021839670609586,1.0,1.0,0.0,1.0,1.0,4,0
26.913457544448207,3,0,2,5,0,0,5,0,2,5.517063153098002,0.0004014611143277396,0.0,0.4510166055187476,0.0,1.0,0.0,0.0,99.0,1,1
23.724596193371582,5,0,3,6,1,1,6,1,4,4.285852221532025,0.004179820984210645,0.0010805560118022706,0.4172932940582885,0.0,0.0,0.0,1.0,1.0,1,1
40.08170736022461,1,0,3,0,1,1,0,1,7,3.3317819900137335,0.0018011912768710705,0.0010338329023943807,0.270477320386106,0.0,1.0,0.0,1.0,1.0,3,0
12.533332096034897,0,0,4,6,4,4,6,4,6,5.270342056868717,0.013964115804359545,0.0005184384906465129,0.29338710020713965,0.0,0.0,0.0,0.0,3.0,0,0
41.30553390312053,1,0,2,2,2,2,2,2,6,3.7403429693543178,0.008723486896945111,3.244565994536815e-05,0.405412176378587,0.0,0.0,0.0,0.0,2.0,2,0
40.11088046402807,2,0,3,3,1,1,3,1,8,5.396035414654737,0.013620202010243674,0.0004552724120526079,0.21153046558305835,0.0,0.0,0.0,1.0,2.0,1,0
69.5782462237923,3,0,2,5,1,1,5,1,5,7.952221015003508,0.005793974492342811,0.0005316002094538654,0.33890494187047804,0.0,0.0,0.0,0.0,2.0,4,0
85.7147471468804,1,0,4,3,0,0,3,0,7,4.576961892178129,0.0009892849257901448,0.0,0.2749801472053749,0.0,0.0,0.0,1.0,99.0,1,1
31.127311919527948,2,0,2,3,1,1,3,1,7,2.2360308758567933,0.019165891838998025,0.0008245405517578694,0.25481793783765866,1.0,0.0,0.0,0.0,2.0,2,0
21.2006176173026,2,0,4,4,6,6,4,6,5,6.683335293555843,0.0023185308744707515,0.0007543292382731098,0.4925132150438105,0.0,0.0,0.0,0.0,2.0,1,0
18.509301906896177,5,1,9,2,2,2,2,2,5,3.3078655545099496,0.007243125342130061,0.000226827473938262,0.01857881276356129,0.0,1.0,0.0,1.0,3.0,3,0
14.740062219955485,1,0,9,4,0,0,4,0,7,4.1079011311688,0.0006312796081237456,0.0,0.2131662952849314,0.0,0.0,0.0,0.0,99.0,1,1
7.671918101377136,3,0,1,1,4,4,1,4,10,3.0227300395868686,0.007895995200225893,0.0019093645119426556,0.46578718214892273,0.0,0.0,0.0,0.0,2.0,3,0
23.86541292876454,2,1,1,5,3,3,5,3,6,1.7801960437954736,0.012757257708297604,0.000744306390124288,0.4647926118745843,0.0,0.0,0.0,0.0,1.0,1,0
19.1772548017326,4,0,1,2,2,2,2,2,1,5.843170279339735,0.0041982063464100095,0.0011687664685347834,0.3763799905514122,0.0,1.0,0.0,0.0,2.0,4,0
157.71860520933473,5,1,5,2,2,2,2,2,5,7.214728289115175,0.0038838548726944882,0.000709736109528281,0.30003409926369856,0.0,0.0,1.0,0.0,1.0,4,0
41.71040823443519,3,0,6,6,0,0,6,0,6,4.064399419571893,0.0004276155200686521,0.0,0.34851448000236224,0.0,0.0,0.0,0.0,99.0,1,1
24.197112298269538,3,0,5,3,0,0,3,0,5,6.196971298372928,0.00048689777657275225,0.0,0.13393377054300407,1.0,0.0,0.0,0.0,99.0,5,0
44.08765356301577,3,1,2,2,2,2,2,2,2,2.5496708898994433,0.0022575573796013567,0.00137937323930082,0.2493137702201518,0.0,0.0,0.0,0.0,1.0,6,0
11.745016587596513,2,0,5,2,4,4,2,4,5,3.8555883194645295,0.0016831208652412601,0.00026962028234515256,0.2726698715750079,0.0,0.0,0.0,0.0,2.0,1,0
31.417955304930633,3,0,4,3,0,0,3,0,6,2.35704495598291,0.0006776240215542418,0.0,0.04122349212295869,0.0,0.0,0.0,0.0,99.0,1,1
49.285679260190506,6,0,5,4,3,3,4,3,7,4.5331030034567155,0.013331691478444211,0.0004076116178344431,0.4344479383058899,0.0,0.0,0.0,0.0,1.0,3,0
35.20335969407638,2,0,2,2,5,5,2,5,3,4.37044918224867,0.0035210913100305395,8.120699382236569e-05,0.2337771092021456,0.0,0.0,0.0,0.0,3.0,1,0
28.12076126850884,1,0,2,5,3,3,5,3,5,3.7654876040164904,0.009105958936482958,0.0008011363246422656,0.4504618482752195,0.0,0.0,0.0,0.0,2.0,3,0
234.09685687741072,3,0,1,1,2,2,1,2,5,4.043536833885017,0.005756823261673657,0.0008844668603352906,0.201080421103826,0.0,0.0,0.0,1.0,3.0,5,0
100.53005001110586,1,1,7,3,0,0,3,0,3,2.614978201395353,0.0005021879965964169,0.0,0.21034488814434582,0.0,0.0,1.0,0.0,99.0,2,1
48.94643677130635,4,1,3,2,1,1,2,1,3,2.212645035570554,0.003070306823032101,0.004725358394037356,0.12966591031391203,0.0,0.0,0.0,0.0,2.0,5,0
42.91354041715116,5,0,1,3,5,5,3,5,1,4.713452933379259,0.003678613938348808,8.786941646778586e-05,0.32571813866185645,0.0,0.0,0.0,0.0,2.0,4,0
48.61956394939794,2,2,6,2,5,5,2,5,4,3.808502504208085,0.002482374993038071,0.0009405786907085786,0.2787637395710634,0.0,0.0,0.0,0.0,1.0,3,0
15.115326466360328,3,0,4,6,0,0,6,0,5,1.27961012729674,0.0007891656219493409,0.0,0.4573547939895888,0.0,0.0,0.0,0.0,99.0,1,1
27.62395347605886,0,0,6,2,6,6,2,6,8,2.112040626685203,0.0014260026844407016,4.051778957516304e-05,0.22032613258211073,0.0,0.0,0.0,1.0,2.0,1,0
6.811662486459209,1,1,1,3,3,3,3,3,4,1.06341306905193,0.006247465989702973,0.001018425236131029,0.3275566832055432,0.0,0.0,0.0,1.0,2.0,1,0
34.042893306961076,7,1,5,4,0,0,4,0,7,8.988047837814948,0.0009604598227026031,0.0,0.3567060103247861,0.0,0.0,0.0,0.0,99.0,2,1
40.240655768883855,6,1,4,3,1,1,3,1,3,2.190694025748014,0.001001106365870209,0.0043140833270282845,0.1667293077897588,1.0,0.0,0.0,0.0,2.0,2,0
16.630097245652557,2,0,2,5,2,2,5,2,6,4.92764575091053,0.0033943145086442355,0.00021447280707157743,0.44160478886929067,0.0,0.0,0.0,0.0,1.0,1,0
154.62670873548996,2,0,3,3,3,3,3,3,4,3.152011922268464,0.012219729482632617,0.00018238041721693607,0.19661709254221782,0.0,0.0,0.0,0.0,3.0,0,0
113.08568078293894,3,1,5,5,1,1,5,1,7,1.749737607641015,0.007873271828504214,0.0004389775788765343,0.3223060573196815,0.0,0.0,0.0,1.0,3.0,0,1
62.629229008570775,4,0,3,3,0,0,3,0,2,2.590521972130845,0.0003968433631074805,0.0,0.31176183331413193,0.0,0.0,0.0,0.0,99.0,2,1
39.30144183796696,3,0,4,2,15,15,2,15,6,4.853951454775389,0.00013473736964980955,0.00039160775025588864,0.21648985990121378,0.0,1.0,0.0,0.0,2.0,2,0
96.79926304321792,4,0,3,1,0,0,1,0,6,2.7954472678076567,0.0001566084859133499,0.0,0.09983679037888213,0.0,0.0,0.0,0.0,99.0,1,1
11.300547608430392,1,1,10,1,3,3,1,3,4,5.394734619875972,0.0013818183483877038,0.0012509792986313832,0.30032391913426487,0.0,0.0,0.0,0.0,3.0,2,0
75.33852311427057,4,0,2,0,0,0,0,0,7,2.041993731701055,0.0006495023928748259,0.0,0.19401190824732878,0.0,0.0,0.0,1.0,99.0,1,1
10.999698329841074,3,0,2,3,1,1,3,1,8,3.526599750827316,0.007389679076715389,4.717781063346796e-05,0.19575495962037168,0.0,1.0,0.0,0.0,3.0,1,0
76.14060202283758,4,0,6,2,9,9,2,9,4,4.49223487248741,0.013841142075388047,0.001269305309118205,0.2515315978048225,0.0,0.0,0.0,0.0,3.0,2,0
19.51893049061042,4,0,3,2,8,8,2,8,9,2.406851170549052,0.003191391408730332,0.00017625872518769466,0.34184801643081275,0.0,0.0,0.0,1.0,2.0,2,0
99.33384316777021,4,1,3,1,4,4,1,4,3,3.4154641035780773,0.009069914633840914,1.9867349290859228e-05,0.3675134689415721,0.0,0.0,0.0,1.0,2.0,2,0
134.74199958575736,3,0,6,4,1,1,4,1,6,2.4038131814151305,0.0039947248049873015,0.002487427057938558,0.2192654424041352,0.0,0.0,0.0,0.0,1.0,3,0
12.24965413465743,0,0,0,4,1,1,4,1,4,4.081838530242401,0.0003754928113513854,0.0026098269574152113,0.06874145801219123,0.0,0.0,0.0,0.0,3.0,0,0
32.95189757566025,4,0,5,6,1,1,6,1,1,2.189738944725181,1.9102313569397398e-05,0.0010022087291286445,0.3979400789379374,0.0,1.0,0.0,0.0,1.0,2,0
183.3193495914337,3,0,1,1,3,3,1,3,6,2.9813222738166343,0.002413739068394321,0.0018580470132311838,0.3380127470552255,0.0,0.0,0.0,0.0,1.0,2,0
34.722535661932156,6,0,9,3,1,1,3,1,6,3.6338267289894985,0.0009603991051080048,0.0005867569848852409,0.40233943120308263,0.0,0.0,0.0,0.0,2.0,1,0
94.63004938693457,1,0,3,0,4,4,0,4,4,3.490306242142186,0.0048185849163315825,0.00034242269772556216,0.16478517892495737,0.0,0.0,0.0,0.0,3.0,4,0
44.982907111591246,3,0,6,1,0,0,1,0,8,3.953134999738693,0.0003923018820647623,0.0,0.4554686226902539,0.0,0.0,0.0,0.0,99.0,0,1
26.173922957616387,3,0,0,8,1,1,8,1,4,1.6141792920402231,0.00854303258031724,0.00234058655407565,0.1387380976276136,0.0,0.0,0.0,0.0,1.0,3,1
20.145614857703414,3,1,3,3,0,0,3,0,7,5.846022112825288,0.00026890168133395144,0.0,0.15198421076382906,0.0,0.0,0.0,0.0,99.0,1,1
15.223124880877387,3,1,5,2,1,1,2,1,7,3.648309048060386,0.0005319857646896299,0.001772150163599234,0.27282429200558983,0.0,0.0,0.0,0.0,1.0,1,0
69.558666314763,2,0,3,2,0,0,2,0,4,3.254200220361742,0.0009327716351063989,0.0,0.4986977657038392,0.0,0.0,0.0,0.0,99.0,1,1
26.988846926106916,3,0,5,2,2,2,2,2,7,1.6661158032454153,0.0005067524434143291,0.0020617878580065133,0.10905479366380041,0.0,0.0,0.0,0.0,2.0,3,0
37.21803195263279,3,1,5,3,0,0,3,0,2,5.037182014531448,0.0008352525162002295,0.0,0.4208669773938515,0.0,0.0,0.0,1.0,99.0,4,1
35.50616354340091,3,0,6,4,1,1,4,1,9,5.874420781992255,0.003913409638990156,0.0006307287890818638,0.011152693605836659,0.0,0.0,0.0,1.0,1.0,1,1
43.746933252809754,2,0,6,1,13,13,1,13,5,12.943830795235382,0.0036628213310322005,0.0010241877913251267,0.12638558534392863,0.0,1.0,0.0,1.0,3.0,0,0
95.30441680609161,2,1,5,5,0,0,5,0,9,1.3414790303839077,0.0004389896664727595,0.0,0.17960944005874196,0.0,0.0,0.0,0.0,99.0,3,1
182.73608561010573,2,0,2,5,2,2,5,2,10,7.90383168267161,0.009937196678972046,0.0026114259887399047,0.327817725576043,0.0,0.0,0.0,0.0,2.0,1,0
28.559594311190008,5,0,4,4,1,1,4,1,4,4.007952701677839,0.011479479354177265,0.0003798374643096144,0.06574162522031411,0.0,0.0,0.0,0.0,2.0,0,1
